model,task,return_code,status,first_verified,input_dfy,raw_task_directory,implementation_file_count,implementation_files,launcher_files,output_directory,copied_files
deepseek-chat,Dafny_104_firstverified,0,SUCCESS,True,/u/mjha1/Proof2Silicon/journal_phase/dafny_to_rtl_pipeline/dafny_outputs/deepseek-chat/Dafny_104_firstverified.dfy,/u/mjha1/Proof2Silicon/journal_phase/dafny_to_rtl_pipeline/generated_python_raw/deepseek-chat/Dafny_104_firstverified-py,1,/u/mjha1/Proof2Silicon/journal_phase/dafny_to_rtl_pipeline/generated_python_raw/deepseek-chat/Dafny_104_firstverified-py/module_.py,/u/mjha1/Proof2Silicon/journal_phase/dafny_to_rtl_pipeline/generated_python_raw/deepseek-chat/Dafny_104_firstverified-py/__main__.py,/u/mjha1/Proof2Silicon/journal_phase/dafny_to_rtl_pipeline/generated_python/deepseek-chat/Dafny_104_firstverified,/u/mjha1/Proof2Silicon/journal_phase/dafny_to_rtl_pipeline/generated_python/deepseek-chat/Dafny_104_firstverified/module_.py;/u/mjha1/Proof2Silicon/journal_phase/dafny_to_rtl_pipeline/generated_python/deepseek-chat/Dafny_104_firstverified/__main__.py
deepseek-chat,Dafny_107,3,TRUE_TRANSLATION_FAILURE,False,/u/mjha1/Proof2Silicon/journal_phase/dafny_to_rtl_pipeline/dafny_outputs/deepseek-chat/Dafny_107.dfy,,0,,,,
deepseek-chat,Dafny_120,0,SUCCESS,False,/u/mjha1/Proof2Silicon/journal_phase/dafny_to_rtl_pipeline/dafny_outputs/deepseek-chat/Dafny_120.dfy,/u/mjha1/Proof2Silicon/journal_phase/dafny_to_rtl_pipeline/generated_python_raw/deepseek-chat/Dafny_120-py,1,/u/mjha1/Proof2Silicon/journal_phase/dafny_to_rtl_pipeline/generated_python_raw/deepseek-chat/Dafny_120-py/module_.py,/u/mjha1/Proof2Silicon/journal_phase/dafny_to_rtl_pipeline/generated_python_raw/deepseek-chat/Dafny_120-py/__main__.py,/u/mjha1/Proof2Silicon/journal_phase/dafny_to_rtl_pipeline/generated_python/deepseek-chat/Dafny_120,/u/mjha1/Proof2Silicon/journal_phase/dafny_to_rtl_pipeline/generated_python/deepseek-chat/Dafny_120/module_.py;/u/mjha1/Proof2Silicon/journal_phase/dafny_to_rtl_pipeline/generated_python/deepseek-chat/Dafny_120/__main__.py
deepseek-chat,Dafny_122_firstverified,0,SUCCESS,True,/u/mjha1/Proof2Silicon/journal_phase/dafny_to_rtl_pipeline/dafny_outputs/deepseek-chat/Dafny_122_firstverified.dfy,/u/mjha1/Proof2Silicon/journal_phase/dafny_to_rtl_pipeline/generated_python_raw/deepseek-chat/Dafny_122_firstverified-py,1,/u/mjha1/Proof2Silicon/journal_phase/dafny_to_rtl_pipeline/generated_python_raw/deepseek-chat/Dafny_122_firstverified-py/module_.py,/u/mjha1/Proof2Silicon/journal_phase/dafny_to_rtl_pipeline/generated_python_raw/deepseek-chat/Dafny_122_firstverified-py/__main__.py,/u/mjha1/Proof2Silicon/journal_phase/dafny_to_rtl_pipeline/generated_python/deepseek-chat/Dafny_122_firstverified,/u/mjha1/Proof2Silicon/journal_phase/dafny_to_rtl_pipeline/generated_python/deepseek-chat/Dafny_122_firstverified/module_.py;/u/mjha1/Proof2Silicon/journal_phase/dafny_to_rtl_pipeline/generated_python/deepseek-chat/Dafny_122_firstverified/__main__.py
deepseek-chat,Dafny_130_firstverified,0,SUCCESS,True,/u/mjha1/Proof2Silicon/journal_phase/dafny_to_rtl_pipeline/dafny_outputs/deepseek-chat/Dafny_130_firstverified.dfy,/u/mjha1/Proof2Silicon/journal_phase/dafny_to_rtl_pipeline/generated_python_raw/deepseek-chat/Dafny_130_firstverified-py,1,/u/mjha1/Proof2Silicon/journal_phase/dafny_to_rtl_pipeline/generated_python_raw/deepseek-chat/Dafny_130_firstverified-py/module_.py,/u/mjha1/Proof2Silicon/journal_phase/dafny_to_rtl_pipeline/generated_python_raw/deepseek-chat/Dafny_130_firstverified-py/__main__.py,/u/mjha1/Proof2Silicon/journal_phase/dafny_to_rtl_pipeline/generated_python/deepseek-chat/Dafny_130_firstverified,/u/mjha1/Proof2Silicon/journal_phase/dafny_to_rtl_pipeline/generated_python/deepseek-chat/Dafny_130_firstverified/module_.py;/u/mjha1/Proof2Silicon/journal_phase/dafny_to_rtl_pipeline/generated_python/deepseek-chat/Dafny_130_firstverified/__main__.py
deepseek-chat,Dafny_143_firstverified,0,SUCCESS,True,/u/mjha1/Proof2Silicon/journal_phase/dafny_to_rtl_pipeline/dafny_outputs/deepseek-chat/Dafny_143_firstverified.dfy,/u/mjha1/Proof2Silicon/journal_phase/dafny_to_rtl_pipeline/generated_python_raw/deepseek-chat/Dafny_143_firstverified-py,1,/u/mjha1/Proof2Silicon/journal_phase/dafny_to_rtl_pipeline/generated_python_raw/deepseek-chat/Dafny_143_firstverified-py/module_.py,/u/mjha1/Proof2Silicon/journal_phase/dafny_to_rtl_pipeline/generated_python_raw/deepseek-chat/Dafny_143_firstverified-py/__main__.py,/u/mjha1/Proof2Silicon/journal_phase/dafny_to_rtl_pipeline/generated_python/deepseek-chat/Dafny_143_firstverified,/u/mjha1/Proof2Silicon/journal_phase/dafny_to_rtl_pipeline/generated_python/deepseek-chat/Dafny_143_firstverified/module_.py;/u/mjha1/Proof2Silicon/journal_phase/dafny_to_rtl_pipeline/generated_python/deepseek-chat/Dafny_143_firstverified/__main__.py
deepseek-chat,Dafny_156_firstverified,3,TRUE_TRANSLATION_FAILURE,True,/u/mjha1/Proof2Silicon/journal_phase/dafny_to_rtl_pipeline/dafny_outputs/deepseek-chat/Dafny_156_firstverified.dfy,,0,,,,
deepseek-chat,Dafny_162_firstverified,0,SUCCESS,True,/u/mjha1/Proof2Silicon/journal_phase/dafny_to_rtl_pipeline/dafny_outputs/deepseek-chat/Dafny_162_firstverified.dfy,/u/mjha1/Proof2Silicon/journal_phase/dafny_to_rtl_pipeline/generated_python_raw/deepseek-chat/Dafny_162_firstverified-py,1,/u/mjha1/Proof2Silicon/journal_phase/dafny_to_rtl_pipeline/generated_python_raw/deepseek-chat/Dafny_162_firstverified-py/module_.py,/u/mjha1/Proof2Silicon/journal_phase/dafny_to_rtl_pipeline/generated_python_raw/deepseek-chat/Dafny_162_firstverified-py/__main__.py,/u/mjha1/Proof2Silicon/journal_phase/dafny_to_rtl_pipeline/generated_python/deepseek-chat/Dafny_162_firstverified,/u/mjha1/Proof2Silicon/journal_phase/dafny_to_rtl_pipeline/generated_python/deepseek-chat/Dafny_162_firstverified/module_.py;/u/mjha1/Proof2Silicon/journal_phase/dafny_to_rtl_pipeline/generated_python/deepseek-chat/Dafny_162_firstverified/__main__.py
deepseek-chat,Dafny_174_firstverified,0,SUCCESS,True,/u/mjha1/Proof2Silicon/journal_phase/dafny_to_rtl_pipeline/dafny_outputs/deepseek-chat/Dafny_174_firstverified.dfy,/u/mjha1/Proof2Silicon/journal_phase/dafny_to_rtl_pipeline/generated_python_raw/deepseek-chat/Dafny_174_firstverified-py,1,/u/mjha1/Proof2Silicon/journal_phase/dafny_to_rtl_pipeline/generated_python_raw/deepseek-chat/Dafny_174_firstverified-py/module_.py,/u/mjha1/Proof2Silicon/journal_phase/dafny_to_rtl_pipeline/generated_python_raw/deepseek-chat/Dafny_174_firstverified-py/__main__.py,/u/mjha1/Proof2Silicon/journal_phase/dafny_to_rtl_pipeline/generated_python/deepseek-chat/Dafny_174_firstverified,/u/mjha1/Proof2Silicon/journal_phase/dafny_to_rtl_pipeline/generated_python/deepseek-chat/Dafny_174_firstverified/module_.py;/u/mjha1/Proof2Silicon/journal_phase/dafny_to_rtl_pipeline/generated_python/deepseek-chat/Dafny_174_firstverified/__main__.py
deepseek-chat,Dafny_176_firstverified,0,SUCCESS,True,/u/mjha1/Proof2Silicon/journal_phase/dafny_to_rtl_pipeline/dafny_outputs/deepseek-chat/Dafny_176_firstverified.dfy,/u/mjha1/Proof2Silicon/journal_phase/dafny_to_rtl_pipeline/generated_python_raw/deepseek-chat/Dafny_176_firstverified-py,1,/u/mjha1/Proof2Silicon/journal_phase/dafny_to_rtl_pipeline/generated_python_raw/deepseek-chat/Dafny_176_firstverified-py/module_.py,/u/mjha1/Proof2Silicon/journal_phase/dafny_to_rtl_pipeline/generated_python_raw/deepseek-chat/Dafny_176_firstverified-py/__main__.py,/u/mjha1/Proof2Silicon/journal_phase/dafny_to_rtl_pipeline/generated_python/deepseek-chat/Dafny_176_firstverified,/u/mjha1/Proof2Silicon/journal_phase/dafny_to_rtl_pipeline/generated_python/deepseek-chat/Dafny_176_firstverified/module_.py;/u/mjha1/Proof2Silicon/journal_phase/dafny_to_rtl_pipeline/generated_python/deepseek-chat/Dafny_176_firstverified/__main__.py
deepseek-chat,Dafny_193_firstverified,0,SUCCESS,True,/u/mjha1/Proof2Silicon/journal_phase/dafny_to_rtl_pipeline/dafny_outputs/deepseek-chat/Dafny_193_firstverified.dfy,/u/mjha1/Proof2Silicon/journal_phase/dafny_to_rtl_pipeline/generated_python_raw/deepseek-chat/Dafny_193_firstverified-py,1,/u/mjha1/Proof2Silicon/journal_phase/dafny_to_rtl_pipeline/generated_python_raw/deepseek-chat/Dafny_193_firstverified-py/module_.py,/u/mjha1/Proof2Silicon/journal_phase/dafny_to_rtl_pipeline/generated_python_raw/deepseek-chat/Dafny_193_firstverified-py/__main__.py,/u/mjha1/Proof2Silicon/journal_phase/dafny_to_rtl_pipeline/generated_python/deepseek-chat/Dafny_193_firstverified,/u/mjha1/Proof2Silicon/journal_phase/dafny_to_rtl_pipeline/generated_python/deepseek-chat/Dafny_193_firstverified/module_.py;/u/mjha1/Proof2Silicon/journal_phase/dafny_to_rtl_pipeline/generated_python/deepseek-chat/Dafny_193_firstverified/__main__.py
deepseek-chat,Dafny_194_firstverified,0,SUCCESS,True,/u/mjha1/Proof2Silicon/journal_phase/dafny_to_rtl_pipeline/dafny_outputs/deepseek-chat/Dafny_194_firstverified.dfy,/u/mjha1/Proof2Silicon/journal_phase/dafny_to_rtl_pipeline/generated_python_raw/deepseek-chat/Dafny_194_firstverified-py,1,/u/mjha1/Proof2Silicon/journal_phase/dafny_to_rtl_pipeline/generated_python_raw/deepseek-chat/Dafny_194_firstverified-py/module_.py,/u/mjha1/Proof2Silicon/journal_phase/dafny_to_rtl_pipeline/generated_python_raw/deepseek-chat/Dafny_194_firstverified-py/__main__.py,/u/mjha1/Proof2Silicon/journal_phase/dafny_to_rtl_pipeline/generated_python/deepseek-chat/Dafny_194_firstverified,/u/mjha1/Proof2Silicon/journal_phase/dafny_to_rtl_pipeline/generated_python/deepseek-chat/Dafny_194_firstverified/module_.py;/u/mjha1/Proof2Silicon/journal_phase/dafny_to_rtl_pipeline/generated_python/deepseek-chat/Dafny_194_firstverified/__main__.py
deepseek-chat,Dafny_207_firstverified,0,SUCCESS,True,/u/mjha1/Proof2Silicon/journal_phase/dafny_to_rtl_pipeline/dafny_outputs/deepseek-chat/Dafny_207_firstverified.dfy,/u/mjha1/Proof2Silicon/journal_phase/dafny_to_rtl_pipeline/generated_python_raw/deepseek-chat/Dafny_207_firstverified-py,1,/u/mjha1/Proof2Silicon/journal_phase/dafny_to_rtl_pipeline/generated_python_raw/deepseek-chat/Dafny_207_firstverified-py/module_.py,/u/mjha1/Proof2Silicon/journal_phase/dafny_to_rtl_pipeline/generated_python_raw/deepseek-chat/Dafny_207_firstverified-py/__main__.py,/u/mjha1/Proof2Silicon/journal_phase/dafny_to_rtl_pipeline/generated_python/deepseek-chat/Dafny_207_firstverified,/u/mjha1/Proof2Silicon/journal_phase/dafny_to_rtl_pipeline/generated_python/deepseek-chat/Dafny_207_firstverified/module_.py;/u/mjha1/Proof2Silicon/journal_phase/dafny_to_rtl_pipeline/generated_python/deepseek-chat/Dafny_207_firstverified/__main__.py
deepseek-chat,Dafny_229_firstverified,0,SUCCESS,True,/u/mjha1/Proof2Silicon/journal_phase/dafny_to_rtl_pipeline/dafny_outputs/deepseek-chat/Dafny_229_firstverified.dfy,/u/mjha1/Proof2Silicon/journal_phase/dafny_to_rtl_pipeline/generated_python_raw/deepseek-chat/Dafny_229_firstverified-py,1,/u/mjha1/Proof2Silicon/journal_phase/dafny_to_rtl_pipeline/generated_python_raw/deepseek-chat/Dafny_229_firstverified-py/module_.py,/u/mjha1/Proof2Silicon/journal_phase/dafny_to_rtl_pipeline/generated_python_raw/deepseek-chat/Dafny_229_firstverified-py/__main__.py,/u/mjha1/Proof2Silicon/journal_phase/dafny_to_rtl_pipeline/generated_python/deepseek-chat/Dafny_229_firstverified,/u/mjha1/Proof2Silicon/journal_phase/dafny_to_rtl_pipeline/generated_python/deepseek-chat/Dafny_229_firstverified/module_.py;/u/mjha1/Proof2Silicon/journal_phase/dafny_to_rtl_pipeline/generated_python/deepseek-chat/Dafny_229_firstverified/__main__.py
deepseek-chat,Dafny_232_firstverified,0,SUCCESS,True,/u/mjha1/Proof2Silicon/journal_phase/dafny_to_rtl_pipeline/dafny_outputs/deepseek-chat/Dafny_232_firstverified.dfy,/u/mjha1/Proof2Silicon/journal_phase/dafny_to_rtl_pipeline/generated_python_raw/deepseek-chat/Dafny_232_firstverified-py,1,/u/mjha1/Proof2Silicon/journal_phase/dafny_to_rtl_pipeline/generated_python_raw/deepseek-chat/Dafny_232_firstverified-py/module_.py,/u/mjha1/Proof2Silicon/journal_phase/dafny_to_rtl_pipeline/generated_python_raw/deepseek-chat/Dafny_232_firstverified-py/__main__.py,/u/mjha1/Proof2Silicon/journal_phase/dafny_to_rtl_pipeline/generated_python/deepseek-chat/Dafny_232_firstverified,/u/mjha1/Proof2Silicon/journal_phase/dafny_to_rtl_pipeline/generated_python/deepseek-chat/Dafny_232_firstverified/module_.py;/u/mjha1/Proof2Silicon/journal_phase/dafny_to_rtl_pipeline/generated_python/deepseek-chat/Dafny_232_firstverified/__main__.py
deepseek-chat,Dafny_233_firstverified,0,SUCCESS,True,/u/mjha1/Proof2Silicon/journal_phase/dafny_to_rtl_pipeline/dafny_outputs/deepseek-chat/Dafny_233_firstverified.dfy,/u/mjha1/Proof2Silicon/journal_phase/dafny_to_rtl_pipeline/generated_python_raw/deepseek-chat/Dafny_233_firstverified-py,2,/u/mjha1/Proof2Silicon/journal_phase/dafny_to_rtl_pipeline/generated_python_raw/deepseek-chat/Dafny_233_firstverified-py/AbsMax.py;/u/mjha1/Proof2Silicon/journal_phase/dafny_to_rtl_pipeline/generated_python_raw/deepseek-chat/Dafny_233_firstverified-py/module_.py,/u/mjha1/Proof2Silicon/journal_phase/dafny_to_rtl_pipeline/generated_python_raw/deepseek-chat/Dafny_233_firstverified-py/__main__.py,/u/mjha1/Proof2Silicon/journal_phase/dafny_to_rtl_pipeline/generated_python/deepseek-chat/Dafny_233_firstverified,/u/mjha1/Proof2Silicon/journal_phase/dafny_to_rtl_pipeline/generated_python/deepseek-chat/Dafny_233_firstverified/AbsMax.py;/u/mjha1/Proof2Silicon/journal_phase/dafny_to_rtl_pipeline/generated_python/deepseek-chat/Dafny_233_firstverified/module_.py;/u/mjha1/Proof2Silicon/journal_phase/dafny_to_rtl_pipeline/generated_python/deepseek-chat/Dafny_233_firstverified/__main__.py
deepseek-chat,Dafny_254_firstverified,0,SUCCESS,True,/u/mjha1/Proof2Silicon/journal_phase/dafny_to_rtl_pipeline/dafny_outputs/deepseek-chat/Dafny_254_firstverified.dfy,/u/mjha1/Proof2Silicon/journal_phase/dafny_to_rtl_pipeline/generated_python_raw/deepseek-chat/Dafny_254_firstverified-py,1,/u/mjha1/Proof2Silicon/journal_phase/dafny_to_rtl_pipeline/generated_python_raw/deepseek-chat/Dafny_254_firstverified-py/module_.py,/u/mjha1/Proof2Silicon/journal_phase/dafny_to_rtl_pipeline/generated_python_raw/deepseek-chat/Dafny_254_firstverified-py/__main__.py,/u/mjha1/Proof2Silicon/journal_phase/dafny_to_rtl_pipeline/generated_python/deepseek-chat/Dafny_254_firstverified,/u/mjha1/Proof2Silicon/journal_phase/dafny_to_rtl_pipeline/generated_python/deepseek-chat/Dafny_254_firstverified/module_.py;/u/mjha1/Proof2Silicon/journal_phase/dafny_to_rtl_pipeline/generated_python/deepseek-chat/Dafny_254_firstverified/__main__.py
deepseek-chat,Dafny_263_firstverified,0,SUCCESS,True,/u/mjha1/Proof2Silicon/journal_phase/dafny_to_rtl_pipeline/dafny_outputs/deepseek-chat/Dafny_263_firstverified.dfy,/u/mjha1/Proof2Silicon/journal_phase/dafny_to_rtl_pipeline/generated_python_raw/deepseek-chat/Dafny_263_firstverified-py,1,/u/mjha1/Proof2Silicon/journal_phase/dafny_to_rtl_pipeline/generated_python_raw/deepseek-chat/Dafny_263_firstverified-py/module_.py,/u/mjha1/Proof2Silicon/journal_phase/dafny_to_rtl_pipeline/generated_python_raw/deepseek-chat/Dafny_263_firstverified-py/__main__.py,/u/mjha1/Proof2Silicon/journal_phase/dafny_to_rtl_pipeline/generated_python/deepseek-chat/Dafny_263_firstverified,/u/mjha1/Proof2Silicon/journal_phase/dafny_to_rtl_pipeline/generated_python/deepseek-chat/Dafny_263_firstverified/module_.py;/u/mjha1/Proof2Silicon/journal_phase/dafny_to_rtl_pipeline/generated_python/deepseek-chat/Dafny_263_firstverified/__main__.py
deepseek-chat,Dafny_264_firstverified,0,SUCCESS,True,/u/mjha1/Proof2Silicon/journal_phase/dafny_to_rtl_pipeline/dafny_outputs/deepseek-chat/Dafny_264_firstverified.dfy,/u/mjha1/Proof2Silicon/journal_phase/dafny_to_rtl_pipeline/generated_python_raw/deepseek-chat/Dafny_264_firstverified-py,1,/u/mjha1/Proof2Silicon/journal_phase/dafny_to_rtl_pipeline/generated_python_raw/deepseek-chat/Dafny_264_firstverified-py/module_.py,/u/mjha1/Proof2Silicon/journal_phase/dafny_to_rtl_pipeline/generated_python_raw/deepseek-chat/Dafny_264_firstverified-py/__main__.py,/u/mjha1/Proof2Silicon/journal_phase/dafny_to_rtl_pipeline/generated_python/deepseek-chat/Dafny_264_firstverified,/u/mjha1/Proof2Silicon/journal_phase/dafny_to_rtl_pipeline/generated_python/deepseek-chat/Dafny_264_firstverified/module_.py;/u/mjha1/Proof2Silicon/journal_phase/dafny_to_rtl_pipeline/generated_python/deepseek-chat/Dafny_264_firstverified/__main__.py
deepseek-chat,Dafny_267_firstverified,0,SUCCESS,True,/u/mjha1/Proof2Silicon/journal_phase/dafny_to_rtl_pipeline/dafny_outputs/deepseek-chat/Dafny_267_firstverified.dfy,/u/mjha1/Proof2Silicon/journal_phase/dafny_to_rtl_pipeline/generated_python_raw/deepseek-chat/Dafny_267_firstverified-py,1,/u/mjha1/Proof2Silicon/journal_phase/dafny_to_rtl_pipeline/generated_python_raw/deepseek-chat/Dafny_267_firstverified-py/module_.py,/u/mjha1/Proof2Silicon/journal_phase/dafny_to_rtl_pipeline/generated_python_raw/deepseek-chat/Dafny_267_firstverified-py/__main__.py,/u/mjha1/Proof2Silicon/journal_phase/dafny_to_rtl_pipeline/generated_python/deepseek-chat/Dafny_267_firstverified,/u/mjha1/Proof2Silicon/journal_phase/dafny_to_rtl_pipeline/generated_python/deepseek-chat/Dafny_267_firstverified/module_.py;/u/mjha1/Proof2Silicon/journal_phase/dafny_to_rtl_pipeline/generated_python/deepseek-chat/Dafny_267_firstverified/__main__.py
deepseek-chat,Dafny_279_firstverified,0,SUCCESS,True,/u/mjha1/Proof2Silicon/journal_phase/dafny_to_rtl_pipeline/dafny_outputs/deepseek-chat/Dafny_279_firstverified.dfy,/u/mjha1/Proof2Silicon/journal_phase/dafny_to_rtl_pipeline/generated_python_raw/deepseek-chat/Dafny_279_firstverified-py,1,/u/mjha1/Proof2Silicon/journal_phase/dafny_to_rtl_pipeline/generated_python_raw/deepseek-chat/Dafny_279_firstverified-py/module_.py,/u/mjha1/Proof2Silicon/journal_phase/dafny_to_rtl_pipeline/generated_python_raw/deepseek-chat/Dafny_279_firstverified-py/__main__.py,/u/mjha1/Proof2Silicon/journal_phase/dafny_to_rtl_pipeline/generated_python/deepseek-chat/Dafny_279_firstverified,/u/mjha1/Proof2Silicon/journal_phase/dafny_to_rtl_pipeline/generated_python/deepseek-chat/Dafny_279_firstverified/module_.py;/u/mjha1/Proof2Silicon/journal_phase/dafny_to_rtl_pipeline/generated_python/deepseek-chat/Dafny_279_firstverified/__main__.py
deepseek-chat,Dafny_283_firstverified,0,SUCCESS,True,/u/mjha1/Proof2Silicon/journal_phase/dafny_to_rtl_pipeline/dafny_outputs/deepseek-chat/Dafny_283_firstverified.dfy,/u/mjha1/Proof2Silicon/journal_phase/dafny_to_rtl_pipeline/generated_python_raw/deepseek-chat/Dafny_283_firstverified-py,1,/u/mjha1/Proof2Silicon/journal_phase/dafny_to_rtl_pipeline/generated_python_raw/deepseek-chat/Dafny_283_firstverified-py/module_.py,/u/mjha1/Proof2Silicon/journal_phase/dafny_to_rtl_pipeline/generated_python_raw/deepseek-chat/Dafny_283_firstverified-py/__main__.py,/u/mjha1/Proof2Silicon/journal_phase/dafny_to_rtl_pipeline/generated_python/deepseek-chat/Dafny_283_firstverified,/u/mjha1/Proof2Silicon/journal_phase/dafny_to_rtl_pipeline/generated_python/deepseek-chat/Dafny_283_firstverified/module_.py;/u/mjha1/Proof2Silicon/journal_phase/dafny_to_rtl_pipeline/generated_python/deepseek-chat/Dafny_283_firstverified/__main__.py
deepseek-chat,Dafny_289_firstverified,0,SUCCESS,True,/u/mjha1/Proof2Silicon/journal_phase/dafny_to_rtl_pipeline/dafny_outputs/deepseek-chat/Dafny_289_firstverified.dfy,/u/mjha1/Proof2Silicon/journal_phase/dafny_to_rtl_pipeline/generated_python_raw/deepseek-chat/Dafny_289_firstverified-py,1,/u/mjha1/Proof2Silicon/journal_phase/dafny_to_rtl_pipeline/generated_python_raw/deepseek-chat/Dafny_289_firstverified-py/module_.py,/u/mjha1/Proof2Silicon/journal_phase/dafny_to_rtl_pipeline/generated_python_raw/deepseek-chat/Dafny_289_firstverified-py/__main__.py,/u/mjha1/Proof2Silicon/journal_phase/dafny_to_rtl_pipeline/generated_python/deepseek-chat/Dafny_289_firstverified,/u/mjha1/Proof2Silicon/journal_phase/dafny_to_rtl_pipeline/generated_python/deepseek-chat/Dafny_289_firstverified/module_.py;/u/mjha1/Proof2Silicon/journal_phase/dafny_to_rtl_pipeline/generated_python/deepseek-chat/Dafny_289_firstverified/__main__.py
deepseek-chat,Dafny_290_firstverified,0,SUCCESS,True,/u/mjha1/Proof2Silicon/journal_phase/dafny_to_rtl_pipeline/dafny_outputs/deepseek-chat/Dafny_290_firstverified.dfy,/u/mjha1/Proof2Silicon/journal_phase/dafny_to_rtl_pipeline/generated_python_raw/deepseek-chat/Dafny_290_firstverified-py,1,/u/mjha1/Proof2Silicon/journal_phase/dafny_to_rtl_pipeline/generated_python_raw/deepseek-chat/Dafny_290_firstverified-py/module_.py,/u/mjha1/Proof2Silicon/journal_phase/dafny_to_rtl_pipeline/generated_python_raw/deepseek-chat/Dafny_290_firstverified-py/__main__.py,/u/mjha1/Proof2Silicon/journal_phase/dafny_to_rtl_pipeline/generated_python/deepseek-chat/Dafny_290_firstverified,/u/mjha1/Proof2Silicon/journal_phase/dafny_to_rtl_pipeline/generated_python/deepseek-chat/Dafny_290_firstverified/module_.py;/u/mjha1/Proof2Silicon/journal_phase/dafny_to_rtl_pipeline/generated_python/deepseek-chat/Dafny_290_firstverified/__main__.py
deepseek-chat,Dafny_293_firstverified,0,SUCCESS,True,/u/mjha1/Proof2Silicon/journal_phase/dafny_to_rtl_pipeline/dafny_outputs/deepseek-chat/Dafny_293_firstverified.dfy,/u/mjha1/Proof2Silicon/journal_phase/dafny_to_rtl_pipeline/generated_python_raw/deepseek-chat/Dafny_293_firstverified-py,1,/u/mjha1/Proof2Silicon/journal_phase/dafny_to_rtl_pipeline/generated_python_raw/deepseek-chat/Dafny_293_firstverified-py/module_.py,/u/mjha1/Proof2Silicon/journal_phase/dafny_to_rtl_pipeline/generated_python_raw/deepseek-chat/Dafny_293_firstverified-py/__main__.py,/u/mjha1/Proof2Silicon/journal_phase/dafny_to_rtl_pipeline/generated_python/deepseek-chat/Dafny_293_firstverified,/u/mjha1/Proof2Silicon/journal_phase/dafny_to_rtl_pipeline/generated_python/deepseek-chat/Dafny_293_firstverified/module_.py;/u/mjha1/Proof2Silicon/journal_phase/dafny_to_rtl_pipeline/generated_python/deepseek-chat/Dafny_293_firstverified/__main__.py
deepseek-chat,Dafny_299,0,SUCCESS,False,/u/mjha1/Proof2Silicon/journal_phase/dafny_to_rtl_pipeline/dafny_outputs/deepseek-chat/Dafny_299.dfy,/u/mjha1/Proof2Silicon/journal_phase/dafny_to_rtl_pipeline/generated_python_raw/deepseek-chat/Dafny_299-py,2,/u/mjha1/Proof2Silicon/journal_phase/dafny_to_rtl_pipeline/generated_python_raw/deepseek-chat/Dafny_299-py/ElementWiseSubtraction.py;/u/mjha1/Proof2Silicon/journal_phase/dafny_to_rtl_pipeline/generated_python_raw/deepseek-chat/Dafny_299-py/module_.py,/u/mjha1/Proof2Silicon/journal_phase/dafny_to_rtl_pipeline/generated_python_raw/deepseek-chat/Dafny_299-py/__main__.py,/u/mjha1/Proof2Silicon/journal_phase/dafny_to_rtl_pipeline/generated_python/deepseek-chat/Dafny_299,/u/mjha1/Proof2Silicon/journal_phase/dafny_to_rtl_pipeline/generated_python/deepseek-chat/Dafny_299/ElementWiseSubtraction.py;/u/mjha1/Proof2Silicon/journal_phase/dafny_to_rtl_pipeline/generated_python/deepseek-chat/Dafny_299/module_.py;/u/mjha1/Proof2Silicon/journal_phase/dafny_to_rtl_pipeline/generated_python/deepseek-chat/Dafny_299/__main__.py
deepseek-chat,Dafny_303_firstverified,0,SUCCESS,True,/u/mjha1/Proof2Silicon/journal_phase/dafny_to_rtl_pipeline/dafny_outputs/deepseek-chat/Dafny_303_firstverified.dfy,/u/mjha1/Proof2Silicon/journal_phase/dafny_to_rtl_pipeline/generated_python_raw/deepseek-chat/Dafny_303_firstverified-py,1,/u/mjha1/Proof2Silicon/journal_phase/dafny_to_rtl_pipeline/generated_python_raw/deepseek-chat/Dafny_303_firstverified-py/module_.py,/u/mjha1/Proof2Silicon/journal_phase/dafny_to_rtl_pipeline/generated_python_raw/deepseek-chat/Dafny_303_firstverified-py/__main__.py,/u/mjha1/Proof2Silicon/journal_phase/dafny_to_rtl_pipeline/generated_python/deepseek-chat/Dafny_303_firstverified,/u/mjha1/Proof2Silicon/journal_phase/dafny_to_rtl_pipeline/generated_python/deepseek-chat/Dafny_303_firstverified/module_.py;/u/mjha1/Proof2Silicon/journal_phase/dafny_to_rtl_pipeline/generated_python/deepseek-chat/Dafny_303_firstverified/__main__.py
deepseek-chat,Dafny_311_firstverified,0,SUCCESS,True,/u/mjha1/Proof2Silicon/journal_phase/dafny_to_rtl_pipeline/dafny_outputs/deepseek-chat/Dafny_311_firstverified.dfy,/u/mjha1/Proof2Silicon/journal_phase/dafny_to_rtl_pipeline/generated_python_raw/deepseek-chat/Dafny_311_firstverified-py,1,/u/mjha1/Proof2Silicon/journal_phase/dafny_to_rtl_pipeline/generated_python_raw/deepseek-chat/Dafny_311_firstverified-py/module_.py,/u/mjha1/Proof2Silicon/journal_phase/dafny_to_rtl_pipeline/generated_python_raw/deepseek-chat/Dafny_311_firstverified-py/__main__.py,/u/mjha1/Proof2Silicon/journal_phase/dafny_to_rtl_pipeline/generated_python/deepseek-chat/Dafny_311_firstverified,/u/mjha1/Proof2Silicon/journal_phase/dafny_to_rtl_pipeline/generated_python/deepseek-chat/Dafny_311_firstverified/module_.py;/u/mjha1/Proof2Silicon/journal_phase/dafny_to_rtl_pipeline/generated_python/deepseek-chat/Dafny_311_firstverified/__main__.py
deepseek-chat,Dafny_322_firstverified,0,SUCCESS,True,/u/mjha1/Proof2Silicon/journal_phase/dafny_to_rtl_pipeline/dafny_outputs/deepseek-chat/Dafny_322_firstverified.dfy,/u/mjha1/Proof2Silicon/journal_phase/dafny_to_rtl_pipeline/generated_python_raw/deepseek-chat/Dafny_322_firstverified-py,1,/u/mjha1/Proof2Silicon/journal_phase/dafny_to_rtl_pipeline/generated_python_raw/deepseek-chat/Dafny_322_firstverified-py/module_.py,/u/mjha1/Proof2Silicon/journal_phase/dafny_to_rtl_pipeline/generated_python_raw/deepseek-chat/Dafny_322_firstverified-py/__main__.py,/u/mjha1/Proof2Silicon/journal_phase/dafny_to_rtl_pipeline/generated_python/deepseek-chat/Dafny_322_firstverified,/u/mjha1/Proof2Silicon/journal_phase/dafny_to_rtl_pipeline/generated_python/deepseek-chat/Dafny_322_firstverified/module_.py;/u/mjha1/Proof2Silicon/journal_phase/dafny_to_rtl_pipeline/generated_python/deepseek-chat/Dafny_322_firstverified/__main__.py
deepseek-chat,Dafny_323,0,SUCCESS,False,/u/mjha1/Proof2Silicon/journal_phase/dafny_to_rtl_pipeline/dafny_outputs/deepseek-chat/Dafny_323.dfy,/u/mjha1/Proof2Silicon/journal_phase/dafny_to_rtl_pipeline/generated_python_raw/deepseek-chat/Dafny_323-py,1,/u/mjha1/Proof2Silicon/journal_phase/dafny_to_rtl_pipeline/generated_python_raw/deepseek-chat/Dafny_323-py/module_.py,/u/mjha1/Proof2Silicon/journal_phase/dafny_to_rtl_pipeline/generated_python_raw/deepseek-chat/Dafny_323-py/__main__.py,/u/mjha1/Proof2Silicon/journal_phase/dafny_to_rtl_pipeline/generated_python/deepseek-chat/Dafny_323,/u/mjha1/Proof2Silicon/journal_phase/dafny_to_rtl_pipeline/generated_python/deepseek-chat/Dafny_323/module_.py;/u/mjha1/Proof2Silicon/journal_phase/dafny_to_rtl_pipeline/generated_python/deepseek-chat/Dafny_323/__main__.py
deepseek-chat,Dafny_326_firstverified,0,SUCCESS,True,/u/mjha1/Proof2Silicon/journal_phase/dafny_to_rtl_pipeline/dafny_outputs/deepseek-chat/Dafny_326_firstverified.dfy,/u/mjha1/Proof2Silicon/journal_phase/dafny_to_rtl_pipeline/generated_python_raw/deepseek-chat/Dafny_326_firstverified-py,1,/u/mjha1/Proof2Silicon/journal_phase/dafny_to_rtl_pipeline/generated_python_raw/deepseek-chat/Dafny_326_firstverified-py/module_.py,/u/mjha1/Proof2Silicon/journal_phase/dafny_to_rtl_pipeline/generated_python_raw/deepseek-chat/Dafny_326_firstverified-py/__main__.py,/u/mjha1/Proof2Silicon/journal_phase/dafny_to_rtl_pipeline/generated_python/deepseek-chat/Dafny_326_firstverified,/u/mjha1/Proof2Silicon/journal_phase/dafny_to_rtl_pipeline/generated_python/deepseek-chat/Dafny_326_firstverified/module_.py;/u/mjha1/Proof2Silicon/journal_phase/dafny_to_rtl_pipeline/generated_python/deepseek-chat/Dafny_326_firstverified/__main__.py
deepseek-chat,Dafny_333_firstverified,0,SUCCESS,True,/u/mjha1/Proof2Silicon/journal_phase/dafny_to_rtl_pipeline/dafny_outputs/deepseek-chat/Dafny_333_firstverified.dfy,/u/mjha1/Proof2Silicon/journal_phase/dafny_to_rtl_pipeline/generated_python_raw/deepseek-chat/Dafny_333_firstverified-py,1,/u/mjha1/Proof2Silicon/journal_phase/dafny_to_rtl_pipeline/generated_python_raw/deepseek-chat/Dafny_333_firstverified-py/module_.py,/u/mjha1/Proof2Silicon/journal_phase/dafny_to_rtl_pipeline/generated_python_raw/deepseek-chat/Dafny_333_firstverified-py/__main__.py,/u/mjha1/Proof2Silicon/journal_phase/dafny_to_rtl_pipeline/generated_python/deepseek-chat/Dafny_333_firstverified,/u/mjha1/Proof2Silicon/journal_phase/dafny_to_rtl_pipeline/generated_python/deepseek-chat/Dafny_333_firstverified/module_.py;/u/mjha1/Proof2Silicon/journal_phase/dafny_to_rtl_pipeline/generated_python/deepseek-chat/Dafny_333_firstverified/__main__.py
deepseek-chat,Dafny_355_firstverified,0,SUCCESS,True,/u/mjha1/Proof2Silicon/journal_phase/dafny_to_rtl_pipeline/dafny_outputs/deepseek-chat/Dafny_355_firstverified.dfy,/u/mjha1/Proof2Silicon/journal_phase/dafny_to_rtl_pipeline/generated_python_raw/deepseek-chat/Dafny_355_firstverified-py,1,/u/mjha1/Proof2Silicon/journal_phase/dafny_to_rtl_pipeline/generated_python_raw/deepseek-chat/Dafny_355_firstverified-py/module_.py,/u/mjha1/Proof2Silicon/journal_phase/dafny_to_rtl_pipeline/generated_python_raw/deepseek-chat/Dafny_355_firstverified-py/__main__.py,/u/mjha1/Proof2Silicon/journal_phase/dafny_to_rtl_pipeline/generated_python/deepseek-chat/Dafny_355_firstverified,/u/mjha1/Proof2Silicon/journal_phase/dafny_to_rtl_pipeline/generated_python/deepseek-chat/Dafny_355_firstverified/module_.py;/u/mjha1/Proof2Silicon/journal_phase/dafny_to_rtl_pipeline/generated_python/deepseek-chat/Dafny_355_firstverified/__main__.py
deepseek-chat,Dafny_357_firstverified,0,SUCCESS,True,/u/mjha1/Proof2Silicon/journal_phase/dafny_to_rtl_pipeline/dafny_outputs/deepseek-chat/Dafny_357_firstverified.dfy,/u/mjha1/Proof2Silicon/journal_phase/dafny_to_rtl_pipeline/generated_python_raw/deepseek-chat/Dafny_357_firstverified-py,1,/u/mjha1/Proof2Silicon/journal_phase/dafny_to_rtl_pipeline/generated_python_raw/deepseek-chat/Dafny_357_firstverified-py/module_.py,/u/mjha1/Proof2Silicon/journal_phase/dafny_to_rtl_pipeline/generated_python_raw/deepseek-chat/Dafny_357_firstverified-py/__main__.py,/u/mjha1/Proof2Silicon/journal_phase/dafny_to_rtl_pipeline/generated_python/deepseek-chat/Dafny_357_firstverified,/u/mjha1/Proof2Silicon/journal_phase/dafny_to_rtl_pipeline/generated_python/deepseek-chat/Dafny_357_firstverified/module_.py;/u/mjha1/Proof2Silicon/journal_phase/dafny_to_rtl_pipeline/generated_python/deepseek-chat/Dafny_357_firstverified/__main__.py
deepseek-chat,Dafny_365_firstverified,0,SUCCESS,True,/u/mjha1/Proof2Silicon/journal_phase/dafny_to_rtl_pipeline/dafny_outputs/deepseek-chat/Dafny_365_firstverified.dfy,/u/mjha1/Proof2Silicon/journal_phase/dafny_to_rtl_pipeline/generated_python_raw/deepseek-chat/Dafny_365_firstverified-py,1,/u/mjha1/Proof2Silicon/journal_phase/dafny_to_rtl_pipeline/generated_python_raw/deepseek-chat/Dafny_365_firstverified-py/module_.py,/u/mjha1/Proof2Silicon/journal_phase/dafny_to_rtl_pipeline/generated_python_raw/deepseek-chat/Dafny_365_firstverified-py/__main__.py,/u/mjha1/Proof2Silicon/journal_phase/dafny_to_rtl_pipeline/generated_python/deepseek-chat/Dafny_365_firstverified,/u/mjha1/Proof2Silicon/journal_phase/dafny_to_rtl_pipeline/generated_python/deepseek-chat/Dafny_365_firstverified/module_.py;/u/mjha1/Proof2Silicon/journal_phase/dafny_to_rtl_pipeline/generated_python/deepseek-chat/Dafny_365_firstverified/__main__.py
deepseek-chat,Dafny_369_firstverified,0,SUCCESS,True,/u/mjha1/Proof2Silicon/journal_phase/dafny_to_rtl_pipeline/dafny_outputs/deepseek-chat/Dafny_369_firstverified.dfy,/u/mjha1/Proof2Silicon/journal_phase/dafny_to_rtl_pipeline/generated_python_raw/deepseek-chat/Dafny_369_firstverified-py,1,/u/mjha1/Proof2Silicon/journal_phase/dafny_to_rtl_pipeline/generated_python_raw/deepseek-chat/Dafny_369_firstverified-py/module_.py,/u/mjha1/Proof2Silicon/journal_phase/dafny_to_rtl_pipeline/generated_python_raw/deepseek-chat/Dafny_369_firstverified-py/__main__.py,/u/mjha1/Proof2Silicon/journal_phase/dafny_to_rtl_pipeline/generated_python/deepseek-chat/Dafny_369_firstverified,/u/mjha1/Proof2Silicon/journal_phase/dafny_to_rtl_pipeline/generated_python/deepseek-chat/Dafny_369_firstverified/module_.py;/u/mjha1/Proof2Silicon/journal_phase/dafny_to_rtl_pipeline/generated_python/deepseek-chat/Dafny_369_firstverified/__main__.py
deepseek-chat,Dafny_372_firstverified,0,SUCCESS,True,/u/mjha1/Proof2Silicon/journal_phase/dafny_to_rtl_pipeline/dafny_outputs/deepseek-chat/Dafny_372_firstverified.dfy,/u/mjha1/Proof2Silicon/journal_phase/dafny_to_rtl_pipeline/generated_python_raw/deepseek-chat/Dafny_372_firstverified-py,1,/u/mjha1/Proof2Silicon/journal_phase/dafny_to_rtl_pipeline/generated_python_raw/deepseek-chat/Dafny_372_firstverified-py/module_.py,/u/mjha1/Proof2Silicon/journal_phase/dafny_to_rtl_pipeline/generated_python_raw/deepseek-chat/Dafny_372_firstverified-py/__main__.py,/u/mjha1/Proof2Silicon/journal_phase/dafny_to_rtl_pipeline/generated_python/deepseek-chat/Dafny_372_firstverified,/u/mjha1/Proof2Silicon/journal_phase/dafny_to_rtl_pipeline/generated_python/deepseek-chat/Dafny_372_firstverified/module_.py;/u/mjha1/Proof2Silicon/journal_phase/dafny_to_rtl_pipeline/generated_python/deepseek-chat/Dafny_372_firstverified/__main__.py
deepseek-chat,Dafny_387_firstverified,0,SUCCESS,True,/u/mjha1/Proof2Silicon/journal_phase/dafny_to_rtl_pipeline/dafny_outputs/deepseek-chat/Dafny_387_firstverified.dfy,/u/mjha1/Proof2Silicon/journal_phase/dafny_to_rtl_pipeline/generated_python_raw/deepseek-chat/Dafny_387_firstverified-py,1,/u/mjha1/Proof2Silicon/journal_phase/dafny_to_rtl_pipeline/generated_python_raw/deepseek-chat/Dafny_387_firstverified-py/module_.py,/u/mjha1/Proof2Silicon/journal_phase/dafny_to_rtl_pipeline/generated_python_raw/deepseek-chat/Dafny_387_firstverified-py/__main__.py,/u/mjha1/Proof2Silicon/journal_phase/dafny_to_rtl_pipeline/generated_python/deepseek-chat/Dafny_387_firstverified,/u/mjha1/Proof2Silicon/journal_phase/dafny_to_rtl_pipeline/generated_python/deepseek-chat/Dafny_387_firstverified/module_.py;/u/mjha1/Proof2Silicon/journal_phase/dafny_to_rtl_pipeline/generated_python/deepseek-chat/Dafny_387_firstverified/__main__.py
deepseek-chat,Dafny_392_firstverified,0,SUCCESS,True,/u/mjha1/Proof2Silicon/journal_phase/dafny_to_rtl_pipeline/dafny_outputs/deepseek-chat/Dafny_392_firstverified.dfy,/u/mjha1/Proof2Silicon/journal_phase/dafny_to_rtl_pipeline/generated_python_raw/deepseek-chat/Dafny_392_firstverified-py,1,/u/mjha1/Proof2Silicon/journal_phase/dafny_to_rtl_pipeline/generated_python_raw/deepseek-chat/Dafny_392_firstverified-py/module_.py,/u/mjha1/Proof2Silicon/journal_phase/dafny_to_rtl_pipeline/generated_python_raw/deepseek-chat/Dafny_392_firstverified-py/__main__.py,/u/mjha1/Proof2Silicon/journal_phase/dafny_to_rtl_pipeline/generated_python/deepseek-chat/Dafny_392_firstverified,/u/mjha1/Proof2Silicon/journal_phase/dafny_to_rtl_pipeline/generated_python/deepseek-chat/Dafny_392_firstverified/module_.py;/u/mjha1/Proof2Silicon/journal_phase/dafny_to_rtl_pipeline/generated_python/deepseek-chat/Dafny_392_firstverified/__main__.py
deepseek-chat,Dafny_400_firstverified,0,SUCCESS,True,/u/mjha1/Proof2Silicon/journal_phase/dafny_to_rtl_pipeline/dafny_outputs/deepseek-chat/Dafny_400_firstverified.dfy,/u/mjha1/Proof2Silicon/journal_phase/dafny_to_rtl_pipeline/generated_python_raw/deepseek-chat/Dafny_400_firstverified-py,1,/u/mjha1/Proof2Silicon/journal_phase/dafny_to_rtl_pipeline/generated_python_raw/deepseek-chat/Dafny_400_firstverified-py/module_.py,/u/mjha1/Proof2Silicon/journal_phase/dafny_to_rtl_pipeline/generated_python_raw/deepseek-chat/Dafny_400_firstverified-py/__main__.py,/u/mjha1/Proof2Silicon/journal_phase/dafny_to_rtl_pipeline/generated_python/deepseek-chat/Dafny_400_firstverified,/u/mjha1/Proof2Silicon/journal_phase/dafny_to_rtl_pipeline/generated_python/deepseek-chat/Dafny_400_firstverified/module_.py;/u/mjha1/Proof2Silicon/journal_phase/dafny_to_rtl_pipeline/generated_python/deepseek-chat/Dafny_400_firstverified/__main__.py
deepseek-chat,Dafny_413_firstverified,0,SUCCESS,True,/u/mjha1/Proof2Silicon/journal_phase/dafny_to_rtl_pipeline/dafny_outputs/deepseek-chat/Dafny_413_firstverified.dfy,/u/mjha1/Proof2Silicon/journal_phase/dafny_to_rtl_pipeline/generated_python_raw/deepseek-chat/Dafny_413_firstverified-py,1,/u/mjha1/Proof2Silicon/journal_phase/dafny_to_rtl_pipeline/generated_python_raw/deepseek-chat/Dafny_413_firstverified-py/module_.py,/u/mjha1/Proof2Silicon/journal_phase/dafny_to_rtl_pipeline/generated_python_raw/deepseek-chat/Dafny_413_firstverified-py/__main__.py,/u/mjha1/Proof2Silicon/journal_phase/dafny_to_rtl_pipeline/generated_python/deepseek-chat/Dafny_413_firstverified,/u/mjha1/Proof2Silicon/journal_phase/dafny_to_rtl_pipeline/generated_python/deepseek-chat/Dafny_413_firstverified/module_.py;/u/mjha1/Proof2Silicon/journal_phase/dafny_to_rtl_pipeline/generated_python/deepseek-chat/Dafny_413_firstverified/__main__.py
deepseek-chat,Dafny_426_firstverified,0,SUCCESS,True,/u/mjha1/Proof2Silicon/journal_phase/dafny_to_rtl_pipeline/dafny_outputs/deepseek-chat/Dafny_426_firstverified.dfy,/u/mjha1/Proof2Silicon/journal_phase/dafny_to_rtl_pipeline/generated_python_raw/deepseek-chat/Dafny_426_firstverified-py,1,/u/mjha1/Proof2Silicon/journal_phase/dafny_to_rtl_pipeline/generated_python_raw/deepseek-chat/Dafny_426_firstverified-py/module_.py,/u/mjha1/Proof2Silicon/journal_phase/dafny_to_rtl_pipeline/generated_python_raw/deepseek-chat/Dafny_426_firstverified-py/__main__.py,/u/mjha1/Proof2Silicon/journal_phase/dafny_to_rtl_pipeline/generated_python/deepseek-chat/Dafny_426_firstverified,/u/mjha1/Proof2Silicon/journal_phase/dafny_to_rtl_pipeline/generated_python/deepseek-chat/Dafny_426_firstverified/module_.py;/u/mjha1/Proof2Silicon/journal_phase/dafny_to_rtl_pipeline/generated_python/deepseek-chat/Dafny_426_firstverified/__main__.py
deepseek-chat,Dafny_427,0,SUCCESS,False,/u/mjha1/Proof2Silicon/journal_phase/dafny_to_rtl_pipeline/dafny_outputs/deepseek-chat/Dafny_427.dfy,/u/mjha1/Proof2Silicon/journal_phase/dafny_to_rtl_pipeline/generated_python_raw/deepseek-chat/Dafny_427-py,1,/u/mjha1/Proof2Silicon/journal_phase/dafny_to_rtl_pipeline/generated_python_raw/deepseek-chat/Dafny_427-py/module_.py,/u/mjha1/Proof2Silicon/journal_phase/dafny_to_rtl_pipeline/generated_python_raw/deepseek-chat/Dafny_427-py/__main__.py,/u/mjha1/Proof2Silicon/journal_phase/dafny_to_rtl_pipeline/generated_python/deepseek-chat/Dafny_427,/u/mjha1/Proof2Silicon/journal_phase/dafny_to_rtl_pipeline/generated_python/deepseek-chat/Dafny_427/module_.py;/u/mjha1/Proof2Silicon/journal_phase/dafny_to_rtl_pipeline/generated_python/deepseek-chat/Dafny_427/__main__.py
deepseek-chat,Dafny_437_firstverified,0,SUCCESS,True,/u/mjha1/Proof2Silicon/journal_phase/dafny_to_rtl_pipeline/dafny_outputs/deepseek-chat/Dafny_437_firstverified.dfy,/u/mjha1/Proof2Silicon/journal_phase/dafny_to_rtl_pipeline/generated_python_raw/deepseek-chat/Dafny_437_firstverified-py,1,/u/mjha1/Proof2Silicon/journal_phase/dafny_to_rtl_pipeline/generated_python_raw/deepseek-chat/Dafny_437_firstverified-py/module_.py,/u/mjha1/Proof2Silicon/journal_phase/dafny_to_rtl_pipeline/generated_python_raw/deepseek-chat/Dafny_437_firstverified-py/__main__.py,/u/mjha1/Proof2Silicon/journal_phase/dafny_to_rtl_pipeline/generated_python/deepseek-chat/Dafny_437_firstverified,/u/mjha1/Proof2Silicon/journal_phase/dafny_to_rtl_pipeline/generated_python/deepseek-chat/Dafny_437_firstverified/module_.py;/u/mjha1/Proof2Silicon/journal_phase/dafny_to_rtl_pipeline/generated_python/deepseek-chat/Dafny_437_firstverified/__main__.py
deepseek-chat,Dafny_452_firstverified,0,SUCCESS,True,/u/mjha1/Proof2Silicon/journal_phase/dafny_to_rtl_pipeline/dafny_outputs/deepseek-chat/Dafny_452_firstverified.dfy,/u/mjha1/Proof2Silicon/journal_phase/dafny_to_rtl_pipeline/generated_python_raw/deepseek-chat/Dafny_452_firstverified-py,1,/u/mjha1/Proof2Silicon/journal_phase/dafny_to_rtl_pipeline/generated_python_raw/deepseek-chat/Dafny_452_firstverified-py/module_.py,/u/mjha1/Proof2Silicon/journal_phase/dafny_to_rtl_pipeline/generated_python_raw/deepseek-chat/Dafny_452_firstverified-py/__main__.py,/u/mjha1/Proof2Silicon/journal_phase/dafny_to_rtl_pipeline/generated_python/deepseek-chat/Dafny_452_firstverified,/u/mjha1/Proof2Silicon/journal_phase/dafny_to_rtl_pipeline/generated_python/deepseek-chat/Dafny_452_firstverified/module_.py;/u/mjha1/Proof2Silicon/journal_phase/dafny_to_rtl_pipeline/generated_python/deepseek-chat/Dafny_452_firstverified/__main__.py
deepseek-chat,Dafny_458_firstverified,0,SUCCESS,True,/u/mjha1/Proof2Silicon/journal_phase/dafny_to_rtl_pipeline/dafny_outputs/deepseek-chat/Dafny_458_firstverified.dfy,/u/mjha1/Proof2Silicon/journal_phase/dafny_to_rtl_pipeline/generated_python_raw/deepseek-chat/Dafny_458_firstverified-py,2,/u/mjha1/Proof2Silicon/journal_phase/dafny_to_rtl_pipeline/generated_python_raw/deepseek-chat/Dafny_458_firstverified-py/FindMax.py;/u/mjha1/Proof2Silicon/journal_phase/dafny_to_rtl_pipeline/generated_python_raw/deepseek-chat/Dafny_458_firstverified-py/module_.py,/u/mjha1/Proof2Silicon/journal_phase/dafny_to_rtl_pipeline/generated_python_raw/deepseek-chat/Dafny_458_firstverified-py/__main__.py,/u/mjha1/Proof2Silicon/journal_phase/dafny_to_rtl_pipeline/generated_python/deepseek-chat/Dafny_458_firstverified,/u/mjha1/Proof2Silicon/journal_phase/dafny_to_rtl_pipeline/generated_python/deepseek-chat/Dafny_458_firstverified/FindMax.py;/u/mjha1/Proof2Silicon/journal_phase/dafny_to_rtl_pipeline/generated_python/deepseek-chat/Dafny_458_firstverified/module_.py;/u/mjha1/Proof2Silicon/journal_phase/dafny_to_rtl_pipeline/generated_python/deepseek-chat/Dafny_458_firstverified/__main__.py
deepseek-chat,Dafny_465_firstverified,0,SUCCESS,True,/u/mjha1/Proof2Silicon/journal_phase/dafny_to_rtl_pipeline/dafny_outputs/deepseek-chat/Dafny_465_firstverified.dfy,/u/mjha1/Proof2Silicon/journal_phase/dafny_to_rtl_pipeline/generated_python_raw/deepseek-chat/Dafny_465_firstverified-py,1,/u/mjha1/Proof2Silicon/journal_phase/dafny_to_rtl_pipeline/generated_python_raw/deepseek-chat/Dafny_465_firstverified-py/module_.py,/u/mjha1/Proof2Silicon/journal_phase/dafny_to_rtl_pipeline/generated_python_raw/deepseek-chat/Dafny_465_firstverified-py/__main__.py,/u/mjha1/Proof2Silicon/journal_phase/dafny_to_rtl_pipeline/generated_python/deepseek-chat/Dafny_465_firstverified,/u/mjha1/Proof2Silicon/journal_phase/dafny_to_rtl_pipeline/generated_python/deepseek-chat/Dafny_465_firstverified/module_.py;/u/mjha1/Proof2Silicon/journal_phase/dafny_to_rtl_pipeline/generated_python/deepseek-chat/Dafny_465_firstverified/__main__.py
deepseek-chat,Dafny_475_firstverified,0,SUCCESS,True,/u/mjha1/Proof2Silicon/journal_phase/dafny_to_rtl_pipeline/dafny_outputs/deepseek-chat/Dafny_475_firstverified.dfy,/u/mjha1/Proof2Silicon/journal_phase/dafny_to_rtl_pipeline/generated_python_raw/deepseek-chat/Dafny_475_firstverified-py,2,/u/mjha1/Proof2Silicon/journal_phase/dafny_to_rtl_pipeline/generated_python_raw/deepseek-chat/Dafny_475_firstverified-py/Fat.py;/u/mjha1/Proof2Silicon/journal_phase/dafny_to_rtl_pipeline/generated_python_raw/deepseek-chat/Dafny_475_firstverified-py/module_.py,/u/mjha1/Proof2Silicon/journal_phase/dafny_to_rtl_pipeline/generated_python_raw/deepseek-chat/Dafny_475_firstverified-py/__main__.py,/u/mjha1/Proof2Silicon/journal_phase/dafny_to_rtl_pipeline/generated_python/deepseek-chat/Dafny_475_firstverified,/u/mjha1/Proof2Silicon/journal_phase/dafny_to_rtl_pipeline/generated_python/deepseek-chat/Dafny_475_firstverified/Fat.py;/u/mjha1/Proof2Silicon/journal_phase/dafny_to_rtl_pipeline/generated_python/deepseek-chat/Dafny_475_firstverified/module_.py;/u/mjha1/Proof2Silicon/journal_phase/dafny_to_rtl_pipeline/generated_python/deepseek-chat/Dafny_475_firstverified/__main__.py
deepseek-chat,Dafny_481_firstverified,0,SUCCESS,True,/u/mjha1/Proof2Silicon/journal_phase/dafny_to_rtl_pipeline/dafny_outputs/deepseek-chat/Dafny_481_firstverified.dfy,/u/mjha1/Proof2Silicon/journal_phase/dafny_to_rtl_pipeline/generated_python_raw/deepseek-chat/Dafny_481_firstverified-py,1,/u/mjha1/Proof2Silicon/journal_phase/dafny_to_rtl_pipeline/generated_python_raw/deepseek-chat/Dafny_481_firstverified-py/module_.py,/u/mjha1/Proof2Silicon/journal_phase/dafny_to_rtl_pipeline/generated_python_raw/deepseek-chat/Dafny_481_firstverified-py/__main__.py,/u/mjha1/Proof2Silicon/journal_phase/dafny_to_rtl_pipeline/generated_python/deepseek-chat/Dafny_481_firstverified,/u/mjha1/Proof2Silicon/journal_phase/dafny_to_rtl_pipeline/generated_python/deepseek-chat/Dafny_481_firstverified/module_.py;/u/mjha1/Proof2Silicon/journal_phase/dafny_to_rtl_pipeline/generated_python/deepseek-chat/Dafny_481_firstverified/__main__.py
deepseek-chat,Dafny_488_firstverified,0,SUCCESS,True,/u/mjha1/Proof2Silicon/journal_phase/dafny_to_rtl_pipeline/dafny_outputs/deepseek-chat/Dafny_488_firstverified.dfy,/u/mjha1/Proof2Silicon/journal_phase/dafny_to_rtl_pipeline/generated_python_raw/deepseek-chat/Dafny_488_firstverified-py,1,/u/mjha1/Proof2Silicon/journal_phase/dafny_to_rtl_pipeline/generated_python_raw/deepseek-chat/Dafny_488_firstverified-py/module_.py,/u/mjha1/Proof2Silicon/journal_phase/dafny_to_rtl_pipeline/generated_python_raw/deepseek-chat/Dafny_488_firstverified-py/__main__.py,/u/mjha1/Proof2Silicon/journal_phase/dafny_to_rtl_pipeline/generated_python/deepseek-chat/Dafny_488_firstverified,/u/mjha1/Proof2Silicon/journal_phase/dafny_to_rtl_pipeline/generated_python/deepseek-chat/Dafny_488_firstverified/module_.py;/u/mjha1/Proof2Silicon/journal_phase/dafny_to_rtl_pipeline/generated_python/deepseek-chat/Dafny_488_firstverified/__main__.py
deepseek-chat,Dafny_502_firstverified,0,SUCCESS,True,/u/mjha1/Proof2Silicon/journal_phase/dafny_to_rtl_pipeline/dafny_outputs/deepseek-chat/Dafny_502_firstverified.dfy,/u/mjha1/Proof2Silicon/journal_phase/dafny_to_rtl_pipeline/generated_python_raw/deepseek-chat/Dafny_502_firstverified-py,1,/u/mjha1/Proof2Silicon/journal_phase/dafny_to_rtl_pipeline/generated_python_raw/deepseek-chat/Dafny_502_firstverified-py/module_.py,/u/mjha1/Proof2Silicon/journal_phase/dafny_to_rtl_pipeline/generated_python_raw/deepseek-chat/Dafny_502_firstverified-py/__main__.py,/u/mjha1/Proof2Silicon/journal_phase/dafny_to_rtl_pipeline/generated_python/deepseek-chat/Dafny_502_firstverified,/u/mjha1/Proof2Silicon/journal_phase/dafny_to_rtl_pipeline/generated_python/deepseek-chat/Dafny_502_firstverified/module_.py;/u/mjha1/Proof2Silicon/journal_phase/dafny_to_rtl_pipeline/generated_python/deepseek-chat/Dafny_502_firstverified/__main__.py
deepseek-chat,Dafny_505_firstverified,0,SUCCESS,True,/u/mjha1/Proof2Silicon/journal_phase/dafny_to_rtl_pipeline/dafny_outputs/deepseek-chat/Dafny_505_firstverified.dfy,/u/mjha1/Proof2Silicon/journal_phase/dafny_to_rtl_pipeline/generated_python_raw/deepseek-chat/Dafny_505_firstverified-py,1,/u/mjha1/Proof2Silicon/journal_phase/dafny_to_rtl_pipeline/generated_python_raw/deepseek-chat/Dafny_505_firstverified-py/module_.py,/u/mjha1/Proof2Silicon/journal_phase/dafny_to_rtl_pipeline/generated_python_raw/deepseek-chat/Dafny_505_firstverified-py/__main__.py,/u/mjha1/Proof2Silicon/journal_phase/dafny_to_rtl_pipeline/generated_python/deepseek-chat/Dafny_505_firstverified,/u/mjha1/Proof2Silicon/journal_phase/dafny_to_rtl_pipeline/generated_python/deepseek-chat/Dafny_505_firstverified/module_.py;/u/mjha1/Proof2Silicon/journal_phase/dafny_to_rtl_pipeline/generated_python/deepseek-chat/Dafny_505_firstverified/__main__.py
deepseek-chat,Dafny_510_firstverified,0,SUCCESS,True,/u/mjha1/Proof2Silicon/journal_phase/dafny_to_rtl_pipeline/dafny_outputs/deepseek-chat/Dafny_510_firstverified.dfy,/u/mjha1/Proof2Silicon/journal_phase/dafny_to_rtl_pipeline/generated_python_raw/deepseek-chat/Dafny_510_firstverified-py,5,/u/mjha1/Proof2Silicon/journal_phase/dafny_to_rtl_pipeline/generated_python_raw/deepseek-chat/Dafny_510_firstverified-py/Implementation.py;/u/mjha1/Proof2Silicon/journal_phase/dafny_to_rtl_pipeline/generated_python_raw/deepseek-chat/Dafny_510_firstverified-py/Interface.py;/u/mjha1/Proof2Silicon/journal_phase/dafny_to_rtl_pipeline/generated_python_raw/deepseek-chat/Dafny_510_firstverified-py/Mod.py;/u/mjha1/Proof2Silicon/journal_phase/dafny_to_rtl_pipeline/generated_python_raw/deepseek-chat/Dafny_510_firstverified-py/Mod2.py;/u/mjha1/Proof2Silicon/journal_phase/dafny_to_rtl_pipeline/generated_python_raw/deepseek-chat/Dafny_510_firstverified-py/module_.py,/u/mjha1/Proof2Silicon/journal_phase/dafny_to_rtl_pipeline/generated_python_raw/deepseek-chat/Dafny_510_firstverified-py/__main__.py,/u/mjha1/Proof2Silicon/journal_phase/dafny_to_rtl_pipeline/generated_python/deepseek-chat/Dafny_510_firstverified,/u/mjha1/Proof2Silicon/journal_phase/dafny_to_rtl_pipeline/generated_python/deepseek-chat/Dafny_510_firstverified/Implementation.py;/u/mjha1/Proof2Silicon/journal_phase/dafny_to_rtl_pipeline/generated_python/deepseek-chat/Dafny_510_firstverified/Interface.py;/u/mjha1/Proof2Silicon/journal_phase/dafny_to_rtl_pipeline/generated_python/deepseek-chat/Dafny_510_firstverified/Mod.py;/u/mjha1/Proof2Silicon/journal_phase/dafny_to_rtl_pipeline/generated_python/deepseek-chat/Dafny_510_firstverified/Mod2.py;/u/mjha1/Proof2Silicon/journal_phase/dafny_to_rtl_pipeline/generated_python/deepseek-chat/Dafny_510_firstverified/module_.py;/u/mjha1/Proof2Silicon/journal_phase/dafny_to_rtl_pipeline/generated_python/deepseek-chat/Dafny_510_firstverified/__main__.py
deepseek-chat,Dafny_512,3,TRUE_TRANSLATION_FAILURE,False,/u/mjha1/Proof2Silicon/journal_phase/dafny_to_rtl_pipeline/dafny_outputs/deepseek-chat/Dafny_512.dfy,,0,,,,
deepseek-chat,Dafny_518_firstverified,0,SUCCESS,True,/u/mjha1/Proof2Silicon/journal_phase/dafny_to_rtl_pipeline/dafny_outputs/deepseek-chat/Dafny_518_firstverified.dfy,/u/mjha1/Proof2Silicon/journal_phase/dafny_to_rtl_pipeline/generated_python_raw/deepseek-chat/Dafny_518_firstverified-py,1,/u/mjha1/Proof2Silicon/journal_phase/dafny_to_rtl_pipeline/generated_python_raw/deepseek-chat/Dafny_518_firstverified-py/module_.py,/u/mjha1/Proof2Silicon/journal_phase/dafny_to_rtl_pipeline/generated_python_raw/deepseek-chat/Dafny_518_firstverified-py/__main__.py,/u/mjha1/Proof2Silicon/journal_phase/dafny_to_rtl_pipeline/generated_python/deepseek-chat/Dafny_518_firstverified,/u/mjha1/Proof2Silicon/journal_phase/dafny_to_rtl_pipeline/generated_python/deepseek-chat/Dafny_518_firstverified/module_.py;/u/mjha1/Proof2Silicon/journal_phase/dafny_to_rtl_pipeline/generated_python/deepseek-chat/Dafny_518_firstverified/__main__.py
deepseek-chat,Dafny_531_firstverified,0,SUCCESS,True,/u/mjha1/Proof2Silicon/journal_phase/dafny_to_rtl_pipeline/dafny_outputs/deepseek-chat/Dafny_531_firstverified.dfy,/u/mjha1/Proof2Silicon/journal_phase/dafny_to_rtl_pipeline/generated_python_raw/deepseek-chat/Dafny_531_firstverified-py,1,/u/mjha1/Proof2Silicon/journal_phase/dafny_to_rtl_pipeline/generated_python_raw/deepseek-chat/Dafny_531_firstverified-py/module_.py,/u/mjha1/Proof2Silicon/journal_phase/dafny_to_rtl_pipeline/generated_python_raw/deepseek-chat/Dafny_531_firstverified-py/__main__.py,/u/mjha1/Proof2Silicon/journal_phase/dafny_to_rtl_pipeline/generated_python/deepseek-chat/Dafny_531_firstverified,/u/mjha1/Proof2Silicon/journal_phase/dafny_to_rtl_pipeline/generated_python/deepseek-chat/Dafny_531_firstverified/module_.py;/u/mjha1/Proof2Silicon/journal_phase/dafny_to_rtl_pipeline/generated_python/deepseek-chat/Dafny_531_firstverified/__main__.py
deepseek-chat,Dafny_536,0,SUCCESS,False,/u/mjha1/Proof2Silicon/journal_phase/dafny_to_rtl_pipeline/dafny_outputs/deepseek-chat/Dafny_536.dfy,/u/mjha1/Proof2Silicon/journal_phase/dafny_to_rtl_pipeline/generated_python_raw/deepseek-chat/Dafny_536-py,7,/u/mjha1/Proof2Silicon/journal_phase/dafny_to_rtl_pipeline/generated_python_raw/deepseek-chat/Dafny_536-py/Client.py;/u/mjha1/Proof2Silicon/journal_phase/dafny_to_rtl_pipeline/generated_python_raw/deepseek-chat/Dafny_536-py/ClientCached.py;/u/mjha1/Proof2Silicon/journal_phase/dafny_to_rtl_pipeline/generated_python_raw/deepseek-chat/Dafny_536-py/M0.py;/u/mjha1/Proof2Silicon/journal_phase/dafny_to_rtl_pipeline/generated_python_raw/deepseek-chat/Dafny_536-py/M1.py;/u/mjha1/Proof2Silicon/journal_phase/dafny_to_rtl_pipeline/generated_python_raw/deepseek-chat/Dafny_536-py/M2.py;/u/mjha1/Proof2Silicon/journal_phase/dafny_to_rtl_pipeline/generated_python_raw/deepseek-chat/Dafny_536-py/M3.py;/u/mjha1/Proof2Silicon/journal_phase/dafny_to_rtl_pipeline/generated_python_raw/deepseek-chat/Dafny_536-py/module_.py,/u/mjha1/Proof2Silicon/journal_phase/dafny_to_rtl_pipeline/generated_python_raw/deepseek-chat/Dafny_536-py/__main__.py,/u/mjha1/Proof2Silicon/journal_phase/dafny_to_rtl_pipeline/generated_python/deepseek-chat/Dafny_536,/u/mjha1/Proof2Silicon/journal_phase/dafny_to_rtl_pipeline/generated_python/deepseek-chat/Dafny_536/Client.py;/u/mjha1/Proof2Silicon/journal_phase/dafny_to_rtl_pipeline/generated_python/deepseek-chat/Dafny_536/ClientCached.py;/u/mjha1/Proof2Silicon/journal_phase/dafny_to_rtl_pipeline/generated_python/deepseek-chat/Dafny_536/M0.py;/u/mjha1/Proof2Silicon/journal_phase/dafny_to_rtl_pipeline/generated_python/deepseek-chat/Dafny_536/M1.py;/u/mjha1/Proof2Silicon/journal_phase/dafny_to_rtl_pipeline/generated_python/deepseek-chat/Dafny_536/M2.py;/u/mjha1/Proof2Silicon/journal_phase/dafny_to_rtl_pipeline/generated_python/deepseek-chat/Dafny_536/M3.py;/u/mjha1/Proof2Silicon/journal_phase/dafny_to_rtl_pipeline/generated_python/deepseek-chat/Dafny_536/module_.py;/u/mjha1/Proof2Silicon/journal_phase/dafny_to_rtl_pipeline/generated_python/deepseek-chat/Dafny_536/__main__.py
deepseek-chat,Dafny_539_firstverified,0,SUCCESS,True,/u/mjha1/Proof2Silicon/journal_phase/dafny_to_rtl_pipeline/dafny_outputs/deepseek-chat/Dafny_539_firstverified.dfy,/u/mjha1/Proof2Silicon/journal_phase/dafny_to_rtl_pipeline/generated_python_raw/deepseek-chat/Dafny_539_firstverified-py,1,/u/mjha1/Proof2Silicon/journal_phase/dafny_to_rtl_pipeline/generated_python_raw/deepseek-chat/Dafny_539_firstverified-py/module_.py,/u/mjha1/Proof2Silicon/journal_phase/dafny_to_rtl_pipeline/generated_python_raw/deepseek-chat/Dafny_539_firstverified-py/__main__.py,/u/mjha1/Proof2Silicon/journal_phase/dafny_to_rtl_pipeline/generated_python/deepseek-chat/Dafny_539_firstverified,/u/mjha1/Proof2Silicon/journal_phase/dafny_to_rtl_pipeline/generated_python/deepseek-chat/Dafny_539_firstverified/module_.py;/u/mjha1/Proof2Silicon/journal_phase/dafny_to_rtl_pipeline/generated_python/deepseek-chat/Dafny_539_firstverified/__main__.py
deepseek-chat,Dafny_542_firstverified,0,SUCCESS,True,/u/mjha1/Proof2Silicon/journal_phase/dafny_to_rtl_pipeline/dafny_outputs/deepseek-chat/Dafny_542_firstverified.dfy,/u/mjha1/Proof2Silicon/journal_phase/dafny_to_rtl_pipeline/generated_python_raw/deepseek-chat/Dafny_542_firstverified-py,1,/u/mjha1/Proof2Silicon/journal_phase/dafny_to_rtl_pipeline/generated_python_raw/deepseek-chat/Dafny_542_firstverified-py/module_.py,/u/mjha1/Proof2Silicon/journal_phase/dafny_to_rtl_pipeline/generated_python_raw/deepseek-chat/Dafny_542_firstverified-py/__main__.py,/u/mjha1/Proof2Silicon/journal_phase/dafny_to_rtl_pipeline/generated_python/deepseek-chat/Dafny_542_firstverified,/u/mjha1/Proof2Silicon/journal_phase/dafny_to_rtl_pipeline/generated_python/deepseek-chat/Dafny_542_firstverified/module_.py;/u/mjha1/Proof2Silicon/journal_phase/dafny_to_rtl_pipeline/generated_python/deepseek-chat/Dafny_542_firstverified/__main__.py
deepseek-chat,Dafny_546_firstverified,0,SUCCESS,True,/u/mjha1/Proof2Silicon/journal_phase/dafny_to_rtl_pipeline/dafny_outputs/deepseek-chat/Dafny_546_firstverified.dfy,/u/mjha1/Proof2Silicon/journal_phase/dafny_to_rtl_pipeline/generated_python_raw/deepseek-chat/Dafny_546_firstverified-py,1,/u/mjha1/Proof2Silicon/journal_phase/dafny_to_rtl_pipeline/generated_python_raw/deepseek-chat/Dafny_546_firstverified-py/module_.py,/u/mjha1/Proof2Silicon/journal_phase/dafny_to_rtl_pipeline/generated_python_raw/deepseek-chat/Dafny_546_firstverified-py/__main__.py,/u/mjha1/Proof2Silicon/journal_phase/dafny_to_rtl_pipeline/generated_python/deepseek-chat/Dafny_546_firstverified,/u/mjha1/Proof2Silicon/journal_phase/dafny_to_rtl_pipeline/generated_python/deepseek-chat/Dafny_546_firstverified/module_.py;/u/mjha1/Proof2Silicon/journal_phase/dafny_to_rtl_pipeline/generated_python/deepseek-chat/Dafny_546_firstverified/__main__.py
deepseek-chat,Dafny_554_firstverified,0,SUCCESS,True,/u/mjha1/Proof2Silicon/journal_phase/dafny_to_rtl_pipeline/dafny_outputs/deepseek-chat/Dafny_554_firstverified.dfy,/u/mjha1/Proof2Silicon/journal_phase/dafny_to_rtl_pipeline/generated_python_raw/deepseek-chat/Dafny_554_firstverified-py,1,/u/mjha1/Proof2Silicon/journal_phase/dafny_to_rtl_pipeline/generated_python_raw/deepseek-chat/Dafny_554_firstverified-py/module_.py,/u/mjha1/Proof2Silicon/journal_phase/dafny_to_rtl_pipeline/generated_python_raw/deepseek-chat/Dafny_554_firstverified-py/__main__.py,/u/mjha1/Proof2Silicon/journal_phase/dafny_to_rtl_pipeline/generated_python/deepseek-chat/Dafny_554_firstverified,/u/mjha1/Proof2Silicon/journal_phase/dafny_to_rtl_pipeline/generated_python/deepseek-chat/Dafny_554_firstverified/module_.py;/u/mjha1/Proof2Silicon/journal_phase/dafny_to_rtl_pipeline/generated_python/deepseek-chat/Dafny_554_firstverified/__main__.py
deepseek-chat,Dafny_556_firstverified,0,SUCCESS,True,/u/mjha1/Proof2Silicon/journal_phase/dafny_to_rtl_pipeline/dafny_outputs/deepseek-chat/Dafny_556_firstverified.dfy,/u/mjha1/Proof2Silicon/journal_phase/dafny_to_rtl_pipeline/generated_python_raw/deepseek-chat/Dafny_556_firstverified-py,1,/u/mjha1/Proof2Silicon/journal_phase/dafny_to_rtl_pipeline/generated_python_raw/deepseek-chat/Dafny_556_firstverified-py/module_.py,/u/mjha1/Proof2Silicon/journal_phase/dafny_to_rtl_pipeline/generated_python_raw/deepseek-chat/Dafny_556_firstverified-py/__main__.py,/u/mjha1/Proof2Silicon/journal_phase/dafny_to_rtl_pipeline/generated_python/deepseek-chat/Dafny_556_firstverified,/u/mjha1/Proof2Silicon/journal_phase/dafny_to_rtl_pipeline/generated_python/deepseek-chat/Dafny_556_firstverified/module_.py;/u/mjha1/Proof2Silicon/journal_phase/dafny_to_rtl_pipeline/generated_python/deepseek-chat/Dafny_556_firstverified/__main__.py
deepseek-chat,Dafny_561_firstverified,0,SUCCESS,True,/u/mjha1/Proof2Silicon/journal_phase/dafny_to_rtl_pipeline/dafny_outputs/deepseek-chat/Dafny_561_firstverified.dfy,/u/mjha1/Proof2Silicon/journal_phase/dafny_to_rtl_pipeline/generated_python_raw/deepseek-chat/Dafny_561_firstverified-py,1,/u/mjha1/Proof2Silicon/journal_phase/dafny_to_rtl_pipeline/generated_python_raw/deepseek-chat/Dafny_561_firstverified-py/module_.py,/u/mjha1/Proof2Silicon/journal_phase/dafny_to_rtl_pipeline/generated_python_raw/deepseek-chat/Dafny_561_firstverified-py/__main__.py,/u/mjha1/Proof2Silicon/journal_phase/dafny_to_rtl_pipeline/generated_python/deepseek-chat/Dafny_561_firstverified,/u/mjha1/Proof2Silicon/journal_phase/dafny_to_rtl_pipeline/generated_python/deepseek-chat/Dafny_561_firstverified/module_.py;/u/mjha1/Proof2Silicon/journal_phase/dafny_to_rtl_pipeline/generated_python/deepseek-chat/Dafny_561_firstverified/__main__.py
deepseek-chat,Dafny_573_firstverified,0,SUCCESS,True,/u/mjha1/Proof2Silicon/journal_phase/dafny_to_rtl_pipeline/dafny_outputs/deepseek-chat/Dafny_573_firstverified.dfy,/u/mjha1/Proof2Silicon/journal_phase/dafny_to_rtl_pipeline/generated_python_raw/deepseek-chat/Dafny_573_firstverified-py,1,/u/mjha1/Proof2Silicon/journal_phase/dafny_to_rtl_pipeline/generated_python_raw/deepseek-chat/Dafny_573_firstverified-py/module_.py,/u/mjha1/Proof2Silicon/journal_phase/dafny_to_rtl_pipeline/generated_python_raw/deepseek-chat/Dafny_573_firstverified-py/__main__.py,/u/mjha1/Proof2Silicon/journal_phase/dafny_to_rtl_pipeline/generated_python/deepseek-chat/Dafny_573_firstverified,/u/mjha1/Proof2Silicon/journal_phase/dafny_to_rtl_pipeline/generated_python/deepseek-chat/Dafny_573_firstverified/module_.py;/u/mjha1/Proof2Silicon/journal_phase/dafny_to_rtl_pipeline/generated_python/deepseek-chat/Dafny_573_firstverified/__main__.py
deepseek-chat,Dafny_62_firstverified,0,SUCCESS,True,/u/mjha1/Proof2Silicon/journal_phase/dafny_to_rtl_pipeline/dafny_outputs/deepseek-chat/Dafny_62_firstverified.dfy,/u/mjha1/Proof2Silicon/journal_phase/dafny_to_rtl_pipeline/generated_python_raw/deepseek-chat/Dafny_62_firstverified-py,1,/u/mjha1/Proof2Silicon/journal_phase/dafny_to_rtl_pipeline/generated_python_raw/deepseek-chat/Dafny_62_firstverified-py/module_.py,/u/mjha1/Proof2Silicon/journal_phase/dafny_to_rtl_pipeline/generated_python_raw/deepseek-chat/Dafny_62_firstverified-py/__main__.py,/u/mjha1/Proof2Silicon/journal_phase/dafny_to_rtl_pipeline/generated_python/deepseek-chat/Dafny_62_firstverified,/u/mjha1/Proof2Silicon/journal_phase/dafny_to_rtl_pipeline/generated_python/deepseek-chat/Dafny_62_firstverified/module_.py;/u/mjha1/Proof2Silicon/journal_phase/dafny_to_rtl_pipeline/generated_python/deepseek-chat/Dafny_62_firstverified/__main__.py
deepseek-chat,Dafny_64_firstverified,0,SUCCESS,True,/u/mjha1/Proof2Silicon/journal_phase/dafny_to_rtl_pipeline/dafny_outputs/deepseek-chat/Dafny_64_firstverified.dfy,/u/mjha1/Proof2Silicon/journal_phase/dafny_to_rtl_pipeline/generated_python_raw/deepseek-chat/Dafny_64_firstverified-py,1,/u/mjha1/Proof2Silicon/journal_phase/dafny_to_rtl_pipeline/generated_python_raw/deepseek-chat/Dafny_64_firstverified-py/module_.py,/u/mjha1/Proof2Silicon/journal_phase/dafny_to_rtl_pipeline/generated_python_raw/deepseek-chat/Dafny_64_firstverified-py/__main__.py,/u/mjha1/Proof2Silicon/journal_phase/dafny_to_rtl_pipeline/generated_python/deepseek-chat/Dafny_64_firstverified,/u/mjha1/Proof2Silicon/journal_phase/dafny_to_rtl_pipeline/generated_python/deepseek-chat/Dafny_64_firstverified/module_.py;/u/mjha1/Proof2Silicon/journal_phase/dafny_to_rtl_pipeline/generated_python/deepseek-chat/Dafny_64_firstverified/__main__.py
deepseek-chat,Dafny_65_firstverified,0,SUCCESS,True,/u/mjha1/Proof2Silicon/journal_phase/dafny_to_rtl_pipeline/dafny_outputs/deepseek-chat/Dafny_65_firstverified.dfy,/u/mjha1/Proof2Silicon/journal_phase/dafny_to_rtl_pipeline/generated_python_raw/deepseek-chat/Dafny_65_firstverified-py,1,/u/mjha1/Proof2Silicon/journal_phase/dafny_to_rtl_pipeline/generated_python_raw/deepseek-chat/Dafny_65_firstverified-py/module_.py,/u/mjha1/Proof2Silicon/journal_phase/dafny_to_rtl_pipeline/generated_python_raw/deepseek-chat/Dafny_65_firstverified-py/__main__.py,/u/mjha1/Proof2Silicon/journal_phase/dafny_to_rtl_pipeline/generated_python/deepseek-chat/Dafny_65_firstverified,/u/mjha1/Proof2Silicon/journal_phase/dafny_to_rtl_pipeline/generated_python/deepseek-chat/Dafny_65_firstverified/module_.py;/u/mjha1/Proof2Silicon/journal_phase/dafny_to_rtl_pipeline/generated_python/deepseek-chat/Dafny_65_firstverified/__main__.py
deepseek-chat,Dafny_67_firstverified,0,SUCCESS,True,/u/mjha1/Proof2Silicon/journal_phase/dafny_to_rtl_pipeline/dafny_outputs/deepseek-chat/Dafny_67_firstverified.dfy,/u/mjha1/Proof2Silicon/journal_phase/dafny_to_rtl_pipeline/generated_python_raw/deepseek-chat/Dafny_67_firstverified-py,1,/u/mjha1/Proof2Silicon/journal_phase/dafny_to_rtl_pipeline/generated_python_raw/deepseek-chat/Dafny_67_firstverified-py/module_.py,/u/mjha1/Proof2Silicon/journal_phase/dafny_to_rtl_pipeline/generated_python_raw/deepseek-chat/Dafny_67_firstverified-py/__main__.py,/u/mjha1/Proof2Silicon/journal_phase/dafny_to_rtl_pipeline/generated_python/deepseek-chat/Dafny_67_firstverified,/u/mjha1/Proof2Silicon/journal_phase/dafny_to_rtl_pipeline/generated_python/deepseek-chat/Dafny_67_firstverified/module_.py;/u/mjha1/Proof2Silicon/journal_phase/dafny_to_rtl_pipeline/generated_python/deepseek-chat/Dafny_67_firstverified/__main__.py
deepseek-chat,Dafny_71_firstverified,0,SUCCESS,True,/u/mjha1/Proof2Silicon/journal_phase/dafny_to_rtl_pipeline/dafny_outputs/deepseek-chat/Dafny_71_firstverified.dfy,/u/mjha1/Proof2Silicon/journal_phase/dafny_to_rtl_pipeline/generated_python_raw/deepseek-chat/Dafny_71_firstverified-py,1,/u/mjha1/Proof2Silicon/journal_phase/dafny_to_rtl_pipeline/generated_python_raw/deepseek-chat/Dafny_71_firstverified-py/module_.py,/u/mjha1/Proof2Silicon/journal_phase/dafny_to_rtl_pipeline/generated_python_raw/deepseek-chat/Dafny_71_firstverified-py/__main__.py,/u/mjha1/Proof2Silicon/journal_phase/dafny_to_rtl_pipeline/generated_python/deepseek-chat/Dafny_71_firstverified,/u/mjha1/Proof2Silicon/journal_phase/dafny_to_rtl_pipeline/generated_python/deepseek-chat/Dafny_71_firstverified/module_.py;/u/mjha1/Proof2Silicon/journal_phase/dafny_to_rtl_pipeline/generated_python/deepseek-chat/Dafny_71_firstverified/__main__.py
deepseek-chat,Dafny_78_firstverified,0,SUCCESS,True,/u/mjha1/Proof2Silicon/journal_phase/dafny_to_rtl_pipeline/dafny_outputs/deepseek-chat/Dafny_78_firstverified.dfy,/u/mjha1/Proof2Silicon/journal_phase/dafny_to_rtl_pipeline/generated_python_raw/deepseek-chat/Dafny_78_firstverified-py,1,/u/mjha1/Proof2Silicon/journal_phase/dafny_to_rtl_pipeline/generated_python_raw/deepseek-chat/Dafny_78_firstverified-py/module_.py,/u/mjha1/Proof2Silicon/journal_phase/dafny_to_rtl_pipeline/generated_python_raw/deepseek-chat/Dafny_78_firstverified-py/__main__.py,/u/mjha1/Proof2Silicon/journal_phase/dafny_to_rtl_pipeline/generated_python/deepseek-chat/Dafny_78_firstverified,/u/mjha1/Proof2Silicon/journal_phase/dafny_to_rtl_pipeline/generated_python/deepseek-chat/Dafny_78_firstverified/module_.py;/u/mjha1/Proof2Silicon/journal_phase/dafny_to_rtl_pipeline/generated_python/deepseek-chat/Dafny_78_firstverified/__main__.py
deepseek-chat,Dafny_96_firstverified,0,SUCCESS,True,/u/mjha1/Proof2Silicon/journal_phase/dafny_to_rtl_pipeline/dafny_outputs/deepseek-chat/Dafny_96_firstverified.dfy,/u/mjha1/Proof2Silicon/journal_phase/dafny_to_rtl_pipeline/generated_python_raw/deepseek-chat/Dafny_96_firstverified-py,1,/u/mjha1/Proof2Silicon/journal_phase/dafny_to_rtl_pipeline/generated_python_raw/deepseek-chat/Dafny_96_firstverified-py/module_.py,/u/mjha1/Proof2Silicon/journal_phase/dafny_to_rtl_pipeline/generated_python_raw/deepseek-chat/Dafny_96_firstverified-py/__main__.py,/u/mjha1/Proof2Silicon/journal_phase/dafny_to_rtl_pipeline/generated_python/deepseek-chat/Dafny_96_firstverified,/u/mjha1/Proof2Silicon/journal_phase/dafny_to_rtl_pipeline/generated_python/deepseek-chat/Dafny_96_firstverified/module_.py;/u/mjha1/Proof2Silicon/journal_phase/dafny_to_rtl_pipeline/generated_python/deepseek-chat/Dafny_96_firstverified/__main__.py
deepseek-chat,Dafny_99_firstverified,0,SUCCESS,True,/u/mjha1/Proof2Silicon/journal_phase/dafny_to_rtl_pipeline/dafny_outputs/deepseek-chat/Dafny_99_firstverified.dfy,/u/mjha1/Proof2Silicon/journal_phase/dafny_to_rtl_pipeline/generated_python_raw/deepseek-chat/Dafny_99_firstverified-py,1,/u/mjha1/Proof2Silicon/journal_phase/dafny_to_rtl_pipeline/generated_python_raw/deepseek-chat/Dafny_99_firstverified-py/module_.py,/u/mjha1/Proof2Silicon/journal_phase/dafny_to_rtl_pipeline/generated_python_raw/deepseek-chat/Dafny_99_firstverified-py/__main__.py,/u/mjha1/Proof2Silicon/journal_phase/dafny_to_rtl_pipeline/generated_python/deepseek-chat/Dafny_99_firstverified,/u/mjha1/Proof2Silicon/journal_phase/dafny_to_rtl_pipeline/generated_python/deepseek-chat/Dafny_99_firstverified/module_.py;/u/mjha1/Proof2Silicon/journal_phase/dafny_to_rtl_pipeline/generated_python/deepseek-chat/Dafny_99_firstverified/__main__.py
gpt-5.1-codex-max,Dafny_104_firstverified,0,SUCCESS,True,/u/mjha1/Proof2Silicon/journal_phase/dafny_to_rtl_pipeline/dafny_outputs/gpt-5.1-codex-max/Dafny_104_firstverified.dfy,/u/mjha1/Proof2Silicon/journal_phase/dafny_to_rtl_pipeline/generated_python_raw/gpt-5.1-codex-max/Dafny_104_firstverified-py,1,/u/mjha1/Proof2Silicon/journal_phase/dafny_to_rtl_pipeline/generated_python_raw/gpt-5.1-codex-max/Dafny_104_firstverified-py/module_.py,/u/mjha1/Proof2Silicon/journal_phase/dafny_to_rtl_pipeline/generated_python_raw/gpt-5.1-codex-max/Dafny_104_firstverified-py/__main__.py,/u/mjha1/Proof2Silicon/journal_phase/dafny_to_rtl_pipeline/generated_python/gpt-5.1-codex-max/Dafny_104_firstverified,/u/mjha1/Proof2Silicon/journal_phase/dafny_to_rtl_pipeline/generated_python/gpt-5.1-codex-max/Dafny_104_firstverified/module_.py;/u/mjha1/Proof2Silicon/journal_phase/dafny_to_rtl_pipeline/generated_python/gpt-5.1-codex-max/Dafny_104_firstverified/__main__.py
gpt-5.1-codex-max,Dafny_114,0,SUCCESS,False,/u/mjha1/Proof2Silicon/journal_phase/dafny_to_rtl_pipeline/dafny_outputs/gpt-5.1-codex-max/Dafny_114.dfy,/u/mjha1/Proof2Silicon/journal_phase/dafny_to_rtl_pipeline/generated_python_raw/gpt-5.1-codex-max/Dafny_114-py,2,/u/mjha1/Proof2Silicon/journal_phase/dafny_to_rtl_pipeline/generated_python_raw/gpt-5.1-codex-max/Dafny_114-py/Max.py;/u/mjha1/Proof2Silicon/journal_phase/dafny_to_rtl_pipeline/generated_python_raw/gpt-5.1-codex-max/Dafny_114-py/module_.py,/u/mjha1/Proof2Silicon/journal_phase/dafny_to_rtl_pipeline/generated_python_raw/gpt-5.1-codex-max/Dafny_114-py/__main__.py,/u/mjha1/Proof2Silicon/journal_phase/dafny_to_rtl_pipeline/generated_python/gpt-5.1-codex-max/Dafny_114,/u/mjha1/Proof2Silicon/journal_phase/dafny_to_rtl_pipeline/generated_python/gpt-5.1-codex-max/Dafny_114/Max.py;/u/mjha1/Proof2Silicon/journal_phase/dafny_to_rtl_pipeline/generated_python/gpt-5.1-codex-max/Dafny_114/module_.py;/u/mjha1/Proof2Silicon/journal_phase/dafny_to_rtl_pipeline/generated_python/gpt-5.1-codex-max/Dafny_114/__main__.py
gpt-5.1-codex-max,Dafny_120_firstverified,0,SUCCESS,True,/u/mjha1/Proof2Silicon/journal_phase/dafny_to_rtl_pipeline/dafny_outputs/gpt-5.1-codex-max/Dafny_120_firstverified.dfy,/u/mjha1/Proof2Silicon/journal_phase/dafny_to_rtl_pipeline/generated_python_raw/gpt-5.1-codex-max/Dafny_120_firstverified-py,2,/u/mjha1/Proof2Silicon/journal_phase/dafny_to_rtl_pipeline/generated_python_raw/gpt-5.1-codex-max/Dafny_120_firstverified-py/Arithmetic.py;/u/mjha1/Proof2Silicon/journal_phase/dafny_to_rtl_pipeline/generated_python_raw/gpt-5.1-codex-max/Dafny_120_firstverified-py/module_.py,/u/mjha1/Proof2Silicon/journal_phase/dafny_to_rtl_pipeline/generated_python_raw/gpt-5.1-codex-max/Dafny_120_firstverified-py/__main__.py,/u/mjha1/Proof2Silicon/journal_phase/dafny_to_rtl_pipeline/generated_python/gpt-5.1-codex-max/Dafny_120_firstverified,/u/mjha1/Proof2Silicon/journal_phase/dafny_to_rtl_pipeline/generated_python/gpt-5.1-codex-max/Dafny_120_firstverified/Arithmetic.py;/u/mjha1/Proof2Silicon/journal_phase/dafny_to_rtl_pipeline/generated_python/gpt-5.1-codex-max/Dafny_120_firstverified/module_.py;/u/mjha1/Proof2Silicon/journal_phase/dafny_to_rtl_pipeline/generated_python/gpt-5.1-codex-max/Dafny_120_firstverified/__main__.py
gpt-5.1-codex-max,Dafny_122,3,TRUE_TRANSLATION_FAILURE,False,/u/mjha1/Proof2Silicon/journal_phase/dafny_to_rtl_pipeline/dafny_outputs/gpt-5.1-codex-max/Dafny_122.dfy,,0,,,,
gpt-5.1-codex-max,Dafny_143,0,SUCCESS,False,/u/mjha1/Proof2Silicon/journal_phase/dafny_to_rtl_pipeline/dafny_outputs/gpt-5.1-codex-max/Dafny_143.dfy,/u/mjha1/Proof2Silicon/journal_phase/dafny_to_rtl_pipeline/generated_python_raw/gpt-5.1-codex-max/Dafny_143-py,2,/u/mjha1/Proof2Silicon/journal_phase/dafny_to_rtl_pipeline/generated_python_raw/gpt-5.1-codex-max/Dafny_143-py/AddSmallNumbers.py;/u/mjha1/Proof2Silicon/journal_phase/dafny_to_rtl_pipeline/generated_python_raw/gpt-5.1-codex-max/Dafny_143-py/module_.py,/u/mjha1/Proof2Silicon/journal_phase/dafny_to_rtl_pipeline/generated_python_raw/gpt-5.1-codex-max/Dafny_143-py/__main__.py,/u/mjha1/Proof2Silicon/journal_phase/dafny_to_rtl_pipeline/generated_python/gpt-5.1-codex-max/Dafny_143,/u/mjha1/Proof2Silicon/journal_phase/dafny_to_rtl_pipeline/generated_python/gpt-5.1-codex-max/Dafny_143/AddSmallNumbers.py;/u/mjha1/Proof2Silicon/journal_phase/dafny_to_rtl_pipeline/generated_python/gpt-5.1-codex-max/Dafny_143/module_.py;/u/mjha1/Proof2Silicon/journal_phase/dafny_to_rtl_pipeline/generated_python/gpt-5.1-codex-max/Dafny_143/__main__.py
gpt-5.1-codex-max,Dafny_155,0,SUCCESS,False,/u/mjha1/Proof2Silicon/journal_phase/dafny_to_rtl_pipeline/dafny_outputs/gpt-5.1-codex-max/Dafny_155.dfy,/u/mjha1/Proof2Silicon/journal_phase/dafny_to_rtl_pipeline/generated_python_raw/gpt-5.1-codex-max/Dafny_155-py,1,/u/mjha1/Proof2Silicon/journal_phase/dafny_to_rtl_pipeline/generated_python_raw/gpt-5.1-codex-max/Dafny_155-py/module_.py,/u/mjha1/Proof2Silicon/journal_phase/dafny_to_rtl_pipeline/generated_python_raw/gpt-5.1-codex-max/Dafny_155-py/__main__.py,/u/mjha1/Proof2Silicon/journal_phase/dafny_to_rtl_pipeline/generated_python/gpt-5.1-codex-max/Dafny_155,/u/mjha1/Proof2Silicon/journal_phase/dafny_to_rtl_pipeline/generated_python/gpt-5.1-codex-max/Dafny_155/module_.py;/u/mjha1/Proof2Silicon/journal_phase/dafny_to_rtl_pipeline/generated_python/gpt-5.1-codex-max/Dafny_155/__main__.py
gpt-5.1-codex-max,Dafny_156,0,SUCCESS,False,/u/mjha1/Proof2Silicon/journal_phase/dafny_to_rtl_pipeline/dafny_outputs/gpt-5.1-codex-max/Dafny_156.dfy,/u/mjha1/Proof2Silicon/journal_phase/dafny_to_rtl_pipeline/generated_python_raw/gpt-5.1-codex-max/Dafny_156-py,1,/u/mjha1/Proof2Silicon/journal_phase/dafny_to_rtl_pipeline/generated_python_raw/gpt-5.1-codex-max/Dafny_156-py/module_.py,/u/mjha1/Proof2Silicon/journal_phase/dafny_to_rtl_pipeline/generated_python_raw/gpt-5.1-codex-max/Dafny_156-py/__main__.py,/u/mjha1/Proof2Silicon/journal_phase/dafny_to_rtl_pipeline/generated_python/gpt-5.1-codex-max/Dafny_156,/u/mjha1/Proof2Silicon/journal_phase/dafny_to_rtl_pipeline/generated_python/gpt-5.1-codex-max/Dafny_156/module_.py;/u/mjha1/Proof2Silicon/journal_phase/dafny_to_rtl_pipeline/generated_python/gpt-5.1-codex-max/Dafny_156/__main__.py
gpt-5.1-codex-max,Dafny_162_firstverified,3,TRUE_TRANSLATION_FAILURE,True,/u/mjha1/Proof2Silicon/journal_phase/dafny_to_rtl_pipeline/dafny_outputs/gpt-5.1-codex-max/Dafny_162_firstverified.dfy,,0,,,,
gpt-5.1-codex-max,Dafny_176,3,TRUE_TRANSLATION_FAILURE,False,/u/mjha1/Proof2Silicon/journal_phase/dafny_to_rtl_pipeline/dafny_outputs/gpt-5.1-codex-max/Dafny_176.dfy,,0,,,,
gpt-5.1-codex-max,Dafny_193_firstverified,3,TRUE_TRANSLATION_FAILURE,True,/u/mjha1/Proof2Silicon/journal_phase/dafny_to_rtl_pipeline/dafny_outputs/gpt-5.1-codex-max/Dafny_193_firstverified.dfy,,0,,,,
gpt-5.1-codex-max,Dafny_194,0,SUCCESS,False,/u/mjha1/Proof2Silicon/journal_phase/dafny_to_rtl_pipeline/dafny_outputs/gpt-5.1-codex-max/Dafny_194.dfy,/u/mjha1/Proof2Silicon/journal_phase/dafny_to_rtl_pipeline/generated_python_raw/gpt-5.1-codex-max/Dafny_194-py,2,/u/mjha1/Proof2Silicon/journal_phase/dafny_to_rtl_pipeline/generated_python_raw/gpt-5.1-codex-max/Dafny_194-py/FirstZeroFinder.py;/u/mjha1/Proof2Silicon/journal_phase/dafny_to_rtl_pipeline/generated_python_raw/gpt-5.1-codex-max/Dafny_194-py/module_.py,/u/mjha1/Proof2Silicon/journal_phase/dafny_to_rtl_pipeline/generated_python_raw/gpt-5.1-codex-max/Dafny_194-py/__main__.py,/u/mjha1/Proof2Silicon/journal_phase/dafny_to_rtl_pipeline/generated_python/gpt-5.1-codex-max/Dafny_194,/u/mjha1/Proof2Silicon/journal_phase/dafny_to_rtl_pipeline/generated_python/gpt-5.1-codex-max/Dafny_194/FirstZeroFinder.py;/u/mjha1/Proof2Silicon/journal_phase/dafny_to_rtl_pipeline/generated_python/gpt-5.1-codex-max/Dafny_194/module_.py;/u/mjha1/Proof2Silicon/journal_phase/dafny_to_rtl_pipeline/generated_python/gpt-5.1-codex-max/Dafny_194/__main__.py
gpt-5.1-codex-max,Dafny_200,0,SUCCESS,False,/u/mjha1/Proof2Silicon/journal_phase/dafny_to_rtl_pipeline/dafny_outputs/gpt-5.1-codex-max/Dafny_200.dfy,/u/mjha1/Proof2Silicon/journal_phase/dafny_to_rtl_pipeline/generated_python_raw/gpt-5.1-codex-max/Dafny_200-py,1,/u/mjha1/Proof2Silicon/journal_phase/dafny_to_rtl_pipeline/generated_python_raw/gpt-5.1-codex-max/Dafny_200-py/module_.py,/u/mjha1/Proof2Silicon/journal_phase/dafny_to_rtl_pipeline/generated_python_raw/gpt-5.1-codex-max/Dafny_200-py/__main__.py,/u/mjha1/Proof2Silicon/journal_phase/dafny_to_rtl_pipeline/generated_python/gpt-5.1-codex-max/Dafny_200,/u/mjha1/Proof2Silicon/journal_phase/dafny_to_rtl_pipeline/generated_python/gpt-5.1-codex-max/Dafny_200/module_.py;/u/mjha1/Proof2Silicon/journal_phase/dafny_to_rtl_pipeline/generated_python/gpt-5.1-codex-max/Dafny_200/__main__.py
gpt-5.1-codex-max,Dafny_206_firstverified,3,TRUE_TRANSLATION_FAILURE,True,/u/mjha1/Proof2Silicon/journal_phase/dafny_to_rtl_pipeline/dafny_outputs/gpt-5.1-codex-max/Dafny_206_firstverified.dfy,,0,,,,
gpt-5.1-codex-max,Dafny_207,3,TRUE_TRANSLATION_FAILURE,False,/u/mjha1/Proof2Silicon/journal_phase/dafny_to_rtl_pipeline/dafny_outputs/gpt-5.1-codex-max/Dafny_207.dfy,,0,,,,
gpt-5.1-codex-max,Dafny_216,3,TRUE_TRANSLATION_FAILURE,False,/u/mjha1/Proof2Silicon/journal_phase/dafny_to_rtl_pipeline/dafny_outputs/gpt-5.1-codex-max/Dafny_216.dfy,,0,,,,
gpt-5.1-codex-max,Dafny_225,0,SUCCESS,False,/u/mjha1/Proof2Silicon/journal_phase/dafny_to_rtl_pipeline/dafny_outputs/gpt-5.1-codex-max/Dafny_225.dfy,/u/mjha1/Proof2Silicon/journal_phase/dafny_to_rtl_pipeline/generated_python_raw/gpt-5.1-codex-max/Dafny_225-py,1,/u/mjha1/Proof2Silicon/journal_phase/dafny_to_rtl_pipeline/generated_python_raw/gpt-5.1-codex-max/Dafny_225-py/module_.py,/u/mjha1/Proof2Silicon/journal_phase/dafny_to_rtl_pipeline/generated_python_raw/gpt-5.1-codex-max/Dafny_225-py/__main__.py,/u/mjha1/Proof2Silicon/journal_phase/dafny_to_rtl_pipeline/generated_python/gpt-5.1-codex-max/Dafny_225,/u/mjha1/Proof2Silicon/journal_phase/dafny_to_rtl_pipeline/generated_python/gpt-5.1-codex-max/Dafny_225/module_.py;/u/mjha1/Proof2Silicon/journal_phase/dafny_to_rtl_pipeline/generated_python/gpt-5.1-codex-max/Dafny_225/__main__.py
gpt-5.1-codex-max,Dafny_227_firstverified,3,TRUE_TRANSLATION_FAILURE,True,/u/mjha1/Proof2Silicon/journal_phase/dafny_to_rtl_pipeline/dafny_outputs/gpt-5.1-codex-max/Dafny_227_firstverified.dfy,,0,,,,
gpt-5.1-codex-max,Dafny_229,0,SUCCESS,False,/u/mjha1/Proof2Silicon/journal_phase/dafny_to_rtl_pipeline/dafny_outputs/gpt-5.1-codex-max/Dafny_229.dfy,/u/mjha1/Proof2Silicon/journal_phase/dafny_to_rtl_pipeline/generated_python_raw/gpt-5.1-codex-max/Dafny_229-py,2,/u/mjha1/Proof2Silicon/journal_phase/dafny_to_rtl_pipeline/generated_python_raw/gpt-5.1-codex-max/Dafny_229-py/Maximum.py;/u/mjha1/Proof2Silicon/journal_phase/dafny_to_rtl_pipeline/generated_python_raw/gpt-5.1-codex-max/Dafny_229-py/module_.py,/u/mjha1/Proof2Silicon/journal_phase/dafny_to_rtl_pipeline/generated_python_raw/gpt-5.1-codex-max/Dafny_229-py/__main__.py,/u/mjha1/Proof2Silicon/journal_phase/dafny_to_rtl_pipeline/generated_python/gpt-5.1-codex-max/Dafny_229,/u/mjha1/Proof2Silicon/journal_phase/dafny_to_rtl_pipeline/generated_python/gpt-5.1-codex-max/Dafny_229/Maximum.py;/u/mjha1/Proof2Silicon/journal_phase/dafny_to_rtl_pipeline/generated_python/gpt-5.1-codex-max/Dafny_229/module_.py;/u/mjha1/Proof2Silicon/journal_phase/dafny_to_rtl_pipeline/generated_python/gpt-5.1-codex-max/Dafny_229/__main__.py
gpt-5.1-codex-max,Dafny_232,0,SUCCESS,False,/u/mjha1/Proof2Silicon/journal_phase/dafny_to_rtl_pipeline/dafny_outputs/gpt-5.1-codex-max/Dafny_232.dfy,/u/mjha1/Proof2Silicon/journal_phase/dafny_to_rtl_pipeline/generated_python_raw/gpt-5.1-codex-max/Dafny_232-py,2,/u/mjha1/Proof2Silicon/journal_phase/dafny_to_rtl_pipeline/generated_python_raw/gpt-5.1-codex-max/Dafny_232-py/GCDProgram.py;/u/mjha1/Proof2Silicon/journal_phase/dafny_to_rtl_pipeline/generated_python_raw/gpt-5.1-codex-max/Dafny_232-py/module_.py,/u/mjha1/Proof2Silicon/journal_phase/dafny_to_rtl_pipeline/generated_python_raw/gpt-5.1-codex-max/Dafny_232-py/__main__.py,/u/mjha1/Proof2Silicon/journal_phase/dafny_to_rtl_pipeline/generated_python/gpt-5.1-codex-max/Dafny_232,/u/mjha1/Proof2Silicon/journal_phase/dafny_to_rtl_pipeline/generated_python/gpt-5.1-codex-max/Dafny_232/GCDProgram.py;/u/mjha1/Proof2Silicon/journal_phase/dafny_to_rtl_pipeline/generated_python/gpt-5.1-codex-max/Dafny_232/module_.py;/u/mjha1/Proof2Silicon/journal_phase/dafny_to_rtl_pipeline/generated_python/gpt-5.1-codex-max/Dafny_232/__main__.py
gpt-5.1-codex-max,Dafny_233,0,SUCCESS,False,/u/mjha1/Proof2Silicon/journal_phase/dafny_to_rtl_pipeline/dafny_outputs/gpt-5.1-codex-max/Dafny_233.dfy,/u/mjha1/Proof2Silicon/journal_phase/dafny_to_rtl_pipeline/generated_python_raw/gpt-5.1-codex-max/Dafny_233-py,1,/u/mjha1/Proof2Silicon/journal_phase/dafny_to_rtl_pipeline/generated_python_raw/gpt-5.1-codex-max/Dafny_233-py/module_.py,/u/mjha1/Proof2Silicon/journal_phase/dafny_to_rtl_pipeline/generated_python_raw/gpt-5.1-codex-max/Dafny_233-py/__main__.py,/u/mjha1/Proof2Silicon/journal_phase/dafny_to_rtl_pipeline/generated_python/gpt-5.1-codex-max/Dafny_233,/u/mjha1/Proof2Silicon/journal_phase/dafny_to_rtl_pipeline/generated_python/gpt-5.1-codex-max/Dafny_233/module_.py;/u/mjha1/Proof2Silicon/journal_phase/dafny_to_rtl_pipeline/generated_python/gpt-5.1-codex-max/Dafny_233/__main__.py
gpt-5.1-codex-max,Dafny_238,0,SUCCESS,False,/u/mjha1/Proof2Silicon/journal_phase/dafny_to_rtl_pipeline/dafny_outputs/gpt-5.1-codex-max/Dafny_238.dfy,/u/mjha1/Proof2Silicon/journal_phase/dafny_to_rtl_pipeline/generated_python_raw/gpt-5.1-codex-max/Dafny_238-py,1,/u/mjha1/Proof2Silicon/journal_phase/dafny_to_rtl_pipeline/generated_python_raw/gpt-5.1-codex-max/Dafny_238-py/module_.py,/u/mjha1/Proof2Silicon/journal_phase/dafny_to_rtl_pipeline/generated_python_raw/gpt-5.1-codex-max/Dafny_238-py/__main__.py,/u/mjha1/Proof2Silicon/journal_phase/dafny_to_rtl_pipeline/generated_python/gpt-5.1-codex-max/Dafny_238,/u/mjha1/Proof2Silicon/journal_phase/dafny_to_rtl_pipeline/generated_python/gpt-5.1-codex-max/Dafny_238/module_.py;/u/mjha1/Proof2Silicon/journal_phase/dafny_to_rtl_pipeline/generated_python/gpt-5.1-codex-max/Dafny_238/__main__.py
gpt-5.1-codex-max,Dafny_254_firstverified,0,SUCCESS,True,/u/mjha1/Proof2Silicon/journal_phase/dafny_to_rtl_pipeline/dafny_outputs/gpt-5.1-codex-max/Dafny_254_firstverified.dfy,/u/mjha1/Proof2Silicon/journal_phase/dafny_to_rtl_pipeline/generated_python_raw/gpt-5.1-codex-max/Dafny_254_firstverified-py,2,/u/mjha1/Proof2Silicon/journal_phase/dafny_to_rtl_pipeline/generated_python_raw/gpt-5.1-codex-max/Dafny_254_firstverified-py/OctagonalNumber.py;/u/mjha1/Proof2Silicon/journal_phase/dafny_to_rtl_pipeline/generated_python_raw/gpt-5.1-codex-max/Dafny_254_firstverified-py/module_.py,/u/mjha1/Proof2Silicon/journal_phase/dafny_to_rtl_pipeline/generated_python_raw/gpt-5.1-codex-max/Dafny_254_firstverified-py/__main__.py,/u/mjha1/Proof2Silicon/journal_phase/dafny_to_rtl_pipeline/generated_python/gpt-5.1-codex-max/Dafny_254_firstverified,/u/mjha1/Proof2Silicon/journal_phase/dafny_to_rtl_pipeline/generated_python/gpt-5.1-codex-max/Dafny_254_firstverified/OctagonalNumber.py;/u/mjha1/Proof2Silicon/journal_phase/dafny_to_rtl_pipeline/generated_python/gpt-5.1-codex-max/Dafny_254_firstverified/module_.py;/u/mjha1/Proof2Silicon/journal_phase/dafny_to_rtl_pipeline/generated_python/gpt-5.1-codex-max/Dafny_254_firstverified/__main__.py
gpt-5.1-codex-max,Dafny_256,0,SUCCESS,False,/u/mjha1/Proof2Silicon/journal_phase/dafny_to_rtl_pipeline/dafny_outputs/gpt-5.1-codex-max/Dafny_256.dfy,/u/mjha1/Proof2Silicon/journal_phase/dafny_to_rtl_pipeline/generated_python_raw/gpt-5.1-codex-max/Dafny_256-py,1,/u/mjha1/Proof2Silicon/journal_phase/dafny_to_rtl_pipeline/generated_python_raw/gpt-5.1-codex-max/Dafny_256-py/module_.py,/u/mjha1/Proof2Silicon/journal_phase/dafny_to_rtl_pipeline/generated_python_raw/gpt-5.1-codex-max/Dafny_256-py/__main__.py,/u/mjha1/Proof2Silicon/journal_phase/dafny_to_rtl_pipeline/generated_python/gpt-5.1-codex-max/Dafny_256,/u/mjha1/Proof2Silicon/journal_phase/dafny_to_rtl_pipeline/generated_python/gpt-5.1-codex-max/Dafny_256/module_.py;/u/mjha1/Proof2Silicon/journal_phase/dafny_to_rtl_pipeline/generated_python/gpt-5.1-codex-max/Dafny_256/__main__.py
gpt-5.1-codex-max,Dafny_260_firstverified,0,SUCCESS,True,/u/mjha1/Proof2Silicon/journal_phase/dafny_to_rtl_pipeline/dafny_outputs/gpt-5.1-codex-max/Dafny_260_firstverified.dfy,/u/mjha1/Proof2Silicon/journal_phase/dafny_to_rtl_pipeline/generated_python_raw/gpt-5.1-codex-max/Dafny_260_firstverified-py,1,/u/mjha1/Proof2Silicon/journal_phase/dafny_to_rtl_pipeline/generated_python_raw/gpt-5.1-codex-max/Dafny_260_firstverified-py/module_.py,/u/mjha1/Proof2Silicon/journal_phase/dafny_to_rtl_pipeline/generated_python_raw/gpt-5.1-codex-max/Dafny_260_firstverified-py/__main__.py,/u/mjha1/Proof2Silicon/journal_phase/dafny_to_rtl_pipeline/generated_python/gpt-5.1-codex-max/Dafny_260_firstverified,/u/mjha1/Proof2Silicon/journal_phase/dafny_to_rtl_pipeline/generated_python/gpt-5.1-codex-max/Dafny_260_firstverified/module_.py;/u/mjha1/Proof2Silicon/journal_phase/dafny_to_rtl_pipeline/generated_python/gpt-5.1-codex-max/Dafny_260_firstverified/__main__.py
gpt-5.1-codex-max,Dafny_264,3,TRUE_TRANSLATION_FAILURE,False,/u/mjha1/Proof2Silicon/journal_phase/dafny_to_rtl_pipeline/dafny_outputs/gpt-5.1-codex-max/Dafny_264.dfy,,0,,,,
gpt-5.1-codex-max,Dafny_267,3,TRUE_TRANSLATION_FAILURE,False,/u/mjha1/Proof2Silicon/journal_phase/dafny_to_rtl_pipeline/dafny_outputs/gpt-5.1-codex-max/Dafny_267.dfy,,0,,,,
gpt-5.1-codex-max,Dafny_279,0,SUCCESS,False,/u/mjha1/Proof2Silicon/journal_phase/dafny_to_rtl_pipeline/dafny_outputs/gpt-5.1-codex-max/Dafny_279.dfy,/u/mjha1/Proof2Silicon/journal_phase/dafny_to_rtl_pipeline/generated_python_raw/gpt-5.1-codex-max/Dafny_279-py,1,/u/mjha1/Proof2Silicon/journal_phase/dafny_to_rtl_pipeline/generated_python_raw/gpt-5.1-codex-max/Dafny_279-py/module_.py,/u/mjha1/Proof2Silicon/journal_phase/dafny_to_rtl_pipeline/generated_python_raw/gpt-5.1-codex-max/Dafny_279-py/__main__.py,/u/mjha1/Proof2Silicon/journal_phase/dafny_to_rtl_pipeline/generated_python/gpt-5.1-codex-max/Dafny_279,/u/mjha1/Proof2Silicon/journal_phase/dafny_to_rtl_pipeline/generated_python/gpt-5.1-codex-max/Dafny_279/module_.py;/u/mjha1/Proof2Silicon/journal_phase/dafny_to_rtl_pipeline/generated_python/gpt-5.1-codex-max/Dafny_279/__main__.py
gpt-5.1-codex-max,Dafny_283,0,SUCCESS,False,/u/mjha1/Proof2Silicon/journal_phase/dafny_to_rtl_pipeline/dafny_outputs/gpt-5.1-codex-max/Dafny_283.dfy,/u/mjha1/Proof2Silicon/journal_phase/dafny_to_rtl_pipeline/generated_python_raw/gpt-5.1-codex-max/Dafny_283-py,1,/u/mjha1/Proof2Silicon/journal_phase/dafny_to_rtl_pipeline/generated_python_raw/gpt-5.1-codex-max/Dafny_283-py/module_.py,/u/mjha1/Proof2Silicon/journal_phase/dafny_to_rtl_pipeline/generated_python_raw/gpt-5.1-codex-max/Dafny_283-py/__main__.py,/u/mjha1/Proof2Silicon/journal_phase/dafny_to_rtl_pipeline/generated_python/gpt-5.1-codex-max/Dafny_283,/u/mjha1/Proof2Silicon/journal_phase/dafny_to_rtl_pipeline/generated_python/gpt-5.1-codex-max/Dafny_283/module_.py;/u/mjha1/Proof2Silicon/journal_phase/dafny_to_rtl_pipeline/generated_python/gpt-5.1-codex-max/Dafny_283/__main__.py
gpt-5.1-codex-max,Dafny_289_firstverified,0,SUCCESS,True,/u/mjha1/Proof2Silicon/journal_phase/dafny_to_rtl_pipeline/dafny_outputs/gpt-5.1-codex-max/Dafny_289_firstverified.dfy,/u/mjha1/Proof2Silicon/journal_phase/dafny_to_rtl_pipeline/generated_python_raw/gpt-5.1-codex-max/Dafny_289_firstverified-py,1,/u/mjha1/Proof2Silicon/journal_phase/dafny_to_rtl_pipeline/generated_python_raw/gpt-5.1-codex-max/Dafny_289_firstverified-py/module_.py,/u/mjha1/Proof2Silicon/journal_phase/dafny_to_rtl_pipeline/generated_python_raw/gpt-5.1-codex-max/Dafny_289_firstverified-py/__main__.py,/u/mjha1/Proof2Silicon/journal_phase/dafny_to_rtl_pipeline/generated_python/gpt-5.1-codex-max/Dafny_289_firstverified,/u/mjha1/Proof2Silicon/journal_phase/dafny_to_rtl_pipeline/generated_python/gpt-5.1-codex-max/Dafny_289_firstverified/module_.py;/u/mjha1/Proof2Silicon/journal_phase/dafny_to_rtl_pipeline/generated_python/gpt-5.1-codex-max/Dafny_289_firstverified/__main__.py
gpt-5.1-codex-max,Dafny_290_firstverified,3,TRUE_TRANSLATION_FAILURE,True,/u/mjha1/Proof2Silicon/journal_phase/dafny_to_rtl_pipeline/dafny_outputs/gpt-5.1-codex-max/Dafny_290_firstverified.dfy,,0,,,,
gpt-5.1-codex-max,Dafny_293_firstverified,0,SUCCESS,True,/u/mjha1/Proof2Silicon/journal_phase/dafny_to_rtl_pipeline/dafny_outputs/gpt-5.1-codex-max/Dafny_293_firstverified.dfy,/u/mjha1/Proof2Silicon/journal_phase/dafny_to_rtl_pipeline/generated_python_raw/gpt-5.1-codex-max/Dafny_293_firstverified-py,2,/u/mjha1/Proof2Silicon/journal_phase/dafny_to_rtl_pipeline/generated_python_raw/gpt-5.1-codex-max/Dafny_293_firstverified-py/SumOfSquaresOfFirstNOddNumbers.py;/u/mjha1/Proof2Silicon/journal_phase/dafny_to_rtl_pipeline/generated_python_raw/gpt-5.1-codex-max/Dafny_293_firstverified-py/module_.py,/u/mjha1/Proof2Silicon/journal_phase/dafny_to_rtl_pipeline/generated_python_raw/gpt-5.1-codex-max/Dafny_293_firstverified-py/__main__.py,/u/mjha1/Proof2Silicon/journal_phase/dafny_to_rtl_pipeline/generated_python/gpt-5.1-codex-max/Dafny_293_firstverified,/u/mjha1/Proof2Silicon/journal_phase/dafny_to_rtl_pipeline/generated_python/gpt-5.1-codex-max/Dafny_293_firstverified/SumOfSquaresOfFirstNOddNumbers.py;/u/mjha1/Proof2Silicon/journal_phase/dafny_to_rtl_pipeline/generated_python/gpt-5.1-codex-max/Dafny_293_firstverified/module_.py;/u/mjha1/Proof2Silicon/journal_phase/dafny_to_rtl_pipeline/generated_python/gpt-5.1-codex-max/Dafny_293_firstverified/__main__.py
gpt-5.1-codex-max,Dafny_299_firstverified,3,TRUE_TRANSLATION_FAILURE,True,/u/mjha1/Proof2Silicon/journal_phase/dafny_to_rtl_pipeline/dafny_outputs/gpt-5.1-codex-max/Dafny_299_firstverified.dfy,,0,,,,
gpt-5.1-codex-max,Dafny_311_firstverified,0,SUCCESS,True,/u/mjha1/Proof2Silicon/journal_phase/dafny_to_rtl_pipeline/dafny_outputs/gpt-5.1-codex-max/Dafny_311_firstverified.dfy,/u/mjha1/Proof2Silicon/journal_phase/dafny_to_rtl_pipeline/generated_python_raw/gpt-5.1-codex-max/Dafny_311_firstverified-py,2,/u/mjha1/Proof2Silicon/journal_phase/dafny_to_rtl_pipeline/generated_python_raw/gpt-5.1-codex-max/Dafny_311_firstverified-py/Min.py;/u/mjha1/Proof2Silicon/journal_phase/dafny_to_rtl_pipeline/generated_python_raw/gpt-5.1-codex-max/Dafny_311_firstverified-py/module_.py,/u/mjha1/Proof2Silicon/journal_phase/dafny_to_rtl_pipeline/generated_python_raw/gpt-5.1-codex-max/Dafny_311_firstverified-py/__main__.py,/u/mjha1/Proof2Silicon/journal_phase/dafny_to_rtl_pipeline/generated_python/gpt-5.1-codex-max/Dafny_311_firstverified,/u/mjha1/Proof2Silicon/journal_phase/dafny_to_rtl_pipeline/generated_python/gpt-5.1-codex-max/Dafny_311_firstverified/Min.py;/u/mjha1/Proof2Silicon/journal_phase/dafny_to_rtl_pipeline/generated_python/gpt-5.1-codex-max/Dafny_311_firstverified/module_.py;/u/mjha1/Proof2Silicon/journal_phase/dafny_to_rtl_pipeline/generated_python/gpt-5.1-codex-max/Dafny_311_firstverified/__main__.py
gpt-5.1-codex-max,Dafny_314_firstverified,0,SUCCESS,True,/u/mjha1/Proof2Silicon/journal_phase/dafny_to_rtl_pipeline/dafny_outputs/gpt-5.1-codex-max/Dafny_314_firstverified.dfy,/u/mjha1/Proof2Silicon/journal_phase/dafny_to_rtl_pipeline/generated_python_raw/gpt-5.1-codex-max/Dafny_314_firstverified-py,1,/u/mjha1/Proof2Silicon/journal_phase/dafny_to_rtl_pipeline/generated_python_raw/gpt-5.1-codex-max/Dafny_314_firstverified-py/module_.py,/u/mjha1/Proof2Silicon/journal_phase/dafny_to_rtl_pipeline/generated_python_raw/gpt-5.1-codex-max/Dafny_314_firstverified-py/__main__.py,/u/mjha1/Proof2Silicon/journal_phase/dafny_to_rtl_pipeline/generated_python/gpt-5.1-codex-max/Dafny_314_firstverified,/u/mjha1/Proof2Silicon/journal_phase/dafny_to_rtl_pipeline/generated_python/gpt-5.1-codex-max/Dafny_314_firstverified/module_.py;/u/mjha1/Proof2Silicon/journal_phase/dafny_to_rtl_pipeline/generated_python/gpt-5.1-codex-max/Dafny_314_firstverified/__main__.py
gpt-5.1-codex-max,Dafny_320_firstverified,0,SUCCESS,True,/u/mjha1/Proof2Silicon/journal_phase/dafny_to_rtl_pipeline/dafny_outputs/gpt-5.1-codex-max/Dafny_320_firstverified.dfy,/u/mjha1/Proof2Silicon/journal_phase/dafny_to_rtl_pipeline/generated_python_raw/gpt-5.1-codex-max/Dafny_320_firstverified-py,2,/u/mjha1/Proof2Silicon/journal_phase/dafny_to_rtl_pipeline/generated_python_raw/gpt-5.1-codex-max/Dafny_320_firstverified-py/FactorialModule.py;/u/mjha1/Proof2Silicon/journal_phase/dafny_to_rtl_pipeline/generated_python_raw/gpt-5.1-codex-max/Dafny_320_firstverified-py/module_.py,/u/mjha1/Proof2Silicon/journal_phase/dafny_to_rtl_pipeline/generated_python_raw/gpt-5.1-codex-max/Dafny_320_firstverified-py/__main__.py,/u/mjha1/Proof2Silicon/journal_phase/dafny_to_rtl_pipeline/generated_python/gpt-5.1-codex-max/Dafny_320_firstverified,/u/mjha1/Proof2Silicon/journal_phase/dafny_to_rtl_pipeline/generated_python/gpt-5.1-codex-max/Dafny_320_firstverified/FactorialModule.py;/u/mjha1/Proof2Silicon/journal_phase/dafny_to_rtl_pipeline/generated_python/gpt-5.1-codex-max/Dafny_320_firstverified/module_.py;/u/mjha1/Proof2Silicon/journal_phase/dafny_to_rtl_pipeline/generated_python/gpt-5.1-codex-max/Dafny_320_firstverified/__main__.py
gpt-5.1-codex-max,Dafny_322_firstverified,0,SUCCESS,True,/u/mjha1/Proof2Silicon/journal_phase/dafny_to_rtl_pipeline/dafny_outputs/gpt-5.1-codex-max/Dafny_322_firstverified.dfy,/u/mjha1/Proof2Silicon/journal_phase/dafny_to_rtl_pipeline/generated_python_raw/gpt-5.1-codex-max/Dafny_322_firstverified-py,1,/u/mjha1/Proof2Silicon/journal_phase/dafny_to_rtl_pipeline/generated_python_raw/gpt-5.1-codex-max/Dafny_322_firstverified-py/module_.py,/u/mjha1/Proof2Silicon/journal_phase/dafny_to_rtl_pipeline/generated_python_raw/gpt-5.1-codex-max/Dafny_322_firstverified-py/__main__.py,/u/mjha1/Proof2Silicon/journal_phase/dafny_to_rtl_pipeline/generated_python/gpt-5.1-codex-max/Dafny_322_firstverified,/u/mjha1/Proof2Silicon/journal_phase/dafny_to_rtl_pipeline/generated_python/gpt-5.1-codex-max/Dafny_322_firstverified/module_.py;/u/mjha1/Proof2Silicon/journal_phase/dafny_to_rtl_pipeline/generated_python/gpt-5.1-codex-max/Dafny_322_firstverified/__main__.py
gpt-5.1-codex-max,Dafny_323,0,SUCCESS,False,/u/mjha1/Proof2Silicon/journal_phase/dafny_to_rtl_pipeline/dafny_outputs/gpt-5.1-codex-max/Dafny_323.dfy,/u/mjha1/Proof2Silicon/journal_phase/dafny_to_rtl_pipeline/generated_python_raw/gpt-5.1-codex-max/Dafny_323-py,2,/u/mjha1/Proof2Silicon/journal_phase/dafny_to_rtl_pipeline/generated_python_raw/gpt-5.1-codex-max/Dafny_323-py/MultiplyElements.py;/u/mjha1/Proof2Silicon/journal_phase/dafny_to_rtl_pipeline/generated_python_raw/gpt-5.1-codex-max/Dafny_323-py/module_.py,/u/mjha1/Proof2Silicon/journal_phase/dafny_to_rtl_pipeline/generated_python_raw/gpt-5.1-codex-max/Dafny_323-py/__main__.py,/u/mjha1/Proof2Silicon/journal_phase/dafny_to_rtl_pipeline/generated_python/gpt-5.1-codex-max/Dafny_323,/u/mjha1/Proof2Silicon/journal_phase/dafny_to_rtl_pipeline/generated_python/gpt-5.1-codex-max/Dafny_323/MultiplyElements.py;/u/mjha1/Proof2Silicon/journal_phase/dafny_to_rtl_pipeline/generated_python/gpt-5.1-codex-max/Dafny_323/module_.py;/u/mjha1/Proof2Silicon/journal_phase/dafny_to_rtl_pipeline/generated_python/gpt-5.1-codex-max/Dafny_323/__main__.py
gpt-5.1-codex-max,Dafny_326_firstverified,0,SUCCESS,True,/u/mjha1/Proof2Silicon/journal_phase/dafny_to_rtl_pipeline/dafny_outputs/gpt-5.1-codex-max/Dafny_326_firstverified.dfy,/u/mjha1/Proof2Silicon/journal_phase/dafny_to_rtl_pipeline/generated_python_raw/gpt-5.1-codex-max/Dafny_326_firstverified-py,1,/u/mjha1/Proof2Silicon/journal_phase/dafny_to_rtl_pipeline/generated_python_raw/gpt-5.1-codex-max/Dafny_326_firstverified-py/module_.py,/u/mjha1/Proof2Silicon/journal_phase/dafny_to_rtl_pipeline/generated_python_raw/gpt-5.1-codex-max/Dafny_326_firstverified-py/__main__.py,/u/mjha1/Proof2Silicon/journal_phase/dafny_to_rtl_pipeline/generated_python/gpt-5.1-codex-max/Dafny_326_firstverified,/u/mjha1/Proof2Silicon/journal_phase/dafny_to_rtl_pipeline/generated_python/gpt-5.1-codex-max/Dafny_326_firstverified/module_.py;/u/mjha1/Proof2Silicon/journal_phase/dafny_to_rtl_pipeline/generated_python/gpt-5.1-codex-max/Dafny_326_firstverified/__main__.py
gpt-5.1-codex-max,Dafny_333,0,SUCCESS,False,/u/mjha1/Proof2Silicon/journal_phase/dafny_to_rtl_pipeline/dafny_outputs/gpt-5.1-codex-max/Dafny_333.dfy,/u/mjha1/Proof2Silicon/journal_phase/dafny_to_rtl_pipeline/generated_python_raw/gpt-5.1-codex-max/Dafny_333-py,2,/u/mjha1/Proof2Silicon/journal_phase/dafny_to_rtl_pipeline/generated_python_raw/gpt-5.1-codex-max/Dafny_333-py/Lowercase.py;/u/mjha1/Proof2Silicon/journal_phase/dafny_to_rtl_pipeline/generated_python_raw/gpt-5.1-codex-max/Dafny_333-py/module_.py,/u/mjha1/Proof2Silicon/journal_phase/dafny_to_rtl_pipeline/generated_python_raw/gpt-5.1-codex-max/Dafny_333-py/__main__.py,/u/mjha1/Proof2Silicon/journal_phase/dafny_to_rtl_pipeline/generated_python/gpt-5.1-codex-max/Dafny_333,/u/mjha1/Proof2Silicon/journal_phase/dafny_to_rtl_pipeline/generated_python/gpt-5.1-codex-max/Dafny_333/Lowercase.py;/u/mjha1/Proof2Silicon/journal_phase/dafny_to_rtl_pipeline/generated_python/gpt-5.1-codex-max/Dafny_333/module_.py;/u/mjha1/Proof2Silicon/journal_phase/dafny_to_rtl_pipeline/generated_python/gpt-5.1-codex-max/Dafny_333/__main__.py
gpt-5.1-codex-max,Dafny_355,0,SUCCESS,False,/u/mjha1/Proof2Silicon/journal_phase/dafny_to_rtl_pipeline/dafny_outputs/gpt-5.1-codex-max/Dafny_355.dfy,/u/mjha1/Proof2Silicon/journal_phase/dafny_to_rtl_pipeline/generated_python_raw/gpt-5.1-codex-max/Dafny_355-py,2,/u/mjha1/Proof2Silicon/journal_phase/dafny_to_rtl_pipeline/generated_python_raw/gpt-5.1-codex-max/Dafny_355-py/PrimeChecker.py;/u/mjha1/Proof2Silicon/journal_phase/dafny_to_rtl_pipeline/generated_python_raw/gpt-5.1-codex-max/Dafny_355-py/module_.py,/u/mjha1/Proof2Silicon/journal_phase/dafny_to_rtl_pipeline/generated_python_raw/gpt-5.1-codex-max/Dafny_355-py/__main__.py,/u/mjha1/Proof2Silicon/journal_phase/dafny_to_rtl_pipeline/generated_python/gpt-5.1-codex-max/Dafny_355,/u/mjha1/Proof2Silicon/journal_phase/dafny_to_rtl_pipeline/generated_python/gpt-5.1-codex-max/Dafny_355/PrimeChecker.py;/u/mjha1/Proof2Silicon/journal_phase/dafny_to_rtl_pipeline/generated_python/gpt-5.1-codex-max/Dafny_355/module_.py;/u/mjha1/Proof2Silicon/journal_phase/dafny_to_rtl_pipeline/generated_python/gpt-5.1-codex-max/Dafny_355/__main__.py
gpt-5.1-codex-max,Dafny_357,0,SUCCESS,False,/u/mjha1/Proof2Silicon/journal_phase/dafny_to_rtl_pipeline/dafny_outputs/gpt-5.1-codex-max/Dafny_357.dfy,/u/mjha1/Proof2Silicon/journal_phase/dafny_to_rtl_pipeline/generated_python_raw/gpt-5.1-codex-max/Dafny_357-py,1,/u/mjha1/Proof2Silicon/journal_phase/dafny_to_rtl_pipeline/generated_python_raw/gpt-5.1-codex-max/Dafny_357-py/module_.py,/u/mjha1/Proof2Silicon/journal_phase/dafny_to_rtl_pipeline/generated_python_raw/gpt-5.1-codex-max/Dafny_357-py/__main__.py,/u/mjha1/Proof2Silicon/journal_phase/dafny_to_rtl_pipeline/generated_python/gpt-5.1-codex-max/Dafny_357,/u/mjha1/Proof2Silicon/journal_phase/dafny_to_rtl_pipeline/generated_python/gpt-5.1-codex-max/Dafny_357/module_.py;/u/mjha1/Proof2Silicon/journal_phase/dafny_to_rtl_pipeline/generated_python/gpt-5.1-codex-max/Dafny_357/__main__.py
gpt-5.1-codex-max,Dafny_369_firstverified,3,TRUE_TRANSLATION_FAILURE,True,/u/mjha1/Proof2Silicon/journal_phase/dafny_to_rtl_pipeline/dafny_outputs/gpt-5.1-codex-max/Dafny_369_firstverified.dfy,,0,,,,
gpt-5.1-codex-max,Dafny_372,0,SUCCESS,False,/u/mjha1/Proof2Silicon/journal_phase/dafny_to_rtl_pipeline/dafny_outputs/gpt-5.1-codex-max/Dafny_372.dfy,/u/mjha1/Proof2Silicon/journal_phase/dafny_to_rtl_pipeline/generated_python_raw/gpt-5.1-codex-max/Dafny_372-py,1,/u/mjha1/Proof2Silicon/journal_phase/dafny_to_rtl_pipeline/generated_python_raw/gpt-5.1-codex-max/Dafny_372-py/module_.py,/u/mjha1/Proof2Silicon/journal_phase/dafny_to_rtl_pipeline/generated_python_raw/gpt-5.1-codex-max/Dafny_372-py/__main__.py,/u/mjha1/Proof2Silicon/journal_phase/dafny_to_rtl_pipeline/generated_python/gpt-5.1-codex-max/Dafny_372,/u/mjha1/Proof2Silicon/journal_phase/dafny_to_rtl_pipeline/generated_python/gpt-5.1-codex-max/Dafny_372/module_.py;/u/mjha1/Proof2Silicon/journal_phase/dafny_to_rtl_pipeline/generated_python/gpt-5.1-codex-max/Dafny_372/__main__.py
gpt-5.1-codex-max,Dafny_387,0,SUCCESS,False,/u/mjha1/Proof2Silicon/journal_phase/dafny_to_rtl_pipeline/dafny_outputs/gpt-5.1-codex-max/Dafny_387.dfy,/u/mjha1/Proof2Silicon/journal_phase/dafny_to_rtl_pipeline/generated_python_raw/gpt-5.1-codex-max/Dafny_387-py,2,/u/mjha1/Proof2Silicon/journal_phase/dafny_to_rtl_pipeline/generated_python_raw/gpt-5.1-codex-max/Dafny_387-py/CountListsModule.py;/u/mjha1/Proof2Silicon/journal_phase/dafny_to_rtl_pipeline/generated_python_raw/gpt-5.1-codex-max/Dafny_387-py/module_.py,/u/mjha1/Proof2Silicon/journal_phase/dafny_to_rtl_pipeline/generated_python_raw/gpt-5.1-codex-max/Dafny_387-py/__main__.py,/u/mjha1/Proof2Silicon/journal_phase/dafny_to_rtl_pipeline/generated_python/gpt-5.1-codex-max/Dafny_387,/u/mjha1/Proof2Silicon/journal_phase/dafny_to_rtl_pipeline/generated_python/gpt-5.1-codex-max/Dafny_387/CountListsModule.py;/u/mjha1/Proof2Silicon/journal_phase/dafny_to_rtl_pipeline/generated_python/gpt-5.1-codex-max/Dafny_387/module_.py;/u/mjha1/Proof2Silicon/journal_phase/dafny_to_rtl_pipeline/generated_python/gpt-5.1-codex-max/Dafny_387/__main__.py
gpt-5.1-codex-max,Dafny_392,0,SUCCESS,False,/u/mjha1/Proof2Silicon/journal_phase/dafny_to_rtl_pipeline/dafny_outputs/gpt-5.1-codex-max/Dafny_392.dfy,/u/mjha1/Proof2Silicon/journal_phase/dafny_to_rtl_pipeline/generated_python_raw/gpt-5.1-codex-max/Dafny_392-py,1,/u/mjha1/Proof2Silicon/journal_phase/dafny_to_rtl_pipeline/generated_python_raw/gpt-5.1-codex-max/Dafny_392-py/module_.py,/u/mjha1/Proof2Silicon/journal_phase/dafny_to_rtl_pipeline/generated_python_raw/gpt-5.1-codex-max/Dafny_392-py/__main__.py,/u/mjha1/Proof2Silicon/journal_phase/dafny_to_rtl_pipeline/generated_python/gpt-5.1-codex-max/Dafny_392,/u/mjha1/Proof2Silicon/journal_phase/dafny_to_rtl_pipeline/generated_python/gpt-5.1-codex-max/Dafny_392/module_.py;/u/mjha1/Proof2Silicon/journal_phase/dafny_to_rtl_pipeline/generated_python/gpt-5.1-codex-max/Dafny_392/__main__.py
gpt-5.1-codex-max,Dafny_399_firstverified,0,SUCCESS,True,/u/mjha1/Proof2Silicon/journal_phase/dafny_to_rtl_pipeline/dafny_outputs/gpt-5.1-codex-max/Dafny_399_firstverified.dfy,/u/mjha1/Proof2Silicon/journal_phase/dafny_to_rtl_pipeline/generated_python_raw/gpt-5.1-codex-max/Dafny_399_firstverified-py,2,/u/mjha1/Proof2Silicon/journal_phase/dafny_to_rtl_pipeline/generated_python_raw/gpt-5.1-codex-max/Dafny_399_firstverified-py/PowerLogs.py;/u/mjha1/Proof2Silicon/journal_phase/dafny_to_rtl_pipeline/generated_python_raw/gpt-5.1-codex-max/Dafny_399_firstverified-py/module_.py,/u/mjha1/Proof2Silicon/journal_phase/dafny_to_rtl_pipeline/generated_python_raw/gpt-5.1-codex-max/Dafny_399_firstverified-py/__main__.py,/u/mjha1/Proof2Silicon/journal_phase/dafny_to_rtl_pipeline/generated_python/gpt-5.1-codex-max/Dafny_399_firstverified,/u/mjha1/Proof2Silicon/journal_phase/dafny_to_rtl_pipeline/generated_python/gpt-5.1-codex-max/Dafny_399_firstverified/PowerLogs.py;/u/mjha1/Proof2Silicon/journal_phase/dafny_to_rtl_pipeline/generated_python/gpt-5.1-codex-max/Dafny_399_firstverified/module_.py;/u/mjha1/Proof2Silicon/journal_phase/dafny_to_rtl_pipeline/generated_python/gpt-5.1-codex-max/Dafny_399_firstverified/__main__.py
gpt-5.1-codex-max,Dafny_400,0,SUCCESS,False,/u/mjha1/Proof2Silicon/journal_phase/dafny_to_rtl_pipeline/dafny_outputs/gpt-5.1-codex-max/Dafny_400.dfy,/u/mjha1/Proof2Silicon/journal_phase/dafny_to_rtl_pipeline/generated_python_raw/gpt-5.1-codex-max/Dafny_400-py,1,/u/mjha1/Proof2Silicon/journal_phase/dafny_to_rtl_pipeline/generated_python_raw/gpt-5.1-codex-max/Dafny_400-py/module_.py,/u/mjha1/Proof2Silicon/journal_phase/dafny_to_rtl_pipeline/generated_python_raw/gpt-5.1-codex-max/Dafny_400-py/__main__.py,/u/mjha1/Proof2Silicon/journal_phase/dafny_to_rtl_pipeline/generated_python/gpt-5.1-codex-max/Dafny_400,/u/mjha1/Proof2Silicon/journal_phase/dafny_to_rtl_pipeline/generated_python/gpt-5.1-codex-max/Dafny_400/module_.py;/u/mjha1/Proof2Silicon/journal_phase/dafny_to_rtl_pipeline/generated_python/gpt-5.1-codex-max/Dafny_400/__main__.py
gpt-5.1-codex-max,Dafny_413,0,SUCCESS,False,/u/mjha1/Proof2Silicon/journal_phase/dafny_to_rtl_pipeline/dafny_outputs/gpt-5.1-codex-max/Dafny_413.dfy,/u/mjha1/Proof2Silicon/journal_phase/dafny_to_rtl_pipeline/generated_python_raw/gpt-5.1-codex-max/Dafny_413-py,2,/u/mjha1/Proof2Silicon/journal_phase/dafny_to_rtl_pipeline/generated_python_raw/gpt-5.1-codex-max/Dafny_413-py/SelectionSort.py;/u/mjha1/Proof2Silicon/journal_phase/dafny_to_rtl_pipeline/generated_python_raw/gpt-5.1-codex-max/Dafny_413-py/module_.py,/u/mjha1/Proof2Silicon/journal_phase/dafny_to_rtl_pipeline/generated_python_raw/gpt-5.1-codex-max/Dafny_413-py/__main__.py,/u/mjha1/Proof2Silicon/journal_phase/dafny_to_rtl_pipeline/generated_python/gpt-5.1-codex-max/Dafny_413,/u/mjha1/Proof2Silicon/journal_phase/dafny_to_rtl_pipeline/generated_python/gpt-5.1-codex-max/Dafny_413/SelectionSort.py;/u/mjha1/Proof2Silicon/journal_phase/dafny_to_rtl_pipeline/generated_python/gpt-5.1-codex-max/Dafny_413/module_.py;/u/mjha1/Proof2Silicon/journal_phase/dafny_to_rtl_pipeline/generated_python/gpt-5.1-codex-max/Dafny_413/__main__.py
gpt-5.1-codex-max,Dafny_426_firstverified,3,TRUE_TRANSLATION_FAILURE,True,/u/mjha1/Proof2Silicon/journal_phase/dafny_to_rtl_pipeline/dafny_outputs/gpt-5.1-codex-max/Dafny_426_firstverified.dfy,,0,,,,
gpt-5.1-codex-max,Dafny_427_firstverified,0,SUCCESS,True,/u/mjha1/Proof2Silicon/journal_phase/dafny_to_rtl_pipeline/dafny_outputs/gpt-5.1-codex-max/Dafny_427_firstverified.dfy,/u/mjha1/Proof2Silicon/journal_phase/dafny_to_rtl_pipeline/generated_python_raw/gpt-5.1-codex-max/Dafny_427_firstverified-py,2,/u/mjha1/Proof2Silicon/journal_phase/dafny_to_rtl_pipeline/generated_python_raw/gpt-5.1-codex-max/Dafny_427_firstverified-py/Mult.py;/u/mjha1/Proof2Silicon/journal_phase/dafny_to_rtl_pipeline/generated_python_raw/gpt-5.1-codex-max/Dafny_427_firstverified-py/module_.py,/u/mjha1/Proof2Silicon/journal_phase/dafny_to_rtl_pipeline/generated_python_raw/gpt-5.1-codex-max/Dafny_427_firstverified-py/__main__.py,/u/mjha1/Proof2Silicon/journal_phase/dafny_to_rtl_pipeline/generated_python/gpt-5.1-codex-max/Dafny_427_firstverified,/u/mjha1/Proof2Silicon/journal_phase/dafny_to_rtl_pipeline/generated_python/gpt-5.1-codex-max/Dafny_427_firstverified/Mult.py;/u/mjha1/Proof2Silicon/journal_phase/dafny_to_rtl_pipeline/generated_python/gpt-5.1-codex-max/Dafny_427_firstverified/module_.py;/u/mjha1/Proof2Silicon/journal_phase/dafny_to_rtl_pipeline/generated_python/gpt-5.1-codex-max/Dafny_427_firstverified/__main__.py
gpt-5.1-codex-max,Dafny_437,0,SUCCESS,False,/u/mjha1/Proof2Silicon/journal_phase/dafny_to_rtl_pipeline/dafny_outputs/gpt-5.1-codex-max/Dafny_437.dfy,/u/mjha1/Proof2Silicon/journal_phase/dafny_to_rtl_pipeline/generated_python_raw/gpt-5.1-codex-max/Dafny_437-py,1,/u/mjha1/Proof2Silicon/journal_phase/dafny_to_rtl_pipeline/generated_python_raw/gpt-5.1-codex-max/Dafny_437-py/module_.py,/u/mjha1/Proof2Silicon/journal_phase/dafny_to_rtl_pipeline/generated_python_raw/gpt-5.1-codex-max/Dafny_437-py/__main__.py,/u/mjha1/Proof2Silicon/journal_phase/dafny_to_rtl_pipeline/generated_python/gpt-5.1-codex-max/Dafny_437,/u/mjha1/Proof2Silicon/journal_phase/dafny_to_rtl_pipeline/generated_python/gpt-5.1-codex-max/Dafny_437/module_.py;/u/mjha1/Proof2Silicon/journal_phase/dafny_to_rtl_pipeline/generated_python/gpt-5.1-codex-max/Dafny_437/__main__.py
gpt-5.1-codex-max,Dafny_450_firstverified,0,SUCCESS,True,/u/mjha1/Proof2Silicon/journal_phase/dafny_to_rtl_pipeline/dafny_outputs/gpt-5.1-codex-max/Dafny_450_firstverified.dfy,/u/mjha1/Proof2Silicon/journal_phase/dafny_to_rtl_pipeline/generated_python_raw/gpt-5.1-codex-max/Dafny_450_firstverified-py,1,/u/mjha1/Proof2Silicon/journal_phase/dafny_to_rtl_pipeline/generated_python_raw/gpt-5.1-codex-max/Dafny_450_firstverified-py/module_.py,/u/mjha1/Proof2Silicon/journal_phase/dafny_to_rtl_pipeline/generated_python_raw/gpt-5.1-codex-max/Dafny_450_firstverified-py/__main__.py,/u/mjha1/Proof2Silicon/journal_phase/dafny_to_rtl_pipeline/generated_python/gpt-5.1-codex-max/Dafny_450_firstverified,/u/mjha1/Proof2Silicon/journal_phase/dafny_to_rtl_pipeline/generated_python/gpt-5.1-codex-max/Dafny_450_firstverified/module_.py;/u/mjha1/Proof2Silicon/journal_phase/dafny_to_rtl_pipeline/generated_python/gpt-5.1-codex-max/Dafny_450_firstverified/__main__.py
gpt-5.1-codex-max,Dafny_452,0,SUCCESS,False,/u/mjha1/Proof2Silicon/journal_phase/dafny_to_rtl_pipeline/dafny_outputs/gpt-5.1-codex-max/Dafny_452.dfy,/u/mjha1/Proof2Silicon/journal_phase/dafny_to_rtl_pipeline/generated_python_raw/gpt-5.1-codex-max/Dafny_452-py,2,/u/mjha1/Proof2Silicon/journal_phase/dafny_to_rtl_pipeline/generated_python_raw/gpt-5.1-codex-max/Dafny_452-py/FactorialModule.py;/u/mjha1/Proof2Silicon/journal_phase/dafny_to_rtl_pipeline/generated_python_raw/gpt-5.1-codex-max/Dafny_452-py/module_.py,/u/mjha1/Proof2Silicon/journal_phase/dafny_to_rtl_pipeline/generated_python_raw/gpt-5.1-codex-max/Dafny_452-py/__main__.py,/u/mjha1/Proof2Silicon/journal_phase/dafny_to_rtl_pipeline/generated_python/gpt-5.1-codex-max/Dafny_452,/u/mjha1/Proof2Silicon/journal_phase/dafny_to_rtl_pipeline/generated_python/gpt-5.1-codex-max/Dafny_452/FactorialModule.py;/u/mjha1/Proof2Silicon/journal_phase/dafny_to_rtl_pipeline/generated_python/gpt-5.1-codex-max/Dafny_452/module_.py;/u/mjha1/Proof2Silicon/journal_phase/dafny_to_rtl_pipeline/generated_python/gpt-5.1-codex-max/Dafny_452/__main__.py
gpt-5.1-codex-max,Dafny_458,0,SUCCESS,False,/u/mjha1/Proof2Silicon/journal_phase/dafny_to_rtl_pipeline/dafny_outputs/gpt-5.1-codex-max/Dafny_458.dfy,/u/mjha1/Proof2Silicon/journal_phase/dafny_to_rtl_pipeline/generated_python_raw/gpt-5.1-codex-max/Dafny_458-py,2,/u/mjha1/Proof2Silicon/journal_phase/dafny_to_rtl_pipeline/generated_python_raw/gpt-5.1-codex-max/Dafny_458-py/FindMax.py;/u/mjha1/Proof2Silicon/journal_phase/dafny_to_rtl_pipeline/generated_python_raw/gpt-5.1-codex-max/Dafny_458-py/module_.py,/u/mjha1/Proof2Silicon/journal_phase/dafny_to_rtl_pipeline/generated_python_raw/gpt-5.1-codex-max/Dafny_458-py/__main__.py,/u/mjha1/Proof2Silicon/journal_phase/dafny_to_rtl_pipeline/generated_python/gpt-5.1-codex-max/Dafny_458,/u/mjha1/Proof2Silicon/journal_phase/dafny_to_rtl_pipeline/generated_python/gpt-5.1-codex-max/Dafny_458/FindMax.py;/u/mjha1/Proof2Silicon/journal_phase/dafny_to_rtl_pipeline/generated_python/gpt-5.1-codex-max/Dafny_458/module_.py;/u/mjha1/Proof2Silicon/journal_phase/dafny_to_rtl_pipeline/generated_python/gpt-5.1-codex-max/Dafny_458/__main__.py
gpt-5.1-codex-max,Dafny_459,3,TRUE_TRANSLATION_FAILURE,False,/u/mjha1/Proof2Silicon/journal_phase/dafny_to_rtl_pipeline/dafny_outputs/gpt-5.1-codex-max/Dafny_459.dfy,,0,,,,
gpt-5.1-codex-max,Dafny_465,3,TRUE_TRANSLATION_FAILURE,False,/u/mjha1/Proof2Silicon/journal_phase/dafny_to_rtl_pipeline/dafny_outputs/gpt-5.1-codex-max/Dafny_465.dfy,,0,,,,
gpt-5.1-codex-max,Dafny_471,0,SUCCESS,False,/u/mjha1/Proof2Silicon/journal_phase/dafny_to_rtl_pipeline/dafny_outputs/gpt-5.1-codex-max/Dafny_471.dfy,/u/mjha1/Proof2Silicon/journal_phase/dafny_to_rtl_pipeline/generated_python_raw/gpt-5.1-codex-max/Dafny_471-py,1,/u/mjha1/Proof2Silicon/journal_phase/dafny_to_rtl_pipeline/generated_python_raw/gpt-5.1-codex-max/Dafny_471-py/module_.py,/u/mjha1/Proof2Silicon/journal_phase/dafny_to_rtl_pipeline/generated_python_raw/gpt-5.1-codex-max/Dafny_471-py/__main__.py,/u/mjha1/Proof2Silicon/journal_phase/dafny_to_rtl_pipeline/generated_python/gpt-5.1-codex-max/Dafny_471,/u/mjha1/Proof2Silicon/journal_phase/dafny_to_rtl_pipeline/generated_python/gpt-5.1-codex-max/Dafny_471/module_.py;/u/mjha1/Proof2Silicon/journal_phase/dafny_to_rtl_pipeline/generated_python/gpt-5.1-codex-max/Dafny_471/__main__.py
gpt-5.1-codex-max,Dafny_475,0,SUCCESS,False,/u/mjha1/Proof2Silicon/journal_phase/dafny_to_rtl_pipeline/dafny_outputs/gpt-5.1-codex-max/Dafny_475.dfy,/u/mjha1/Proof2Silicon/journal_phase/dafny_to_rtl_pipeline/generated_python_raw/gpt-5.1-codex-max/Dafny_475-py,2,/u/mjha1/Proof2Silicon/journal_phase/dafny_to_rtl_pipeline/generated_python_raw/gpt-5.1-codex-max/Dafny_475-py/Factorial.py;/u/mjha1/Proof2Silicon/journal_phase/dafny_to_rtl_pipeline/generated_python_raw/gpt-5.1-codex-max/Dafny_475-py/module_.py,/u/mjha1/Proof2Silicon/journal_phase/dafny_to_rtl_pipeline/generated_python_raw/gpt-5.1-codex-max/Dafny_475-py/__main__.py,/u/mjha1/Proof2Silicon/journal_phase/dafny_to_rtl_pipeline/generated_python/gpt-5.1-codex-max/Dafny_475,/u/mjha1/Proof2Silicon/journal_phase/dafny_to_rtl_pipeline/generated_python/gpt-5.1-codex-max/Dafny_475/Factorial.py;/u/mjha1/Proof2Silicon/journal_phase/dafny_to_rtl_pipeline/generated_python/gpt-5.1-codex-max/Dafny_475/module_.py;/u/mjha1/Proof2Silicon/journal_phase/dafny_to_rtl_pipeline/generated_python/gpt-5.1-codex-max/Dafny_475/__main__.py
gpt-5.1-codex-max,Dafny_481,0,SUCCESS,False,/u/mjha1/Proof2Silicon/journal_phase/dafny_to_rtl_pipeline/dafny_outputs/gpt-5.1-codex-max/Dafny_481.dfy,/u/mjha1/Proof2Silicon/journal_phase/dafny_to_rtl_pipeline/generated_python_raw/gpt-5.1-codex-max/Dafny_481-py,1,/u/mjha1/Proof2Silicon/journal_phase/dafny_to_rtl_pipeline/generated_python_raw/gpt-5.1-codex-max/Dafny_481-py/module_.py,/u/mjha1/Proof2Silicon/journal_phase/dafny_to_rtl_pipeline/generated_python_raw/gpt-5.1-codex-max/Dafny_481-py/__main__.py,/u/mjha1/Proof2Silicon/journal_phase/dafny_to_rtl_pipeline/generated_python/gpt-5.1-codex-max/Dafny_481,/u/mjha1/Proof2Silicon/journal_phase/dafny_to_rtl_pipeline/generated_python/gpt-5.1-codex-max/Dafny_481/module_.py;/u/mjha1/Proof2Silicon/journal_phase/dafny_to_rtl_pipeline/generated_python/gpt-5.1-codex-max/Dafny_481/__main__.py
gpt-5.1-codex-max,Dafny_484,3,TRUE_TRANSLATION_FAILURE,False,/u/mjha1/Proof2Silicon/journal_phase/dafny_to_rtl_pipeline/dafny_outputs/gpt-5.1-codex-max/Dafny_484.dfy,,0,,,,
gpt-5.1-codex-max,Dafny_488_firstverified,3,TRUE_TRANSLATION_FAILURE,True,/u/mjha1/Proof2Silicon/journal_phase/dafny_to_rtl_pipeline/dafny_outputs/gpt-5.1-codex-max/Dafny_488_firstverified.dfy,,0,,,,
gpt-5.1-codex-max,Dafny_500,0,SUCCESS,False,/u/mjha1/Proof2Silicon/journal_phase/dafny_to_rtl_pipeline/dafny_outputs/gpt-5.1-codex-max/Dafny_500.dfy,/u/mjha1/Proof2Silicon/journal_phase/dafny_to_rtl_pipeline/generated_python_raw/gpt-5.1-codex-max/Dafny_500-py,2,/u/mjha1/Proof2Silicon/journal_phase/dafny_to_rtl_pipeline/generated_python_raw/gpt-5.1-codex-max/Dafny_500-py/IterativeMath.py;/u/mjha1/Proof2Silicon/journal_phase/dafny_to_rtl_pipeline/generated_python_raw/gpt-5.1-codex-max/Dafny_500-py/module_.py,/u/mjha1/Proof2Silicon/journal_phase/dafny_to_rtl_pipeline/generated_python_raw/gpt-5.1-codex-max/Dafny_500-py/__main__.py,/u/mjha1/Proof2Silicon/journal_phase/dafny_to_rtl_pipeline/generated_python/gpt-5.1-codex-max/Dafny_500,/u/mjha1/Proof2Silicon/journal_phase/dafny_to_rtl_pipeline/generated_python/gpt-5.1-codex-max/Dafny_500/IterativeMath.py;/u/mjha1/Proof2Silicon/journal_phase/dafny_to_rtl_pipeline/generated_python/gpt-5.1-codex-max/Dafny_500/module_.py;/u/mjha1/Proof2Silicon/journal_phase/dafny_to_rtl_pipeline/generated_python/gpt-5.1-codex-max/Dafny_500/__main__.py
gpt-5.1-codex-max,Dafny_501_firstverified,3,TRUE_TRANSLATION_FAILURE,True,/u/mjha1/Proof2Silicon/journal_phase/dafny_to_rtl_pipeline/dafny_outputs/gpt-5.1-codex-max/Dafny_501_firstverified.dfy,,0,,,,
gpt-5.1-codex-max,Dafny_502,3,TRUE_TRANSLATION_FAILURE,False,/u/mjha1/Proof2Silicon/journal_phase/dafny_to_rtl_pipeline/dafny_outputs/gpt-5.1-codex-max/Dafny_502.dfy,,0,,,,
gpt-5.1-codex-max,Dafny_503_firstverified,0,SUCCESS,True,/u/mjha1/Proof2Silicon/journal_phase/dafny_to_rtl_pipeline/dafny_outputs/gpt-5.1-codex-max/Dafny_503_firstverified.dfy,/u/mjha1/Proof2Silicon/journal_phase/dafny_to_rtl_pipeline/generated_python_raw/gpt-5.1-codex-max/Dafny_503_firstverified-py,1,/u/mjha1/Proof2Silicon/journal_phase/dafny_to_rtl_pipeline/generated_python_raw/gpt-5.1-codex-max/Dafny_503_firstverified-py/module_.py,/u/mjha1/Proof2Silicon/journal_phase/dafny_to_rtl_pipeline/generated_python_raw/gpt-5.1-codex-max/Dafny_503_firstverified-py/__main__.py,/u/mjha1/Proof2Silicon/journal_phase/dafny_to_rtl_pipeline/generated_python/gpt-5.1-codex-max/Dafny_503_firstverified,/u/mjha1/Proof2Silicon/journal_phase/dafny_to_rtl_pipeline/generated_python/gpt-5.1-codex-max/Dafny_503_firstverified/module_.py;/u/mjha1/Proof2Silicon/journal_phase/dafny_to_rtl_pipeline/generated_python/gpt-5.1-codex-max/Dafny_503_firstverified/__main__.py
gpt-5.1-codex-max,Dafny_505_firstverified,0,SUCCESS,True,/u/mjha1/Proof2Silicon/journal_phase/dafny_to_rtl_pipeline/dafny_outputs/gpt-5.1-codex-max/Dafny_505_firstverified.dfy,/u/mjha1/Proof2Silicon/journal_phase/dafny_to_rtl_pipeline/generated_python_raw/gpt-5.1-codex-max/Dafny_505_firstverified-py,2,/u/mjha1/Proof2Silicon/journal_phase/dafny_to_rtl_pipeline/generated_python_raw/gpt-5.1-codex-max/Dafny_505_firstverified-py/ComparisonProperties.py;/u/mjha1/Proof2Silicon/journal_phase/dafny_to_rtl_pipeline/generated_python_raw/gpt-5.1-codex-max/Dafny_505_firstverified-py/module_.py,/u/mjha1/Proof2Silicon/journal_phase/dafny_to_rtl_pipeline/generated_python_raw/gpt-5.1-codex-max/Dafny_505_firstverified-py/__main__.py,/u/mjha1/Proof2Silicon/journal_phase/dafny_to_rtl_pipeline/generated_python/gpt-5.1-codex-max/Dafny_505_firstverified,/u/mjha1/Proof2Silicon/journal_phase/dafny_to_rtl_pipeline/generated_python/gpt-5.1-codex-max/Dafny_505_firstverified/ComparisonProperties.py;/u/mjha1/Proof2Silicon/journal_phase/dafny_to_rtl_pipeline/generated_python/gpt-5.1-codex-max/Dafny_505_firstverified/module_.py;/u/mjha1/Proof2Silicon/journal_phase/dafny_to_rtl_pipeline/generated_python/gpt-5.1-codex-max/Dafny_505_firstverified/__main__.py
gpt-5.1-codex-max,Dafny_510,0,SUCCESS,False,/u/mjha1/Proof2Silicon/journal_phase/dafny_to_rtl_pipeline/dafny_outputs/gpt-5.1-codex-max/Dafny_510.dfy,/u/mjha1/Proof2Silicon/journal_phase/dafny_to_rtl_pipeline/generated_python_raw/gpt-5.1-codex-max/Dafny_510-py,3,/u/mjha1/Proof2Silicon/journal_phase/dafny_to_rtl_pipeline/generated_python_raw/gpt-5.1-codex-max/Dafny_510-py/Implementation.py;/u/mjha1/Proof2Silicon/journal_phase/dafny_to_rtl_pipeline/generated_python_raw/gpt-5.1-codex-max/Dafny_510-py/Mod2.py;/u/mjha1/Proof2Silicon/journal_phase/dafny_to_rtl_pipeline/generated_python_raw/gpt-5.1-codex-max/Dafny_510-py/module_.py,/u/mjha1/Proof2Silicon/journal_phase/dafny_to_rtl_pipeline/generated_python_raw/gpt-5.1-codex-max/Dafny_510-py/__main__.py,/u/mjha1/Proof2Silicon/journal_phase/dafny_to_rtl_pipeline/generated_python/gpt-5.1-codex-max/Dafny_510,/u/mjha1/Proof2Silicon/journal_phase/dafny_to_rtl_pipeline/generated_python/gpt-5.1-codex-max/Dafny_510/Implementation.py;/u/mjha1/Proof2Silicon/journal_phase/dafny_to_rtl_pipeline/generated_python/gpt-5.1-codex-max/Dafny_510/Mod2.py;/u/mjha1/Proof2Silicon/journal_phase/dafny_to_rtl_pipeline/generated_python/gpt-5.1-codex-max/Dafny_510/module_.py;/u/mjha1/Proof2Silicon/journal_phase/dafny_to_rtl_pipeline/generated_python/gpt-5.1-codex-max/Dafny_510/__main__.py
gpt-5.1-codex-max,Dafny_512,3,TRUE_TRANSLATION_FAILURE,False,/u/mjha1/Proof2Silicon/journal_phase/dafny_to_rtl_pipeline/dafny_outputs/gpt-5.1-codex-max/Dafny_512.dfy,,0,,,,
gpt-5.1-codex-max,Dafny_518,0,SUCCESS,False,/u/mjha1/Proof2Silicon/journal_phase/dafny_to_rtl_pipeline/dafny_outputs/gpt-5.1-codex-max/Dafny_518.dfy,/u/mjha1/Proof2Silicon/journal_phase/dafny_to_rtl_pipeline/generated_python_raw/gpt-5.1-codex-max/Dafny_518-py,1,/u/mjha1/Proof2Silicon/journal_phase/dafny_to_rtl_pipeline/generated_python_raw/gpt-5.1-codex-max/Dafny_518-py/module_.py,/u/mjha1/Proof2Silicon/journal_phase/dafny_to_rtl_pipeline/generated_python_raw/gpt-5.1-codex-max/Dafny_518-py/__main__.py,/u/mjha1/Proof2Silicon/journal_phase/dafny_to_rtl_pipeline/generated_python/gpt-5.1-codex-max/Dafny_518,/u/mjha1/Proof2Silicon/journal_phase/dafny_to_rtl_pipeline/generated_python/gpt-5.1-codex-max/Dafny_518/module_.py;/u/mjha1/Proof2Silicon/journal_phase/dafny_to_rtl_pipeline/generated_python/gpt-5.1-codex-max/Dafny_518/__main__.py
gpt-5.1-codex-max,Dafny_531,0,SUCCESS,False,/u/mjha1/Proof2Silicon/journal_phase/dafny_to_rtl_pipeline/dafny_outputs/gpt-5.1-codex-max/Dafny_531.dfy,/u/mjha1/Proof2Silicon/journal_phase/dafny_to_rtl_pipeline/generated_python_raw/gpt-5.1-codex-max/Dafny_531-py,1,/u/mjha1/Proof2Silicon/journal_phase/dafny_to_rtl_pipeline/generated_python_raw/gpt-5.1-codex-max/Dafny_531-py/module_.py,/u/mjha1/Proof2Silicon/journal_phase/dafny_to_rtl_pipeline/generated_python_raw/gpt-5.1-codex-max/Dafny_531-py/__main__.py,/u/mjha1/Proof2Silicon/journal_phase/dafny_to_rtl_pipeline/generated_python/gpt-5.1-codex-max/Dafny_531,/u/mjha1/Proof2Silicon/journal_phase/dafny_to_rtl_pipeline/generated_python/gpt-5.1-codex-max/Dafny_531/module_.py;/u/mjha1/Proof2Silicon/journal_phase/dafny_to_rtl_pipeline/generated_python/gpt-5.1-codex-max/Dafny_531/__main__.py
gpt-5.1-codex-max,Dafny_536,3,TRUE_TRANSLATION_FAILURE,False,/u/mjha1/Proof2Silicon/journal_phase/dafny_to_rtl_pipeline/dafny_outputs/gpt-5.1-codex-max/Dafny_536.dfy,,0,,,,
gpt-5.1-codex-max,Dafny_537,0,SUCCESS,False,/u/mjha1/Proof2Silicon/journal_phase/dafny_to_rtl_pipeline/dafny_outputs/gpt-5.1-codex-max/Dafny_537.dfy,/u/mjha1/Proof2Silicon/journal_phase/dafny_to_rtl_pipeline/generated_python_raw/gpt-5.1-codex-max/Dafny_537-py,2,/u/mjha1/Proof2Silicon/journal_phase/dafny_to_rtl_pipeline/generated_python_raw/gpt-5.1-codex-max/Dafny_537-py/f.py;/u/mjha1/Proof2Silicon/journal_phase/dafny_to_rtl_pipeline/generated_python_raw/gpt-5.1-codex-max/Dafny_537-py/module_.py,/u/mjha1/Proof2Silicon/journal_phase/dafny_to_rtl_pipeline/generated_python_raw/gpt-5.1-codex-max/Dafny_537-py/__main__.py,/u/mjha1/Proof2Silicon/journal_phase/dafny_to_rtl_pipeline/generated_python/gpt-5.1-codex-max/Dafny_537,/u/mjha1/Proof2Silicon/journal_phase/dafny_to_rtl_pipeline/generated_python/gpt-5.1-codex-max/Dafny_537/f.py;/u/mjha1/Proof2Silicon/journal_phase/dafny_to_rtl_pipeline/generated_python/gpt-5.1-codex-max/Dafny_537/module_.py;/u/mjha1/Proof2Silicon/journal_phase/dafny_to_rtl_pipeline/generated_python/gpt-5.1-codex-max/Dafny_537/__main__.py
gpt-5.1-codex-max,Dafny_539_firstverified,3,TRUE_TRANSLATION_FAILURE,True,/u/mjha1/Proof2Silicon/journal_phase/dafny_to_rtl_pipeline/dafny_outputs/gpt-5.1-codex-max/Dafny_539_firstverified.dfy,,0,,,,
gpt-5.1-codex-max,Dafny_542_firstverified,0,SUCCESS,True,/u/mjha1/Proof2Silicon/journal_phase/dafny_to_rtl_pipeline/dafny_outputs/gpt-5.1-codex-max/Dafny_542_firstverified.dfy,/u/mjha1/Proof2Silicon/journal_phase/dafny_to_rtl_pipeline/generated_python_raw/gpt-5.1-codex-max/Dafny_542_firstverified-py,1,/u/mjha1/Proof2Silicon/journal_phase/dafny_to_rtl_pipeline/generated_python_raw/gpt-5.1-codex-max/Dafny_542_firstverified-py/module_.py,/u/mjha1/Proof2Silicon/journal_phase/dafny_to_rtl_pipeline/generated_python_raw/gpt-5.1-codex-max/Dafny_542_firstverified-py/__main__.py,/u/mjha1/Proof2Silicon/journal_phase/dafny_to_rtl_pipeline/generated_python/gpt-5.1-codex-max/Dafny_542_firstverified,/u/mjha1/Proof2Silicon/journal_phase/dafny_to_rtl_pipeline/generated_python/gpt-5.1-codex-max/Dafny_542_firstverified/module_.py;/u/mjha1/Proof2Silicon/journal_phase/dafny_to_rtl_pipeline/generated_python/gpt-5.1-codex-max/Dafny_542_firstverified/__main__.py
gpt-5.1-codex-max,Dafny_546,0,SUCCESS,False,/u/mjha1/Proof2Silicon/journal_phase/dafny_to_rtl_pipeline/dafny_outputs/gpt-5.1-codex-max/Dafny_546.dfy,/u/mjha1/Proof2Silicon/journal_phase/dafny_to_rtl_pipeline/generated_python_raw/gpt-5.1-codex-max/Dafny_546-py,1,/u/mjha1/Proof2Silicon/journal_phase/dafny_to_rtl_pipeline/generated_python_raw/gpt-5.1-codex-max/Dafny_546-py/module_.py,/u/mjha1/Proof2Silicon/journal_phase/dafny_to_rtl_pipeline/generated_python_raw/gpt-5.1-codex-max/Dafny_546-py/__main__.py,/u/mjha1/Proof2Silicon/journal_phase/dafny_to_rtl_pipeline/generated_python/gpt-5.1-codex-max/Dafny_546,/u/mjha1/Proof2Silicon/journal_phase/dafny_to_rtl_pipeline/generated_python/gpt-5.1-codex-max/Dafny_546/module_.py;/u/mjha1/Proof2Silicon/journal_phase/dafny_to_rtl_pipeline/generated_python/gpt-5.1-codex-max/Dafny_546/__main__.py
gpt-5.1-codex-max,Dafny_554_firstverified,3,TRUE_TRANSLATION_FAILURE,True,/u/mjha1/Proof2Silicon/journal_phase/dafny_to_rtl_pipeline/dafny_outputs/gpt-5.1-codex-max/Dafny_554_firstverified.dfy,,0,,,,
gpt-5.1-codex-max,Dafny_555_firstverified,0,SUCCESS,True,/u/mjha1/Proof2Silicon/journal_phase/dafny_to_rtl_pipeline/dafny_outputs/gpt-5.1-codex-max/Dafny_555_firstverified.dfy,/u/mjha1/Proof2Silicon/journal_phase/dafny_to_rtl_pipeline/generated_python_raw/gpt-5.1-codex-max/Dafny_555_firstverified-py,2,/u/mjha1/Proof2Silicon/journal_phase/dafny_to_rtl_pipeline/generated_python_raw/gpt-5.1-codex-max/Dafny_555_firstverified-py/SeqSumGuide.py;/u/mjha1/Proof2Silicon/journal_phase/dafny_to_rtl_pipeline/generated_python_raw/gpt-5.1-codex-max/Dafny_555_firstverified-py/module_.py,/u/mjha1/Proof2Silicon/journal_phase/dafny_to_rtl_pipeline/generated_python_raw/gpt-5.1-codex-max/Dafny_555_firstverified-py/__main__.py,/u/mjha1/Proof2Silicon/journal_phase/dafny_to_rtl_pipeline/generated_python/gpt-5.1-codex-max/Dafny_555_firstverified,/u/mjha1/Proof2Silicon/journal_phase/dafny_to_rtl_pipeline/generated_python/gpt-5.1-codex-max/Dafny_555_firstverified/SeqSumGuide.py;/u/mjha1/Proof2Silicon/journal_phase/dafny_to_rtl_pipeline/generated_python/gpt-5.1-codex-max/Dafny_555_firstverified/module_.py;/u/mjha1/Proof2Silicon/journal_phase/dafny_to_rtl_pipeline/generated_python/gpt-5.1-codex-max/Dafny_555_firstverified/__main__.py
gpt-5.1-codex-max,Dafny_556,0,SUCCESS,False,/u/mjha1/Proof2Silicon/journal_phase/dafny_to_rtl_pipeline/dafny_outputs/gpt-5.1-codex-max/Dafny_556.dfy,/u/mjha1/Proof2Silicon/journal_phase/dafny_to_rtl_pipeline/generated_python_raw/gpt-5.1-codex-max/Dafny_556-py,2,/u/mjha1/Proof2Silicon/journal_phase/dafny_to_rtl_pipeline/generated_python_raw/gpt-5.1-codex-max/Dafny_556-py/SquareEvaluation.py;/u/mjha1/Proof2Silicon/journal_phase/dafny_to_rtl_pipeline/generated_python_raw/gpt-5.1-codex-max/Dafny_556-py/module_.py,/u/mjha1/Proof2Silicon/journal_phase/dafny_to_rtl_pipeline/generated_python_raw/gpt-5.1-codex-max/Dafny_556-py/__main__.py,/u/mjha1/Proof2Silicon/journal_phase/dafny_to_rtl_pipeline/generated_python/gpt-5.1-codex-max/Dafny_556,/u/mjha1/Proof2Silicon/journal_phase/dafny_to_rtl_pipeline/generated_python/gpt-5.1-codex-max/Dafny_556/SquareEvaluation.py;/u/mjha1/Proof2Silicon/journal_phase/dafny_to_rtl_pipeline/generated_python/gpt-5.1-codex-max/Dafny_556/module_.py;/u/mjha1/Proof2Silicon/journal_phase/dafny_to_rtl_pipeline/generated_python/gpt-5.1-codex-max/Dafny_556/__main__.py
gpt-5.1-codex-max,Dafny_573_firstverified,0,SUCCESS,True,/u/mjha1/Proof2Silicon/journal_phase/dafny_to_rtl_pipeline/dafny_outputs/gpt-5.1-codex-max/Dafny_573_firstverified.dfy,/u/mjha1/Proof2Silicon/journal_phase/dafny_to_rtl_pipeline/generated_python_raw/gpt-5.1-codex-max/Dafny_573_firstverified-py,1,/u/mjha1/Proof2Silicon/journal_phase/dafny_to_rtl_pipeline/generated_python_raw/gpt-5.1-codex-max/Dafny_573_firstverified-py/module_.py,/u/mjha1/Proof2Silicon/journal_phase/dafny_to_rtl_pipeline/generated_python_raw/gpt-5.1-codex-max/Dafny_573_firstverified-py/__main__.py,/u/mjha1/Proof2Silicon/journal_phase/dafny_to_rtl_pipeline/generated_python/gpt-5.1-codex-max/Dafny_573_firstverified,/u/mjha1/Proof2Silicon/journal_phase/dafny_to_rtl_pipeline/generated_python/gpt-5.1-codex-max/Dafny_573_firstverified/module_.py;/u/mjha1/Proof2Silicon/journal_phase/dafny_to_rtl_pipeline/generated_python/gpt-5.1-codex-max/Dafny_573_firstverified/__main__.py
gpt-5.1-codex-max,Dafny_62_firstverified,0,SUCCESS,True,/u/mjha1/Proof2Silicon/journal_phase/dafny_to_rtl_pipeline/dafny_outputs/gpt-5.1-codex-max/Dafny_62_firstverified.dfy,/u/mjha1/Proof2Silicon/journal_phase/dafny_to_rtl_pipeline/generated_python_raw/gpt-5.1-codex-max/Dafny_62_firstverified-py,2,/u/mjha1/Proof2Silicon/journal_phase/dafny_to_rtl_pipeline/generated_python_raw/gpt-5.1-codex-max/Dafny_62_firstverified-py/Triple.py;/u/mjha1/Proof2Silicon/journal_phase/dafny_to_rtl_pipeline/generated_python_raw/gpt-5.1-codex-max/Dafny_62_firstverified-py/module_.py,/u/mjha1/Proof2Silicon/journal_phase/dafny_to_rtl_pipeline/generated_python_raw/gpt-5.1-codex-max/Dafny_62_firstverified-py/__main__.py,/u/mjha1/Proof2Silicon/journal_phase/dafny_to_rtl_pipeline/generated_python/gpt-5.1-codex-max/Dafny_62_firstverified,/u/mjha1/Proof2Silicon/journal_phase/dafny_to_rtl_pipeline/generated_python/gpt-5.1-codex-max/Dafny_62_firstverified/Triple.py;/u/mjha1/Proof2Silicon/journal_phase/dafny_to_rtl_pipeline/generated_python/gpt-5.1-codex-max/Dafny_62_firstverified/module_.py;/u/mjha1/Proof2Silicon/journal_phase/dafny_to_rtl_pipeline/generated_python/gpt-5.1-codex-max/Dafny_62_firstverified/__main__.py
gpt-5.1-codex-max,Dafny_64_firstverified,0,SUCCESS,True,/u/mjha1/Proof2Silicon/journal_phase/dafny_to_rtl_pipeline/dafny_outputs/gpt-5.1-codex-max/Dafny_64_firstverified.dfy,/u/mjha1/Proof2Silicon/journal_phase/dafny_to_rtl_pipeline/generated_python_raw/gpt-5.1-codex-max/Dafny_64_firstverified-py,2,/u/mjha1/Proof2Silicon/journal_phase/dafny_to_rtl_pipeline/generated_python_raw/gpt-5.1-codex-max/Dafny_64_firstverified-py/Triple.py;/u/mjha1/Proof2Silicon/journal_phase/dafny_to_rtl_pipeline/generated_python_raw/gpt-5.1-codex-max/Dafny_64_firstverified-py/module_.py,/u/mjha1/Proof2Silicon/journal_phase/dafny_to_rtl_pipeline/generated_python_raw/gpt-5.1-codex-max/Dafny_64_firstverified-py/__main__.py,/u/mjha1/Proof2Silicon/journal_phase/dafny_to_rtl_pipeline/generated_python/gpt-5.1-codex-max/Dafny_64_firstverified,/u/mjha1/Proof2Silicon/journal_phase/dafny_to_rtl_pipeline/generated_python/gpt-5.1-codex-max/Dafny_64_firstverified/Triple.py;/u/mjha1/Proof2Silicon/journal_phase/dafny_to_rtl_pipeline/generated_python/gpt-5.1-codex-max/Dafny_64_firstverified/module_.py;/u/mjha1/Proof2Silicon/journal_phase/dafny_to_rtl_pipeline/generated_python/gpt-5.1-codex-max/Dafny_64_firstverified/__main__.py
gpt-5.1-codex-max,Dafny_65,0,SUCCESS,False,/u/mjha1/Proof2Silicon/journal_phase/dafny_to_rtl_pipeline/dafny_outputs/gpt-5.1-codex-max/Dafny_65.dfy,/u/mjha1/Proof2Silicon/journal_phase/dafny_to_rtl_pipeline/generated_python_raw/gpt-5.1-codex-max/Dafny_65-py,1,/u/mjha1/Proof2Silicon/journal_phase/dafny_to_rtl_pipeline/generated_python_raw/gpt-5.1-codex-max/Dafny_65-py/module_.py,/u/mjha1/Proof2Silicon/journal_phase/dafny_to_rtl_pipeline/generated_python_raw/gpt-5.1-codex-max/Dafny_65-py/__main__.py,/u/mjha1/Proof2Silicon/journal_phase/dafny_to_rtl_pipeline/generated_python/gpt-5.1-codex-max/Dafny_65,/u/mjha1/Proof2Silicon/journal_phase/dafny_to_rtl_pipeline/generated_python/gpt-5.1-codex-max/Dafny_65/module_.py;/u/mjha1/Proof2Silicon/journal_phase/dafny_to_rtl_pipeline/generated_python/gpt-5.1-codex-max/Dafny_65/__main__.py
gpt-5.1-codex-max,Dafny_67,0,SUCCESS,False,/u/mjha1/Proof2Silicon/journal_phase/dafny_to_rtl_pipeline/dafny_outputs/gpt-5.1-codex-max/Dafny_67.dfy,/u/mjha1/Proof2Silicon/journal_phase/dafny_to_rtl_pipeline/generated_python_raw/gpt-5.1-codex-max/Dafny_67-py,1,/u/mjha1/Proof2Silicon/journal_phase/dafny_to_rtl_pipeline/generated_python_raw/gpt-5.1-codex-max/Dafny_67-py/module_.py,/u/mjha1/Proof2Silicon/journal_phase/dafny_to_rtl_pipeline/generated_python_raw/gpt-5.1-codex-max/Dafny_67-py/__main__.py,/u/mjha1/Proof2Silicon/journal_phase/dafny_to_rtl_pipeline/generated_python/gpt-5.1-codex-max/Dafny_67,/u/mjha1/Proof2Silicon/journal_phase/dafny_to_rtl_pipeline/generated_python/gpt-5.1-codex-max/Dafny_67/module_.py;/u/mjha1/Proof2Silicon/journal_phase/dafny_to_rtl_pipeline/generated_python/gpt-5.1-codex-max/Dafny_67/__main__.py
gpt-5.1-codex-max,Dafny_71,0,SUCCESS,False,/u/mjha1/Proof2Silicon/journal_phase/dafny_to_rtl_pipeline/dafny_outputs/gpt-5.1-codex-max/Dafny_71.dfy,/u/mjha1/Proof2Silicon/journal_phase/dafny_to_rtl_pipeline/generated_python_raw/gpt-5.1-codex-max/Dafny_71-py,2,/u/mjha1/Proof2Silicon/journal_phase/dafny_to_rtl_pipeline/generated_python_raw/gpt-5.1-codex-max/Dafny_71-py/A8Q1.py;/u/mjha1/Proof2Silicon/journal_phase/dafny_to_rtl_pipeline/generated_python_raw/gpt-5.1-codex-max/Dafny_71-py/module_.py,/u/mjha1/Proof2Silicon/journal_phase/dafny_to_rtl_pipeline/generated_python_raw/gpt-5.1-codex-max/Dafny_71-py/__main__.py,/u/mjha1/Proof2Silicon/journal_phase/dafny_to_rtl_pipeline/generated_python/gpt-5.1-codex-max/Dafny_71,/u/mjha1/Proof2Silicon/journal_phase/dafny_to_rtl_pipeline/generated_python/gpt-5.1-codex-max/Dafny_71/A8Q1.py;/u/mjha1/Proof2Silicon/journal_phase/dafny_to_rtl_pipeline/generated_python/gpt-5.1-codex-max/Dafny_71/module_.py;/u/mjha1/Proof2Silicon/journal_phase/dafny_to_rtl_pipeline/generated_python/gpt-5.1-codex-max/Dafny_71/__main__.py
gpt-5.1-codex-max,Dafny_78,0,SUCCESS,False,/u/mjha1/Proof2Silicon/journal_phase/dafny_to_rtl_pipeline/dafny_outputs/gpt-5.1-codex-max/Dafny_78.dfy,/u/mjha1/Proof2Silicon/journal_phase/dafny_to_rtl_pipeline/generated_python_raw/gpt-5.1-codex-max/Dafny_78-py,2,/u/mjha1/Proof2Silicon/journal_phase/dafny_to_rtl_pipeline/generated_python_raw/gpt-5.1-codex-max/Dafny_78-py/Gen.py;/u/mjha1/Proof2Silicon/journal_phase/dafny_to_rtl_pipeline/generated_python_raw/gpt-5.1-codex-max/Dafny_78-py/module_.py,/u/mjha1/Proof2Silicon/journal_phase/dafny_to_rtl_pipeline/generated_python_raw/gpt-5.1-codex-max/Dafny_78-py/__main__.py,/u/mjha1/Proof2Silicon/journal_phase/dafny_to_rtl_pipeline/generated_python/gpt-5.1-codex-max/Dafny_78,/u/mjha1/Proof2Silicon/journal_phase/dafny_to_rtl_pipeline/generated_python/gpt-5.1-codex-max/Dafny_78/Gen.py;/u/mjha1/Proof2Silicon/journal_phase/dafny_to_rtl_pipeline/generated_python/gpt-5.1-codex-max/Dafny_78/module_.py;/u/mjha1/Proof2Silicon/journal_phase/dafny_to_rtl_pipeline/generated_python/gpt-5.1-codex-max/Dafny_78/__main__.py
gpt-5.1-codex-max,Dafny_91_firstverified,3,TRUE_TRANSLATION_FAILURE,True,/u/mjha1/Proof2Silicon/journal_phase/dafny_to_rtl_pipeline/dafny_outputs/gpt-5.1-codex-max/Dafny_91_firstverified.dfy,,0,,,,
gpt-5.1-codex-max,Dafny_96,0,SUCCESS,False,/u/mjha1/Proof2Silicon/journal_phase/dafny_to_rtl_pipeline/dafny_outputs/gpt-5.1-codex-max/Dafny_96.dfy,/u/mjha1/Proof2Silicon/journal_phase/dafny_to_rtl_pipeline/generated_python_raw/gpt-5.1-codex-max/Dafny_96-py,2,/u/mjha1/Proof2Silicon/journal_phase/dafny_to_rtl_pipeline/generated_python_raw/gpt-5.1-codex-max/Dafny_96-py/TwoSum.py;/u/mjha1/Proof2Silicon/journal_phase/dafny_to_rtl_pipeline/generated_python_raw/gpt-5.1-codex-max/Dafny_96-py/module_.py,/u/mjha1/Proof2Silicon/journal_phase/dafny_to_rtl_pipeline/generated_python_raw/gpt-5.1-codex-max/Dafny_96-py/__main__.py,/u/mjha1/Proof2Silicon/journal_phase/dafny_to_rtl_pipeline/generated_python/gpt-5.1-codex-max/Dafny_96,/u/mjha1/Proof2Silicon/journal_phase/dafny_to_rtl_pipeline/generated_python/gpt-5.1-codex-max/Dafny_96/TwoSum.py;/u/mjha1/Proof2Silicon/journal_phase/dafny_to_rtl_pipeline/generated_python/gpt-5.1-codex-max/Dafny_96/module_.py;/u/mjha1/Proof2Silicon/journal_phase/dafny_to_rtl_pipeline/generated_python/gpt-5.1-codex-max/Dafny_96/__main__.py
gpt-5.3-codex,Dafny_104,3,TRUE_TRANSLATION_FAILURE,False,/u/mjha1/Proof2Silicon/journal_phase/dafny_to_rtl_pipeline/dafny_outputs/gpt-5.3-codex/Dafny_104.dfy,,0,,,,
gpt-5.3-codex,Dafny_107,0,SUCCESS,False,/u/mjha1/Proof2Silicon/journal_phase/dafny_to_rtl_pipeline/dafny_outputs/gpt-5.3-codex/Dafny_107.dfy,/u/mjha1/Proof2Silicon/journal_phase/dafny_to_rtl_pipeline/generated_python_raw/gpt-5.3-codex/Dafny_107-py,2,/u/mjha1/Proof2Silicon/journal_phase/dafny_to_rtl_pipeline/generated_python_raw/gpt-5.3-codex/Dafny_107-py/CheckSumCalculator.py;/u/mjha1/Proof2Silicon/journal_phase/dafny_to_rtl_pipeline/generated_python_raw/gpt-5.3-codex/Dafny_107-py/module_.py,/u/mjha1/Proof2Silicon/journal_phase/dafny_to_rtl_pipeline/generated_python_raw/gpt-5.3-codex/Dafny_107-py/__main__.py,/u/mjha1/Proof2Silicon/journal_phase/dafny_to_rtl_pipeline/generated_python/gpt-5.3-codex/Dafny_107,/u/mjha1/Proof2Silicon/journal_phase/dafny_to_rtl_pipeline/generated_python/gpt-5.3-codex/Dafny_107/CheckSumCalculator.py;/u/mjha1/Proof2Silicon/journal_phase/dafny_to_rtl_pipeline/generated_python/gpt-5.3-codex/Dafny_107/module_.py;/u/mjha1/Proof2Silicon/journal_phase/dafny_to_rtl_pipeline/generated_python/gpt-5.3-codex/Dafny_107/__main__.py
gpt-5.3-codex,Dafny_114,0,SUCCESS,False,/u/mjha1/Proof2Silicon/journal_phase/dafny_to_rtl_pipeline/dafny_outputs/gpt-5.3-codex/Dafny_114.dfy,/u/mjha1/Proof2Silicon/journal_phase/dafny_to_rtl_pipeline/generated_python_raw/gpt-5.3-codex/Dafny_114-py,2,/u/mjha1/Proof2Silicon/journal_phase/dafny_to_rtl_pipeline/generated_python_raw/gpt-5.3-codex/Dafny_114-py/MaxModule.py;/u/mjha1/Proof2Silicon/journal_phase/dafny_to_rtl_pipeline/generated_python_raw/gpt-5.3-codex/Dafny_114-py/module_.py,/u/mjha1/Proof2Silicon/journal_phase/dafny_to_rtl_pipeline/generated_python_raw/gpt-5.3-codex/Dafny_114-py/__main__.py,/u/mjha1/Proof2Silicon/journal_phase/dafny_to_rtl_pipeline/generated_python/gpt-5.3-codex/Dafny_114,/u/mjha1/Proof2Silicon/journal_phase/dafny_to_rtl_pipeline/generated_python/gpt-5.3-codex/Dafny_114/MaxModule.py;/u/mjha1/Proof2Silicon/journal_phase/dafny_to_rtl_pipeline/generated_python/gpt-5.3-codex/Dafny_114/module_.py;/u/mjha1/Proof2Silicon/journal_phase/dafny_to_rtl_pipeline/generated_python/gpt-5.3-codex/Dafny_114/__main__.py
gpt-5.3-codex,Dafny_120_firstverified,0,SUCCESS,True,/u/mjha1/Proof2Silicon/journal_phase/dafny_to_rtl_pipeline/dafny_outputs/gpt-5.3-codex/Dafny_120_firstverified.dfy,/u/mjha1/Proof2Silicon/journal_phase/dafny_to_rtl_pipeline/generated_python_raw/gpt-5.3-codex/Dafny_120_firstverified-py,1,/u/mjha1/Proof2Silicon/journal_phase/dafny_to_rtl_pipeline/generated_python_raw/gpt-5.3-codex/Dafny_120_firstverified-py/module_.py,/u/mjha1/Proof2Silicon/journal_phase/dafny_to_rtl_pipeline/generated_python_raw/gpt-5.3-codex/Dafny_120_firstverified-py/__main__.py,/u/mjha1/Proof2Silicon/journal_phase/dafny_to_rtl_pipeline/generated_python/gpt-5.3-codex/Dafny_120_firstverified,/u/mjha1/Proof2Silicon/journal_phase/dafny_to_rtl_pipeline/generated_python/gpt-5.3-codex/Dafny_120_firstverified/module_.py;/u/mjha1/Proof2Silicon/journal_phase/dafny_to_rtl_pipeline/generated_python/gpt-5.3-codex/Dafny_120_firstverified/__main__.py
gpt-5.3-codex,Dafny_122_firstverified,0,SUCCESS,True,/u/mjha1/Proof2Silicon/journal_phase/dafny_to_rtl_pipeline/dafny_outputs/gpt-5.3-codex/Dafny_122_firstverified.dfy,/u/mjha1/Proof2Silicon/journal_phase/dafny_to_rtl_pipeline/generated_python_raw/gpt-5.3-codex/Dafny_122_firstverified-py,1,/u/mjha1/Proof2Silicon/journal_phase/dafny_to_rtl_pipeline/generated_python_raw/gpt-5.3-codex/Dafny_122_firstverified-py/module_.py,/u/mjha1/Proof2Silicon/journal_phase/dafny_to_rtl_pipeline/generated_python_raw/gpt-5.3-codex/Dafny_122_firstverified-py/__main__.py,/u/mjha1/Proof2Silicon/journal_phase/dafny_to_rtl_pipeline/generated_python/gpt-5.3-codex/Dafny_122_firstverified,/u/mjha1/Proof2Silicon/journal_phase/dafny_to_rtl_pipeline/generated_python/gpt-5.3-codex/Dafny_122_firstverified/module_.py;/u/mjha1/Proof2Silicon/journal_phase/dafny_to_rtl_pipeline/generated_python/gpt-5.3-codex/Dafny_122_firstverified/__main__.py
gpt-5.3-codex,Dafny_130_firstverified,3,TRUE_TRANSLATION_FAILURE,True,/u/mjha1/Proof2Silicon/journal_phase/dafny_to_rtl_pipeline/dafny_outputs/gpt-5.3-codex/Dafny_130_firstverified.dfy,,0,,,,
gpt-5.3-codex,Dafny_143,3,TRUE_TRANSLATION_FAILURE,False,/u/mjha1/Proof2Silicon/journal_phase/dafny_to_rtl_pipeline/dafny_outputs/gpt-5.3-codex/Dafny_143.dfy,,0,,,,
gpt-5.3-codex,Dafny_155,3,TRUE_TRANSLATION_FAILURE,False,/u/mjha1/Proof2Silicon/journal_phase/dafny_to_rtl_pipeline/dafny_outputs/gpt-5.3-codex/Dafny_155.dfy,,0,,,,
gpt-5.3-codex,Dafny_156_firstverified,0,SUCCESS,True,/u/mjha1/Proof2Silicon/journal_phase/dafny_to_rtl_pipeline/dafny_outputs/gpt-5.3-codex/Dafny_156_firstverified.dfy,/u/mjha1/Proof2Silicon/journal_phase/dafny_to_rtl_pipeline/generated_python_raw/gpt-5.3-codex/Dafny_156_firstverified-py,1,/u/mjha1/Proof2Silicon/journal_phase/dafny_to_rtl_pipeline/generated_python_raw/gpt-5.3-codex/Dafny_156_firstverified-py/module_.py,/u/mjha1/Proof2Silicon/journal_phase/dafny_to_rtl_pipeline/generated_python_raw/gpt-5.3-codex/Dafny_156_firstverified-py/__main__.py,/u/mjha1/Proof2Silicon/journal_phase/dafny_to_rtl_pipeline/generated_python/gpt-5.3-codex/Dafny_156_firstverified,/u/mjha1/Proof2Silicon/journal_phase/dafny_to_rtl_pipeline/generated_python/gpt-5.3-codex/Dafny_156_firstverified/module_.py;/u/mjha1/Proof2Silicon/journal_phase/dafny_to_rtl_pipeline/generated_python/gpt-5.3-codex/Dafny_156_firstverified/__main__.py
gpt-5.3-codex,Dafny_162_firstverified,3,TRUE_TRANSLATION_FAILURE,True,/u/mjha1/Proof2Silicon/journal_phase/dafny_to_rtl_pipeline/dafny_outputs/gpt-5.3-codex/Dafny_162_firstverified.dfy,,0,,,,
gpt-5.3-codex,Dafny_169_firstverified,3,TRUE_TRANSLATION_FAILURE,True,/u/mjha1/Proof2Silicon/journal_phase/dafny_to_rtl_pipeline/dafny_outputs/gpt-5.3-codex/Dafny_169_firstverified.dfy,,0,,,,
gpt-5.3-codex,Dafny_174_firstverified,0,SUCCESS,True,/u/mjha1/Proof2Silicon/journal_phase/dafny_to_rtl_pipeline/dafny_outputs/gpt-5.3-codex/Dafny_174_firstverified.dfy,/u/mjha1/Proof2Silicon/journal_phase/dafny_to_rtl_pipeline/generated_python_raw/gpt-5.3-codex/Dafny_174_firstverified-py,1,/u/mjha1/Proof2Silicon/journal_phase/dafny_to_rtl_pipeline/generated_python_raw/gpt-5.3-codex/Dafny_174_firstverified-py/module_.py,/u/mjha1/Proof2Silicon/journal_phase/dafny_to_rtl_pipeline/generated_python_raw/gpt-5.3-codex/Dafny_174_firstverified-py/__main__.py,/u/mjha1/Proof2Silicon/journal_phase/dafny_to_rtl_pipeline/generated_python/gpt-5.3-codex/Dafny_174_firstverified,/u/mjha1/Proof2Silicon/journal_phase/dafny_to_rtl_pipeline/generated_python/gpt-5.3-codex/Dafny_174_firstverified/module_.py;/u/mjha1/Proof2Silicon/journal_phase/dafny_to_rtl_pipeline/generated_python/gpt-5.3-codex/Dafny_174_firstverified/__main__.py
gpt-5.3-codex,Dafny_176_firstverified,0,SUCCESS,True,/u/mjha1/Proof2Silicon/journal_phase/dafny_to_rtl_pipeline/dafny_outputs/gpt-5.3-codex/Dafny_176_firstverified.dfy,/u/mjha1/Proof2Silicon/journal_phase/dafny_to_rtl_pipeline/generated_python_raw/gpt-5.3-codex/Dafny_176_firstverified-py,1,/u/mjha1/Proof2Silicon/journal_phase/dafny_to_rtl_pipeline/generated_python_raw/gpt-5.3-codex/Dafny_176_firstverified-py/module_.py,/u/mjha1/Proof2Silicon/journal_phase/dafny_to_rtl_pipeline/generated_python_raw/gpt-5.3-codex/Dafny_176_firstverified-py/__main__.py,/u/mjha1/Proof2Silicon/journal_phase/dafny_to_rtl_pipeline/generated_python/gpt-5.3-codex/Dafny_176_firstverified,/u/mjha1/Proof2Silicon/journal_phase/dafny_to_rtl_pipeline/generated_python/gpt-5.3-codex/Dafny_176_firstverified/module_.py;/u/mjha1/Proof2Silicon/journal_phase/dafny_to_rtl_pipeline/generated_python/gpt-5.3-codex/Dafny_176_firstverified/__main__.py
gpt-5.3-codex,Dafny_193_firstverified,3,TRUE_TRANSLATION_FAILURE,True,/u/mjha1/Proof2Silicon/journal_phase/dafny_to_rtl_pipeline/dafny_outputs/gpt-5.3-codex/Dafny_193_firstverified.dfy,,0,,,,
gpt-5.3-codex,Dafny_194_firstverified,0,SUCCESS,True,/u/mjha1/Proof2Silicon/journal_phase/dafny_to_rtl_pipeline/dafny_outputs/gpt-5.3-codex/Dafny_194_firstverified.dfy,/u/mjha1/Proof2Silicon/journal_phase/dafny_to_rtl_pipeline/generated_python_raw/gpt-5.3-codex/Dafny_194_firstverified-py,1,/u/mjha1/Proof2Silicon/journal_phase/dafny_to_rtl_pipeline/generated_python_raw/gpt-5.3-codex/Dafny_194_firstverified-py/module_.py,/u/mjha1/Proof2Silicon/journal_phase/dafny_to_rtl_pipeline/generated_python_raw/gpt-5.3-codex/Dafny_194_firstverified-py/__main__.py,/u/mjha1/Proof2Silicon/journal_phase/dafny_to_rtl_pipeline/generated_python/gpt-5.3-codex/Dafny_194_firstverified,/u/mjha1/Proof2Silicon/journal_phase/dafny_to_rtl_pipeline/generated_python/gpt-5.3-codex/Dafny_194_firstverified/module_.py;/u/mjha1/Proof2Silicon/journal_phase/dafny_to_rtl_pipeline/generated_python/gpt-5.3-codex/Dafny_194_firstverified/__main__.py
gpt-5.3-codex,Dafny_206,3,TRUE_TRANSLATION_FAILURE,False,/u/mjha1/Proof2Silicon/journal_phase/dafny_to_rtl_pipeline/dafny_outputs/gpt-5.3-codex/Dafny_206.dfy,,0,,,,
gpt-5.3-codex,Dafny_207_firstverified,3,TRUE_TRANSLATION_FAILURE,True,/u/mjha1/Proof2Silicon/journal_phase/dafny_to_rtl_pipeline/dafny_outputs/gpt-5.3-codex/Dafny_207_firstverified.dfy,,0,,,,
gpt-5.3-codex,Dafny_225,0,SUCCESS,False,/u/mjha1/Proof2Silicon/journal_phase/dafny_to_rtl_pipeline/dafny_outputs/gpt-5.3-codex/Dafny_225.dfy,/u/mjha1/Proof2Silicon/journal_phase/dafny_to_rtl_pipeline/generated_python_raw/gpt-5.3-codex/Dafny_225-py,2,/u/mjha1/Proof2Silicon/journal_phase/dafny_to_rtl_pipeline/generated_python_raw/gpt-5.3-codex/Dafny_225-py/SumReasoning.py;/u/mjha1/Proof2Silicon/journal_phase/dafny_to_rtl_pipeline/generated_python_raw/gpt-5.3-codex/Dafny_225-py/module_.py,/u/mjha1/Proof2Silicon/journal_phase/dafny_to_rtl_pipeline/generated_python_raw/gpt-5.3-codex/Dafny_225-py/__main__.py,/u/mjha1/Proof2Silicon/journal_phase/dafny_to_rtl_pipeline/generated_python/gpt-5.3-codex/Dafny_225,/u/mjha1/Proof2Silicon/journal_phase/dafny_to_rtl_pipeline/generated_python/gpt-5.3-codex/Dafny_225/SumReasoning.py;/u/mjha1/Proof2Silicon/journal_phase/dafny_to_rtl_pipeline/generated_python/gpt-5.3-codex/Dafny_225/module_.py;/u/mjha1/Proof2Silicon/journal_phase/dafny_to_rtl_pipeline/generated_python/gpt-5.3-codex/Dafny_225/__main__.py
gpt-5.3-codex,Dafny_229_firstverified,0,SUCCESS,True,/u/mjha1/Proof2Silicon/journal_phase/dafny_to_rtl_pipeline/dafny_outputs/gpt-5.3-codex/Dafny_229_firstverified.dfy,/u/mjha1/Proof2Silicon/journal_phase/dafny_to_rtl_pipeline/generated_python_raw/gpt-5.3-codex/Dafny_229_firstverified-py,1,/u/mjha1/Proof2Silicon/journal_phase/dafny_to_rtl_pipeline/generated_python_raw/gpt-5.3-codex/Dafny_229_firstverified-py/module_.py,/u/mjha1/Proof2Silicon/journal_phase/dafny_to_rtl_pipeline/generated_python_raw/gpt-5.3-codex/Dafny_229_firstverified-py/__main__.py,/u/mjha1/Proof2Silicon/journal_phase/dafny_to_rtl_pipeline/generated_python/gpt-5.3-codex/Dafny_229_firstverified,/u/mjha1/Proof2Silicon/journal_phase/dafny_to_rtl_pipeline/generated_python/gpt-5.3-codex/Dafny_229_firstverified/module_.py;/u/mjha1/Proof2Silicon/journal_phase/dafny_to_rtl_pipeline/generated_python/gpt-5.3-codex/Dafny_229_firstverified/__main__.py
gpt-5.3-codex,Dafny_232_firstverified,0,SUCCESS,True,/u/mjha1/Proof2Silicon/journal_phase/dafny_to_rtl_pipeline/dafny_outputs/gpt-5.3-codex/Dafny_232_firstverified.dfy,/u/mjha1/Proof2Silicon/journal_phase/dafny_to_rtl_pipeline/generated_python_raw/gpt-5.3-codex/Dafny_232_firstverified-py,1,/u/mjha1/Proof2Silicon/journal_phase/dafny_to_rtl_pipeline/generated_python_raw/gpt-5.3-codex/Dafny_232_firstverified-py/module_.py,/u/mjha1/Proof2Silicon/journal_phase/dafny_to_rtl_pipeline/generated_python_raw/gpt-5.3-codex/Dafny_232_firstverified-py/__main__.py,/u/mjha1/Proof2Silicon/journal_phase/dafny_to_rtl_pipeline/generated_python/gpt-5.3-codex/Dafny_232_firstverified,/u/mjha1/Proof2Silicon/journal_phase/dafny_to_rtl_pipeline/generated_python/gpt-5.3-codex/Dafny_232_firstverified/module_.py;/u/mjha1/Proof2Silicon/journal_phase/dafny_to_rtl_pipeline/generated_python/gpt-5.3-codex/Dafny_232_firstverified/__main__.py
gpt-5.3-codex,Dafny_233_firstverified,0,SUCCESS,True,/u/mjha1/Proof2Silicon/journal_phase/dafny_to_rtl_pipeline/dafny_outputs/gpt-5.3-codex/Dafny_233_firstverified.dfy,/u/mjha1/Proof2Silicon/journal_phase/dafny_to_rtl_pipeline/generated_python_raw/gpt-5.3-codex/Dafny_233_firstverified-py,2,/u/mjha1/Proof2Silicon/journal_phase/dafny_to_rtl_pipeline/generated_python_raw/gpt-5.3-codex/Dafny_233_firstverified-py/Abs.py;/u/mjha1/Proof2Silicon/journal_phase/dafny_to_rtl_pipeline/generated_python_raw/gpt-5.3-codex/Dafny_233_firstverified-py/module_.py,/u/mjha1/Proof2Silicon/journal_phase/dafny_to_rtl_pipeline/generated_python_raw/gpt-5.3-codex/Dafny_233_firstverified-py/__main__.py,/u/mjha1/Proof2Silicon/journal_phase/dafny_to_rtl_pipeline/generated_python/gpt-5.3-codex/Dafny_233_firstverified,/u/mjha1/Proof2Silicon/journal_phase/dafny_to_rtl_pipeline/generated_python/gpt-5.3-codex/Dafny_233_firstverified/Abs.py;/u/mjha1/Proof2Silicon/journal_phase/dafny_to_rtl_pipeline/generated_python/gpt-5.3-codex/Dafny_233_firstverified/module_.py;/u/mjha1/Proof2Silicon/journal_phase/dafny_to_rtl_pipeline/generated_python/gpt-5.3-codex/Dafny_233_firstverified/__main__.py
gpt-5.3-codex,Dafny_254_firstverified,0,SUCCESS,True,/u/mjha1/Proof2Silicon/journal_phase/dafny_to_rtl_pipeline/dafny_outputs/gpt-5.3-codex/Dafny_254_firstverified.dfy,/u/mjha1/Proof2Silicon/journal_phase/dafny_to_rtl_pipeline/generated_python_raw/gpt-5.3-codex/Dafny_254_firstverified-py,1,/u/mjha1/Proof2Silicon/journal_phase/dafny_to_rtl_pipeline/generated_python_raw/gpt-5.3-codex/Dafny_254_firstverified-py/module_.py,/u/mjha1/Proof2Silicon/journal_phase/dafny_to_rtl_pipeline/generated_python_raw/gpt-5.3-codex/Dafny_254_firstverified-py/__main__.py,/u/mjha1/Proof2Silicon/journal_phase/dafny_to_rtl_pipeline/generated_python/gpt-5.3-codex/Dafny_254_firstverified,/u/mjha1/Proof2Silicon/journal_phase/dafny_to_rtl_pipeline/generated_python/gpt-5.3-codex/Dafny_254_firstverified/module_.py;/u/mjha1/Proof2Silicon/journal_phase/dafny_to_rtl_pipeline/generated_python/gpt-5.3-codex/Dafny_254_firstverified/__main__.py
gpt-5.3-codex,Dafny_256,0,SUCCESS,False,/u/mjha1/Proof2Silicon/journal_phase/dafny_to_rtl_pipeline/dafny_outputs/gpt-5.3-codex/Dafny_256.dfy,/u/mjha1/Proof2Silicon/journal_phase/dafny_to_rtl_pipeline/generated_python_raw/gpt-5.3-codex/Dafny_256-py,2,/u/mjha1/Proof2Silicon/journal_phase/dafny_to_rtl_pipeline/generated_python_raw/gpt-5.3-codex/Dafny_256-py/ContainsSequence.py;/u/mjha1/Proof2Silicon/journal_phase/dafny_to_rtl_pipeline/generated_python_raw/gpt-5.3-codex/Dafny_256-py/module_.py,/u/mjha1/Proof2Silicon/journal_phase/dafny_to_rtl_pipeline/generated_python_raw/gpt-5.3-codex/Dafny_256-py/__main__.py,/u/mjha1/Proof2Silicon/journal_phase/dafny_to_rtl_pipeline/generated_python/gpt-5.3-codex/Dafny_256,/u/mjha1/Proof2Silicon/journal_phase/dafny_to_rtl_pipeline/generated_python/gpt-5.3-codex/Dafny_256/ContainsSequence.py;/u/mjha1/Proof2Silicon/journal_phase/dafny_to_rtl_pipeline/generated_python/gpt-5.3-codex/Dafny_256/module_.py;/u/mjha1/Proof2Silicon/journal_phase/dafny_to_rtl_pipeline/generated_python/gpt-5.3-codex/Dafny_256/__main__.py
gpt-5.3-codex,Dafny_260,0,SUCCESS,False,/u/mjha1/Proof2Silicon/journal_phase/dafny_to_rtl_pipeline/dafny_outputs/gpt-5.3-codex/Dafny_260.dfy,/u/mjha1/Proof2Silicon/journal_phase/dafny_to_rtl_pipeline/generated_python_raw/gpt-5.3-codex/Dafny_260-py,2,/u/mjha1/Proof2Silicon/journal_phase/dafny_to_rtl_pipeline/generated_python_raw/gpt-5.3-codex/Dafny_260-py/SphereVolume.py;/u/mjha1/Proof2Silicon/journal_phase/dafny_to_rtl_pipeline/generated_python_raw/gpt-5.3-codex/Dafny_260-py/module_.py,/u/mjha1/Proof2Silicon/journal_phase/dafny_to_rtl_pipeline/generated_python_raw/gpt-5.3-codex/Dafny_260-py/__main__.py,/u/mjha1/Proof2Silicon/journal_phase/dafny_to_rtl_pipeline/generated_python/gpt-5.3-codex/Dafny_260,/u/mjha1/Proof2Silicon/journal_phase/dafny_to_rtl_pipeline/generated_python/gpt-5.3-codex/Dafny_260/SphereVolume.py;/u/mjha1/Proof2Silicon/journal_phase/dafny_to_rtl_pipeline/generated_python/gpt-5.3-codex/Dafny_260/module_.py;/u/mjha1/Proof2Silicon/journal_phase/dafny_to_rtl_pipeline/generated_python/gpt-5.3-codex/Dafny_260/__main__.py
gpt-5.3-codex,Dafny_263,0,SUCCESS,False,/u/mjha1/Proof2Silicon/journal_phase/dafny_to_rtl_pipeline/dafny_outputs/gpt-5.3-codex/Dafny_263.dfy,/u/mjha1/Proof2Silicon/journal_phase/dafny_to_rtl_pipeline/generated_python_raw/gpt-5.3-codex/Dafny_263-py,1,/u/mjha1/Proof2Silicon/journal_phase/dafny_to_rtl_pipeline/generated_python_raw/gpt-5.3-codex/Dafny_263-py/module_.py,/u/mjha1/Proof2Silicon/journal_phase/dafny_to_rtl_pipeline/generated_python_raw/gpt-5.3-codex/Dafny_263-py/__main__.py,/u/mjha1/Proof2Silicon/journal_phase/dafny_to_rtl_pipeline/generated_python/gpt-5.3-codex/Dafny_263,/u/mjha1/Proof2Silicon/journal_phase/dafny_to_rtl_pipeline/generated_python/gpt-5.3-codex/Dafny_263/module_.py;/u/mjha1/Proof2Silicon/journal_phase/dafny_to_rtl_pipeline/generated_python/gpt-5.3-codex/Dafny_263/__main__.py
gpt-5.3-codex,Dafny_264_firstverified,0,SUCCESS,True,/u/mjha1/Proof2Silicon/journal_phase/dafny_to_rtl_pipeline/dafny_outputs/gpt-5.3-codex/Dafny_264_firstverified.dfy,/u/mjha1/Proof2Silicon/journal_phase/dafny_to_rtl_pipeline/generated_python_raw/gpt-5.3-codex/Dafny_264_firstverified-py,1,/u/mjha1/Proof2Silicon/journal_phase/dafny_to_rtl_pipeline/generated_python_raw/gpt-5.3-codex/Dafny_264_firstverified-py/module_.py,/u/mjha1/Proof2Silicon/journal_phase/dafny_to_rtl_pipeline/generated_python_raw/gpt-5.3-codex/Dafny_264_firstverified-py/__main__.py,/u/mjha1/Proof2Silicon/journal_phase/dafny_to_rtl_pipeline/generated_python/gpt-5.3-codex/Dafny_264_firstverified,/u/mjha1/Proof2Silicon/journal_phase/dafny_to_rtl_pipeline/generated_python/gpt-5.3-codex/Dafny_264_firstverified/module_.py;/u/mjha1/Proof2Silicon/journal_phase/dafny_to_rtl_pipeline/generated_python/gpt-5.3-codex/Dafny_264_firstverified/__main__.py
gpt-5.3-codex,Dafny_267_firstverified,0,SUCCESS,True,/u/mjha1/Proof2Silicon/journal_phase/dafny_to_rtl_pipeline/dafny_outputs/gpt-5.3-codex/Dafny_267_firstverified.dfy,/u/mjha1/Proof2Silicon/journal_phase/dafny_to_rtl_pipeline/generated_python_raw/gpt-5.3-codex/Dafny_267_firstverified-py,1,/u/mjha1/Proof2Silicon/journal_phase/dafny_to_rtl_pipeline/generated_python_raw/gpt-5.3-codex/Dafny_267_firstverified-py/module_.py,/u/mjha1/Proof2Silicon/journal_phase/dafny_to_rtl_pipeline/generated_python_raw/gpt-5.3-codex/Dafny_267_firstverified-py/__main__.py,/u/mjha1/Proof2Silicon/journal_phase/dafny_to_rtl_pipeline/generated_python/gpt-5.3-codex/Dafny_267_firstverified,/u/mjha1/Proof2Silicon/journal_phase/dafny_to_rtl_pipeline/generated_python/gpt-5.3-codex/Dafny_267_firstverified/module_.py;/u/mjha1/Proof2Silicon/journal_phase/dafny_to_rtl_pipeline/generated_python/gpt-5.3-codex/Dafny_267_firstverified/__main__.py
gpt-5.3-codex,Dafny_279_firstverified,0,SUCCESS,True,/u/mjha1/Proof2Silicon/journal_phase/dafny_to_rtl_pipeline/dafny_outputs/gpt-5.3-codex/Dafny_279_firstverified.dfy,/u/mjha1/Proof2Silicon/journal_phase/dafny_to_rtl_pipeline/generated_python_raw/gpt-5.3-codex/Dafny_279_firstverified-py,1,/u/mjha1/Proof2Silicon/journal_phase/dafny_to_rtl_pipeline/generated_python_raw/gpt-5.3-codex/Dafny_279_firstverified-py/module_.py,/u/mjha1/Proof2Silicon/journal_phase/dafny_to_rtl_pipeline/generated_python_raw/gpt-5.3-codex/Dafny_279_firstverified-py/__main__.py,/u/mjha1/Proof2Silicon/journal_phase/dafny_to_rtl_pipeline/generated_python/gpt-5.3-codex/Dafny_279_firstverified,/u/mjha1/Proof2Silicon/journal_phase/dafny_to_rtl_pipeline/generated_python/gpt-5.3-codex/Dafny_279_firstverified/module_.py;/u/mjha1/Proof2Silicon/journal_phase/dafny_to_rtl_pipeline/generated_python/gpt-5.3-codex/Dafny_279_firstverified/__main__.py
gpt-5.3-codex,Dafny_283,0,SUCCESS,False,/u/mjha1/Proof2Silicon/journal_phase/dafny_to_rtl_pipeline/dafny_outputs/gpt-5.3-codex/Dafny_283.dfy,/u/mjha1/Proof2Silicon/journal_phase/dafny_to_rtl_pipeline/generated_python_raw/gpt-5.3-codex/Dafny_283-py,1,/u/mjha1/Proof2Silicon/journal_phase/dafny_to_rtl_pipeline/generated_python_raw/gpt-5.3-codex/Dafny_283-py/module_.py,/u/mjha1/Proof2Silicon/journal_phase/dafny_to_rtl_pipeline/generated_python_raw/gpt-5.3-codex/Dafny_283-py/__main__.py,/u/mjha1/Proof2Silicon/journal_phase/dafny_to_rtl_pipeline/generated_python/gpt-5.3-codex/Dafny_283,/u/mjha1/Proof2Silicon/journal_phase/dafny_to_rtl_pipeline/generated_python/gpt-5.3-codex/Dafny_283/module_.py;/u/mjha1/Proof2Silicon/journal_phase/dafny_to_rtl_pipeline/generated_python/gpt-5.3-codex/Dafny_283/__main__.py
gpt-5.3-codex,Dafny_289_firstverified,0,SUCCESS,True,/u/mjha1/Proof2Silicon/journal_phase/dafny_to_rtl_pipeline/dafny_outputs/gpt-5.3-codex/Dafny_289_firstverified.dfy,/u/mjha1/Proof2Silicon/journal_phase/dafny_to_rtl_pipeline/generated_python_raw/gpt-5.3-codex/Dafny_289_firstverified-py,1,/u/mjha1/Proof2Silicon/journal_phase/dafny_to_rtl_pipeline/generated_python_raw/gpt-5.3-codex/Dafny_289_firstverified-py/module_.py,/u/mjha1/Proof2Silicon/journal_phase/dafny_to_rtl_pipeline/generated_python_raw/gpt-5.3-codex/Dafny_289_firstverified-py/__main__.py,/u/mjha1/Proof2Silicon/journal_phase/dafny_to_rtl_pipeline/generated_python/gpt-5.3-codex/Dafny_289_firstverified,/u/mjha1/Proof2Silicon/journal_phase/dafny_to_rtl_pipeline/generated_python/gpt-5.3-codex/Dafny_289_firstverified/module_.py;/u/mjha1/Proof2Silicon/journal_phase/dafny_to_rtl_pipeline/generated_python/gpt-5.3-codex/Dafny_289_firstverified/__main__.py
gpt-5.3-codex,Dafny_290,3,TRUE_TRANSLATION_FAILURE,False,/u/mjha1/Proof2Silicon/journal_phase/dafny_to_rtl_pipeline/dafny_outputs/gpt-5.3-codex/Dafny_290.dfy,,0,,,,
gpt-5.3-codex,Dafny_293_firstverified,0,SUCCESS,True,/u/mjha1/Proof2Silicon/journal_phase/dafny_to_rtl_pipeline/dafny_outputs/gpt-5.3-codex/Dafny_293_firstverified.dfy,/u/mjha1/Proof2Silicon/journal_phase/dafny_to_rtl_pipeline/generated_python_raw/gpt-5.3-codex/Dafny_293_firstverified-py,1,/u/mjha1/Proof2Silicon/journal_phase/dafny_to_rtl_pipeline/generated_python_raw/gpt-5.3-codex/Dafny_293_firstverified-py/module_.py,/u/mjha1/Proof2Silicon/journal_phase/dafny_to_rtl_pipeline/generated_python_raw/gpt-5.3-codex/Dafny_293_firstverified-py/__main__.py,/u/mjha1/Proof2Silicon/journal_phase/dafny_to_rtl_pipeline/generated_python/gpt-5.3-codex/Dafny_293_firstverified,/u/mjha1/Proof2Silicon/journal_phase/dafny_to_rtl_pipeline/generated_python/gpt-5.3-codex/Dafny_293_firstverified/module_.py;/u/mjha1/Proof2Silicon/journal_phase/dafny_to_rtl_pipeline/generated_python/gpt-5.3-codex/Dafny_293_firstverified/__main__.py
gpt-5.3-codex,Dafny_299_firstverified,3,TRUE_TRANSLATION_FAILURE,True,/u/mjha1/Proof2Silicon/journal_phase/dafny_to_rtl_pipeline/dafny_outputs/gpt-5.3-codex/Dafny_299_firstverified.dfy,,0,,,,
gpt-5.3-codex,Dafny_303_firstverified,0,SUCCESS,True,/u/mjha1/Proof2Silicon/journal_phase/dafny_to_rtl_pipeline/dafny_outputs/gpt-5.3-codex/Dafny_303_firstverified.dfy,/u/mjha1/Proof2Silicon/journal_phase/dafny_to_rtl_pipeline/generated_python_raw/gpt-5.3-codex/Dafny_303_firstverified-py,1,/u/mjha1/Proof2Silicon/journal_phase/dafny_to_rtl_pipeline/generated_python_raw/gpt-5.3-codex/Dafny_303_firstverified-py/module_.py,/u/mjha1/Proof2Silicon/journal_phase/dafny_to_rtl_pipeline/generated_python_raw/gpt-5.3-codex/Dafny_303_firstverified-py/__main__.py,/u/mjha1/Proof2Silicon/journal_phase/dafny_to_rtl_pipeline/generated_python/gpt-5.3-codex/Dafny_303_firstverified,/u/mjha1/Proof2Silicon/journal_phase/dafny_to_rtl_pipeline/generated_python/gpt-5.3-codex/Dafny_303_firstverified/module_.py;/u/mjha1/Proof2Silicon/journal_phase/dafny_to_rtl_pipeline/generated_python/gpt-5.3-codex/Dafny_303_firstverified/__main__.py
gpt-5.3-codex,Dafny_311,0,SUCCESS,False,/u/mjha1/Proof2Silicon/journal_phase/dafny_to_rtl_pipeline/dafny_outputs/gpt-5.3-codex/Dafny_311.dfy,/u/mjha1/Proof2Silicon/journal_phase/dafny_to_rtl_pipeline/generated_python_raw/gpt-5.3-codex/Dafny_311-py,1,/u/mjha1/Proof2Silicon/journal_phase/dafny_to_rtl_pipeline/generated_python_raw/gpt-5.3-codex/Dafny_311-py/module_.py,/u/mjha1/Proof2Silicon/journal_phase/dafny_to_rtl_pipeline/generated_python_raw/gpt-5.3-codex/Dafny_311-py/__main__.py,/u/mjha1/Proof2Silicon/journal_phase/dafny_to_rtl_pipeline/generated_python/gpt-5.3-codex/Dafny_311,/u/mjha1/Proof2Silicon/journal_phase/dafny_to_rtl_pipeline/generated_python/gpt-5.3-codex/Dafny_311/module_.py;/u/mjha1/Proof2Silicon/journal_phase/dafny_to_rtl_pipeline/generated_python/gpt-5.3-codex/Dafny_311/__main__.py
gpt-5.3-codex,Dafny_314,0,SUCCESS,False,/u/mjha1/Proof2Silicon/journal_phase/dafny_to_rtl_pipeline/dafny_outputs/gpt-5.3-codex/Dafny_314.dfy,/u/mjha1/Proof2Silicon/journal_phase/dafny_to_rtl_pipeline/generated_python_raw/gpt-5.3-codex/Dafny_314-py,1,/u/mjha1/Proof2Silicon/journal_phase/dafny_to_rtl_pipeline/generated_python_raw/gpt-5.3-codex/Dafny_314-py/module_.py,/u/mjha1/Proof2Silicon/journal_phase/dafny_to_rtl_pipeline/generated_python_raw/gpt-5.3-codex/Dafny_314-py/__main__.py,/u/mjha1/Proof2Silicon/journal_phase/dafny_to_rtl_pipeline/generated_python/gpt-5.3-codex/Dafny_314,/u/mjha1/Proof2Silicon/journal_phase/dafny_to_rtl_pipeline/generated_python/gpt-5.3-codex/Dafny_314/module_.py;/u/mjha1/Proof2Silicon/journal_phase/dafny_to_rtl_pipeline/generated_python/gpt-5.3-codex/Dafny_314/__main__.py
gpt-5.3-codex,Dafny_320_firstverified,0,SUCCESS,True,/u/mjha1/Proof2Silicon/journal_phase/dafny_to_rtl_pipeline/dafny_outputs/gpt-5.3-codex/Dafny_320_firstverified.dfy,/u/mjha1/Proof2Silicon/journal_phase/dafny_to_rtl_pipeline/generated_python_raw/gpt-5.3-codex/Dafny_320_firstverified-py,1,/u/mjha1/Proof2Silicon/journal_phase/dafny_to_rtl_pipeline/generated_python_raw/gpt-5.3-codex/Dafny_320_firstverified-py/module_.py,/u/mjha1/Proof2Silicon/journal_phase/dafny_to_rtl_pipeline/generated_python_raw/gpt-5.3-codex/Dafny_320_firstverified-py/__main__.py,/u/mjha1/Proof2Silicon/journal_phase/dafny_to_rtl_pipeline/generated_python/gpt-5.3-codex/Dafny_320_firstverified,/u/mjha1/Proof2Silicon/journal_phase/dafny_to_rtl_pipeline/generated_python/gpt-5.3-codex/Dafny_320_firstverified/module_.py;/u/mjha1/Proof2Silicon/journal_phase/dafny_to_rtl_pipeline/generated_python/gpt-5.3-codex/Dafny_320_firstverified/__main__.py
gpt-5.3-codex,Dafny_321_firstverified,3,TRUE_TRANSLATION_FAILURE,True,/u/mjha1/Proof2Silicon/journal_phase/dafny_to_rtl_pipeline/dafny_outputs/gpt-5.3-codex/Dafny_321_firstverified.dfy,,0,,,,
gpt-5.3-codex,Dafny_322,3,TRUE_TRANSLATION_FAILURE,False,/u/mjha1/Proof2Silicon/journal_phase/dafny_to_rtl_pipeline/dafny_outputs/gpt-5.3-codex/Dafny_322.dfy,,0,,,,
gpt-5.3-codex,Dafny_323_firstverified,0,SUCCESS,True,/u/mjha1/Proof2Silicon/journal_phase/dafny_to_rtl_pipeline/dafny_outputs/gpt-5.3-codex/Dafny_323_firstverified.dfy,/u/mjha1/Proof2Silicon/journal_phase/dafny_to_rtl_pipeline/generated_python_raw/gpt-5.3-codex/Dafny_323_firstverified-py,1,/u/mjha1/Proof2Silicon/journal_phase/dafny_to_rtl_pipeline/generated_python_raw/gpt-5.3-codex/Dafny_323_firstverified-py/module_.py,/u/mjha1/Proof2Silicon/journal_phase/dafny_to_rtl_pipeline/generated_python_raw/gpt-5.3-codex/Dafny_323_firstverified-py/__main__.py,/u/mjha1/Proof2Silicon/journal_phase/dafny_to_rtl_pipeline/generated_python/gpt-5.3-codex/Dafny_323_firstverified,/u/mjha1/Proof2Silicon/journal_phase/dafny_to_rtl_pipeline/generated_python/gpt-5.3-codex/Dafny_323_firstverified/module_.py;/u/mjha1/Proof2Silicon/journal_phase/dafny_to_rtl_pipeline/generated_python/gpt-5.3-codex/Dafny_323_firstverified/__main__.py
gpt-5.3-codex,Dafny_333,0,SUCCESS,False,/u/mjha1/Proof2Silicon/journal_phase/dafny_to_rtl_pipeline/dafny_outputs/gpt-5.3-codex/Dafny_333.dfy,/u/mjha1/Proof2Silicon/journal_phase/dafny_to_rtl_pipeline/generated_python_raw/gpt-5.3-codex/Dafny_333-py,2,/u/mjha1/Proof2Silicon/journal_phase/dafny_to_rtl_pipeline/generated_python_raw/gpt-5.3-codex/Dafny_333-py/Lowercase.py;/u/mjha1/Proof2Silicon/journal_phase/dafny_to_rtl_pipeline/generated_python_raw/gpt-5.3-codex/Dafny_333-py/module_.py,/u/mjha1/Proof2Silicon/journal_phase/dafny_to_rtl_pipeline/generated_python_raw/gpt-5.3-codex/Dafny_333-py/__main__.py,/u/mjha1/Proof2Silicon/journal_phase/dafny_to_rtl_pipeline/generated_python/gpt-5.3-codex/Dafny_333,/u/mjha1/Proof2Silicon/journal_phase/dafny_to_rtl_pipeline/generated_python/gpt-5.3-codex/Dafny_333/Lowercase.py;/u/mjha1/Proof2Silicon/journal_phase/dafny_to_rtl_pipeline/generated_python/gpt-5.3-codex/Dafny_333/module_.py;/u/mjha1/Proof2Silicon/journal_phase/dafny_to_rtl_pipeline/generated_python/gpt-5.3-codex/Dafny_333/__main__.py
gpt-5.3-codex,Dafny_355_firstverified,0,SUCCESS,True,/u/mjha1/Proof2Silicon/journal_phase/dafny_to_rtl_pipeline/dafny_outputs/gpt-5.3-codex/Dafny_355_firstverified.dfy,/u/mjha1/Proof2Silicon/journal_phase/dafny_to_rtl_pipeline/generated_python_raw/gpt-5.3-codex/Dafny_355_firstverified-py,1,/u/mjha1/Proof2Silicon/journal_phase/dafny_to_rtl_pipeline/generated_python_raw/gpt-5.3-codex/Dafny_355_firstverified-py/module_.py,/u/mjha1/Proof2Silicon/journal_phase/dafny_to_rtl_pipeline/generated_python_raw/gpt-5.3-codex/Dafny_355_firstverified-py/__main__.py,/u/mjha1/Proof2Silicon/journal_phase/dafny_to_rtl_pipeline/generated_python/gpt-5.3-codex/Dafny_355_firstverified,/u/mjha1/Proof2Silicon/journal_phase/dafny_to_rtl_pipeline/generated_python/gpt-5.3-codex/Dafny_355_firstverified/module_.py;/u/mjha1/Proof2Silicon/journal_phase/dafny_to_rtl_pipeline/generated_python/gpt-5.3-codex/Dafny_355_firstverified/__main__.py
gpt-5.3-codex,Dafny_357_firstverified,3,TRUE_TRANSLATION_FAILURE,True,/u/mjha1/Proof2Silicon/journal_phase/dafny_to_rtl_pipeline/dafny_outputs/gpt-5.3-codex/Dafny_357_firstverified.dfy,,0,,,,
gpt-5.3-codex,Dafny_365_firstverified,3,TRUE_TRANSLATION_FAILURE,True,/u/mjha1/Proof2Silicon/journal_phase/dafny_to_rtl_pipeline/dafny_outputs/gpt-5.3-codex/Dafny_365_firstverified.dfy,,0,,,,
gpt-5.3-codex,Dafny_372,0,SUCCESS,False,/u/mjha1/Proof2Silicon/journal_phase/dafny_to_rtl_pipeline/dafny_outputs/gpt-5.3-codex/Dafny_372.dfy,/u/mjha1/Proof2Silicon/journal_phase/dafny_to_rtl_pipeline/generated_python_raw/gpt-5.3-codex/Dafny_372-py,2,/u/mjha1/Proof2Silicon/journal_phase/dafny_to_rtl_pipeline/generated_python_raw/gpt-5.3-codex/Dafny_372-py/AllCharactersSame.py;/u/mjha1/Proof2Silicon/journal_phase/dafny_to_rtl_pipeline/generated_python_raw/gpt-5.3-codex/Dafny_372-py/module_.py,/u/mjha1/Proof2Silicon/journal_phase/dafny_to_rtl_pipeline/generated_python_raw/gpt-5.3-codex/Dafny_372-py/__main__.py,/u/mjha1/Proof2Silicon/journal_phase/dafny_to_rtl_pipeline/generated_python/gpt-5.3-codex/Dafny_372,/u/mjha1/Proof2Silicon/journal_phase/dafny_to_rtl_pipeline/generated_python/gpt-5.3-codex/Dafny_372/AllCharactersSame.py;/u/mjha1/Proof2Silicon/journal_phase/dafny_to_rtl_pipeline/generated_python/gpt-5.3-codex/Dafny_372/module_.py;/u/mjha1/Proof2Silicon/journal_phase/dafny_to_rtl_pipeline/generated_python/gpt-5.3-codex/Dafny_372/__main__.py
gpt-5.3-codex,Dafny_380,3,TRUE_TRANSLATION_FAILURE,False,/u/mjha1/Proof2Silicon/journal_phase/dafny_to_rtl_pipeline/dafny_outputs/gpt-5.3-codex/Dafny_380.dfy,,0,,,,
gpt-5.3-codex,Dafny_387_firstverified,0,SUCCESS,True,/u/mjha1/Proof2Silicon/journal_phase/dafny_to_rtl_pipeline/dafny_outputs/gpt-5.3-codex/Dafny_387_firstverified.dfy,/u/mjha1/Proof2Silicon/journal_phase/dafny_to_rtl_pipeline/generated_python_raw/gpt-5.3-codex/Dafny_387_firstverified-py,1,/u/mjha1/Proof2Silicon/journal_phase/dafny_to_rtl_pipeline/generated_python_raw/gpt-5.3-codex/Dafny_387_firstverified-py/module_.py,/u/mjha1/Proof2Silicon/journal_phase/dafny_to_rtl_pipeline/generated_python_raw/gpt-5.3-codex/Dafny_387_firstverified-py/__main__.py,/u/mjha1/Proof2Silicon/journal_phase/dafny_to_rtl_pipeline/generated_python/gpt-5.3-codex/Dafny_387_firstverified,/u/mjha1/Proof2Silicon/journal_phase/dafny_to_rtl_pipeline/generated_python/gpt-5.3-codex/Dafny_387_firstverified/module_.py;/u/mjha1/Proof2Silicon/journal_phase/dafny_to_rtl_pipeline/generated_python/gpt-5.3-codex/Dafny_387_firstverified/__main__.py
gpt-5.3-codex,Dafny_392_firstverified,3,TRUE_TRANSLATION_FAILURE,True,/u/mjha1/Proof2Silicon/journal_phase/dafny_to_rtl_pipeline/dafny_outputs/gpt-5.3-codex/Dafny_392_firstverified.dfy,,0,,,,
gpt-5.3-codex,Dafny_399_firstverified,0,SUCCESS,True,/u/mjha1/Proof2Silicon/journal_phase/dafny_to_rtl_pipeline/dafny_outputs/gpt-5.3-codex/Dafny_399_firstverified.dfy,/u/mjha1/Proof2Silicon/journal_phase/dafny_to_rtl_pipeline/generated_python_raw/gpt-5.3-codex/Dafny_399_firstverified-py,1,/u/mjha1/Proof2Silicon/journal_phase/dafny_to_rtl_pipeline/generated_python_raw/gpt-5.3-codex/Dafny_399_firstverified-py/module_.py,/u/mjha1/Proof2Silicon/journal_phase/dafny_to_rtl_pipeline/generated_python_raw/gpt-5.3-codex/Dafny_399_firstverified-py/__main__.py,/u/mjha1/Proof2Silicon/journal_phase/dafny_to_rtl_pipeline/generated_python/gpt-5.3-codex/Dafny_399_firstverified,/u/mjha1/Proof2Silicon/journal_phase/dafny_to_rtl_pipeline/generated_python/gpt-5.3-codex/Dafny_399_firstverified/module_.py;/u/mjha1/Proof2Silicon/journal_phase/dafny_to_rtl_pipeline/generated_python/gpt-5.3-codex/Dafny_399_firstverified/__main__.py
gpt-5.3-codex,Dafny_400_firstverified,3,TRUE_TRANSLATION_FAILURE,True,/u/mjha1/Proof2Silicon/journal_phase/dafny_to_rtl_pipeline/dafny_outputs/gpt-5.3-codex/Dafny_400_firstverified.dfy,,0,,,,
gpt-5.3-codex,Dafny_413_firstverified,3,TRUE_TRANSLATION_FAILURE,True,/u/mjha1/Proof2Silicon/journal_phase/dafny_to_rtl_pipeline/dafny_outputs/gpt-5.3-codex/Dafny_413_firstverified.dfy,,0,,,,
gpt-5.3-codex,Dafny_426_firstverified,3,TRUE_TRANSLATION_FAILURE,True,/u/mjha1/Proof2Silicon/journal_phase/dafny_to_rtl_pipeline/dafny_outputs/gpt-5.3-codex/Dafny_426_firstverified.dfy,,0,,,,
gpt-5.3-codex,Dafny_427_firstverified,0,SUCCESS,True,/u/mjha1/Proof2Silicon/journal_phase/dafny_to_rtl_pipeline/dafny_outputs/gpt-5.3-codex/Dafny_427_firstverified.dfy,/u/mjha1/Proof2Silicon/journal_phase/dafny_to_rtl_pipeline/generated_python_raw/gpt-5.3-codex/Dafny_427_firstverified-py,1,/u/mjha1/Proof2Silicon/journal_phase/dafny_to_rtl_pipeline/generated_python_raw/gpt-5.3-codex/Dafny_427_firstverified-py/module_.py,/u/mjha1/Proof2Silicon/journal_phase/dafny_to_rtl_pipeline/generated_python_raw/gpt-5.3-codex/Dafny_427_firstverified-py/__main__.py,/u/mjha1/Proof2Silicon/journal_phase/dafny_to_rtl_pipeline/generated_python/gpt-5.3-codex/Dafny_427_firstverified,/u/mjha1/Proof2Silicon/journal_phase/dafny_to_rtl_pipeline/generated_python/gpt-5.3-codex/Dafny_427_firstverified/module_.py;/u/mjha1/Proof2Silicon/journal_phase/dafny_to_rtl_pipeline/generated_python/gpt-5.3-codex/Dafny_427_firstverified/__main__.py
gpt-5.3-codex,Dafny_437_firstverified,3,TRUE_TRANSLATION_FAILURE,True,/u/mjha1/Proof2Silicon/journal_phase/dafny_to_rtl_pipeline/dafny_outputs/gpt-5.3-codex/Dafny_437_firstverified.dfy,,0,,,,
gpt-5.3-codex,Dafny_450,3,TRUE_TRANSLATION_FAILURE,False,/u/mjha1/Proof2Silicon/journal_phase/dafny_to_rtl_pipeline/dafny_outputs/gpt-5.3-codex/Dafny_450.dfy,,0,,,,
gpt-5.3-codex,Dafny_452_firstverified,3,TRUE_TRANSLATION_FAILURE,True,/u/mjha1/Proof2Silicon/journal_phase/dafny_to_rtl_pipeline/dafny_outputs/gpt-5.3-codex/Dafny_452_firstverified.dfy,,0,,,,
gpt-5.3-codex,Dafny_458_firstverified,3,TRUE_TRANSLATION_FAILURE,True,/u/mjha1/Proof2Silicon/journal_phase/dafny_to_rtl_pipeline/dafny_outputs/gpt-5.3-codex/Dafny_458_firstverified.dfy,,0,,,,
gpt-5.3-codex,Dafny_459_firstverified,0,SUCCESS,True,/u/mjha1/Proof2Silicon/journal_phase/dafny_to_rtl_pipeline/dafny_outputs/gpt-5.3-codex/Dafny_459_firstverified.dfy,/u/mjha1/Proof2Silicon/journal_phase/dafny_to_rtl_pipeline/generated_python_raw/gpt-5.3-codex/Dafny_459_firstverified-py,1,/u/mjha1/Proof2Silicon/journal_phase/dafny_to_rtl_pipeline/generated_python_raw/gpt-5.3-codex/Dafny_459_firstverified-py/module_.py,/u/mjha1/Proof2Silicon/journal_phase/dafny_to_rtl_pipeline/generated_python_raw/gpt-5.3-codex/Dafny_459_firstverified-py/__main__.py,/u/mjha1/Proof2Silicon/journal_phase/dafny_to_rtl_pipeline/generated_python/gpt-5.3-codex/Dafny_459_firstverified,/u/mjha1/Proof2Silicon/journal_phase/dafny_to_rtl_pipeline/generated_python/gpt-5.3-codex/Dafny_459_firstverified/module_.py;/u/mjha1/Proof2Silicon/journal_phase/dafny_to_rtl_pipeline/generated_python/gpt-5.3-codex/Dafny_459_firstverified/__main__.py
gpt-5.3-codex,Dafny_465_firstverified,3,TRUE_TRANSLATION_FAILURE,True,/u/mjha1/Proof2Silicon/journal_phase/dafny_to_rtl_pipeline/dafny_outputs/gpt-5.3-codex/Dafny_465_firstverified.dfy,,0,,,,
gpt-5.3-codex,Dafny_471_firstverified,0,SUCCESS,True,/u/mjha1/Proof2Silicon/journal_phase/dafny_to_rtl_pipeline/dafny_outputs/gpt-5.3-codex/Dafny_471_firstverified.dfy,/u/mjha1/Proof2Silicon/journal_phase/dafny_to_rtl_pipeline/generated_python_raw/gpt-5.3-codex/Dafny_471_firstverified-py,1,/u/mjha1/Proof2Silicon/journal_phase/dafny_to_rtl_pipeline/generated_python_raw/gpt-5.3-codex/Dafny_471_firstverified-py/module_.py,/u/mjha1/Proof2Silicon/journal_phase/dafny_to_rtl_pipeline/generated_python_raw/gpt-5.3-codex/Dafny_471_firstverified-py/__main__.py,/u/mjha1/Proof2Silicon/journal_phase/dafny_to_rtl_pipeline/generated_python/gpt-5.3-codex/Dafny_471_firstverified,/u/mjha1/Proof2Silicon/journal_phase/dafny_to_rtl_pipeline/generated_python/gpt-5.3-codex/Dafny_471_firstverified/module_.py;/u/mjha1/Proof2Silicon/journal_phase/dafny_to_rtl_pipeline/generated_python/gpt-5.3-codex/Dafny_471_firstverified/__main__.py
gpt-5.3-codex,Dafny_475,0,SUCCESS,False,/u/mjha1/Proof2Silicon/journal_phase/dafny_to_rtl_pipeline/dafny_outputs/gpt-5.3-codex/Dafny_475.dfy,/u/mjha1/Proof2Silicon/journal_phase/dafny_to_rtl_pipeline/generated_python_raw/gpt-5.3-codex/Dafny_475-py,2,/u/mjha1/Proof2Silicon/journal_phase/dafny_to_rtl_pipeline/generated_python_raw/gpt-5.3-codex/Dafny_475-py/Fat.py;/u/mjha1/Proof2Silicon/journal_phase/dafny_to_rtl_pipeline/generated_python_raw/gpt-5.3-codex/Dafny_475-py/module_.py,/u/mjha1/Proof2Silicon/journal_phase/dafny_to_rtl_pipeline/generated_python_raw/gpt-5.3-codex/Dafny_475-py/__main__.py,/u/mjha1/Proof2Silicon/journal_phase/dafny_to_rtl_pipeline/generated_python/gpt-5.3-codex/Dafny_475,/u/mjha1/Proof2Silicon/journal_phase/dafny_to_rtl_pipeline/generated_python/gpt-5.3-codex/Dafny_475/Fat.py;/u/mjha1/Proof2Silicon/journal_phase/dafny_to_rtl_pipeline/generated_python/gpt-5.3-codex/Dafny_475/module_.py;/u/mjha1/Proof2Silicon/journal_phase/dafny_to_rtl_pipeline/generated_python/gpt-5.3-codex/Dafny_475/__main__.py
gpt-5.3-codex,Dafny_481_firstverified,0,SUCCESS,True,/u/mjha1/Proof2Silicon/journal_phase/dafny_to_rtl_pipeline/dafny_outputs/gpt-5.3-codex/Dafny_481_firstverified.dfy,/u/mjha1/Proof2Silicon/journal_phase/dafny_to_rtl_pipeline/generated_python_raw/gpt-5.3-codex/Dafny_481_firstverified-py,1,/u/mjha1/Proof2Silicon/journal_phase/dafny_to_rtl_pipeline/generated_python_raw/gpt-5.3-codex/Dafny_481_firstverified-py/module_.py,/u/mjha1/Proof2Silicon/journal_phase/dafny_to_rtl_pipeline/generated_python_raw/gpt-5.3-codex/Dafny_481_firstverified-py/__main__.py,/u/mjha1/Proof2Silicon/journal_phase/dafny_to_rtl_pipeline/generated_python/gpt-5.3-codex/Dafny_481_firstverified,/u/mjha1/Proof2Silicon/journal_phase/dafny_to_rtl_pipeline/generated_python/gpt-5.3-codex/Dafny_481_firstverified/module_.py;/u/mjha1/Proof2Silicon/journal_phase/dafny_to_rtl_pipeline/generated_python/gpt-5.3-codex/Dafny_481_firstverified/__main__.py
gpt-5.3-codex,Dafny_484,0,SUCCESS,False,/u/mjha1/Proof2Silicon/journal_phase/dafny_to_rtl_pipeline/dafny_outputs/gpt-5.3-codex/Dafny_484.dfy,/u/mjha1/Proof2Silicon/journal_phase/dafny_to_rtl_pipeline/generated_python_raw/gpt-5.3-codex/Dafny_484-py,2,/u/mjha1/Proof2Silicon/journal_phase/dafny_to_rtl_pipeline/generated_python_raw/gpt-5.3-codex/Dafny_484-py/SortingExample.py;/u/mjha1/Proof2Silicon/journal_phase/dafny_to_rtl_pipeline/generated_python_raw/gpt-5.3-codex/Dafny_484-py/module_.py,/u/mjha1/Proof2Silicon/journal_phase/dafny_to_rtl_pipeline/generated_python_raw/gpt-5.3-codex/Dafny_484-py/__main__.py,/u/mjha1/Proof2Silicon/journal_phase/dafny_to_rtl_pipeline/generated_python/gpt-5.3-codex/Dafny_484,/u/mjha1/Proof2Silicon/journal_phase/dafny_to_rtl_pipeline/generated_python/gpt-5.3-codex/Dafny_484/SortingExample.py;/u/mjha1/Proof2Silicon/journal_phase/dafny_to_rtl_pipeline/generated_python/gpt-5.3-codex/Dafny_484/module_.py;/u/mjha1/Proof2Silicon/journal_phase/dafny_to_rtl_pipeline/generated_python/gpt-5.3-codex/Dafny_484/__main__.py
gpt-5.3-codex,Dafny_488_firstverified,3,TRUE_TRANSLATION_FAILURE,True,/u/mjha1/Proof2Silicon/journal_phase/dafny_to_rtl_pipeline/dafny_outputs/gpt-5.3-codex/Dafny_488_firstverified.dfy,,0,,,,
gpt-5.3-codex,Dafny_500,0,SUCCESS,False,/u/mjha1/Proof2Silicon/journal_phase/dafny_to_rtl_pipeline/dafny_outputs/gpt-5.3-codex/Dafny_500.dfy,/u/mjha1/Proof2Silicon/journal_phase/dafny_to_rtl_pipeline/generated_python_raw/gpt-5.3-codex/Dafny_500-py,2,/u/mjha1/Proof2Silicon/journal_phase/dafny_to_rtl_pipeline/generated_python_raw/gpt-5.3-codex/Dafny_500-py/IterativeMathOps.py;/u/mjha1/Proof2Silicon/journal_phase/dafny_to_rtl_pipeline/generated_python_raw/gpt-5.3-codex/Dafny_500-py/module_.py,/u/mjha1/Proof2Silicon/journal_phase/dafny_to_rtl_pipeline/generated_python_raw/gpt-5.3-codex/Dafny_500-py/__main__.py,/u/mjha1/Proof2Silicon/journal_phase/dafny_to_rtl_pipeline/generated_python/gpt-5.3-codex/Dafny_500,/u/mjha1/Proof2Silicon/journal_phase/dafny_to_rtl_pipeline/generated_python/gpt-5.3-codex/Dafny_500/IterativeMathOps.py;/u/mjha1/Proof2Silicon/journal_phase/dafny_to_rtl_pipeline/generated_python/gpt-5.3-codex/Dafny_500/module_.py;/u/mjha1/Proof2Silicon/journal_phase/dafny_to_rtl_pipeline/generated_python/gpt-5.3-codex/Dafny_500/__main__.py
gpt-5.3-codex,Dafny_501_firstverified,3,TRUE_TRANSLATION_FAILURE,True,/u/mjha1/Proof2Silicon/journal_phase/dafny_to_rtl_pipeline/dafny_outputs/gpt-5.3-codex/Dafny_501_firstverified.dfy,,0,,,,
gpt-5.3-codex,Dafny_502_firstverified,3,TRUE_TRANSLATION_FAILURE,True,/u/mjha1/Proof2Silicon/journal_phase/dafny_to_rtl_pipeline/dafny_outputs/gpt-5.3-codex/Dafny_502_firstverified.dfy,,0,,,,
gpt-5.3-codex,Dafny_503_firstverified,3,TRUE_TRANSLATION_FAILURE,True,/u/mjha1/Proof2Silicon/journal_phase/dafny_to_rtl_pipeline/dafny_outputs/gpt-5.3-codex/Dafny_503_firstverified.dfy,,0,,,,
gpt-5.3-codex,Dafny_505_firstverified,0,SUCCESS,True,/u/mjha1/Proof2Silicon/journal_phase/dafny_to_rtl_pipeline/dafny_outputs/gpt-5.3-codex/Dafny_505_firstverified.dfy,/u/mjha1/Proof2Silicon/journal_phase/dafny_to_rtl_pipeline/generated_python_raw/gpt-5.3-codex/Dafny_505_firstverified-py,1,/u/mjha1/Proof2Silicon/journal_phase/dafny_to_rtl_pipeline/generated_python_raw/gpt-5.3-codex/Dafny_505_firstverified-py/module_.py,/u/mjha1/Proof2Silicon/journal_phase/dafny_to_rtl_pipeline/generated_python_raw/gpt-5.3-codex/Dafny_505_firstverified-py/__main__.py,/u/mjha1/Proof2Silicon/journal_phase/dafny_to_rtl_pipeline/generated_python/gpt-5.3-codex/Dafny_505_firstverified,/u/mjha1/Proof2Silicon/journal_phase/dafny_to_rtl_pipeline/generated_python/gpt-5.3-codex/Dafny_505_firstverified/module_.py;/u/mjha1/Proof2Silicon/journal_phase/dafny_to_rtl_pipeline/generated_python/gpt-5.3-codex/Dafny_505_firstverified/__main__.py
gpt-5.3-codex,Dafny_510,0,SUCCESS,False,/u/mjha1/Proof2Silicon/journal_phase/dafny_to_rtl_pipeline/dafny_outputs/gpt-5.3-codex/Dafny_510.dfy,/u/mjha1/Proof2Silicon/journal_phase/dafny_to_rtl_pipeline/generated_python_raw/gpt-5.3-codex/Dafny_510-py,2,/u/mjha1/Proof2Silicon/journal_phase/dafny_to_rtl_pipeline/generated_python_raw/gpt-5.3-codex/Dafny_510-py/Mod2.py;/u/mjha1/Proof2Silicon/journal_phase/dafny_to_rtl_pipeline/generated_python_raw/gpt-5.3-codex/Dafny_510-py/module_.py,/u/mjha1/Proof2Silicon/journal_phase/dafny_to_rtl_pipeline/generated_python_raw/gpt-5.3-codex/Dafny_510-py/__main__.py,/u/mjha1/Proof2Silicon/journal_phase/dafny_to_rtl_pipeline/generated_python/gpt-5.3-codex/Dafny_510,/u/mjha1/Proof2Silicon/journal_phase/dafny_to_rtl_pipeline/generated_python/gpt-5.3-codex/Dafny_510/Mod2.py;/u/mjha1/Proof2Silicon/journal_phase/dafny_to_rtl_pipeline/generated_python/gpt-5.3-codex/Dafny_510/module_.py;/u/mjha1/Proof2Silicon/journal_phase/dafny_to_rtl_pipeline/generated_python/gpt-5.3-codex/Dafny_510/__main__.py
gpt-5.3-codex,Dafny_518_firstverified,3,TRUE_TRANSLATION_FAILURE,True,/u/mjha1/Proof2Silicon/journal_phase/dafny_to_rtl_pipeline/dafny_outputs/gpt-5.3-codex/Dafny_518_firstverified.dfy,,0,,,,
gpt-5.3-codex,Dafny_536_firstverified,0,SUCCESS,True,/u/mjha1/Proof2Silicon/journal_phase/dafny_to_rtl_pipeline/dafny_outputs/gpt-5.3-codex/Dafny_536_firstverified.dfy,/u/mjha1/Proof2Silicon/journal_phase/dafny_to_rtl_pipeline/generated_python_raw/gpt-5.3-codex/Dafny_536_firstverified-py,2,/u/mjha1/Proof2Silicon/journal_phase/dafny_to_rtl_pipeline/generated_python_raw/gpt-5.3-codex/Dafny_536_firstverified-py/GeneratedStepsProgram.py;/u/mjha1/Proof2Silicon/journal_phase/dafny_to_rtl_pipeline/generated_python_raw/gpt-5.3-codex/Dafny_536_firstverified-py/module_.py,/u/mjha1/Proof2Silicon/journal_phase/dafny_to_rtl_pipeline/generated_python_raw/gpt-5.3-codex/Dafny_536_firstverified-py/__main__.py,/u/mjha1/Proof2Silicon/journal_phase/dafny_to_rtl_pipeline/generated_python/gpt-5.3-codex/Dafny_536_firstverified,/u/mjha1/Proof2Silicon/journal_phase/dafny_to_rtl_pipeline/generated_python/gpt-5.3-codex/Dafny_536_firstverified/GeneratedStepsProgram.py;/u/mjha1/Proof2Silicon/journal_phase/dafny_to_rtl_pipeline/generated_python/gpt-5.3-codex/Dafny_536_firstverified/module_.py;/u/mjha1/Proof2Silicon/journal_phase/dafny_to_rtl_pipeline/generated_python/gpt-5.3-codex/Dafny_536_firstverified/__main__.py
gpt-5.3-codex,Dafny_537_firstverified,0,SUCCESS,True,/u/mjha1/Proof2Silicon/journal_phase/dafny_to_rtl_pipeline/dafny_outputs/gpt-5.3-codex/Dafny_537_firstverified.dfy,/u/mjha1/Proof2Silicon/journal_phase/dafny_to_rtl_pipeline/generated_python_raw/gpt-5.3-codex/Dafny_537_firstverified-py,2,/u/mjha1/Proof2Silicon/journal_phase/dafny_to_rtl_pipeline/generated_python_raw/gpt-5.3-codex/Dafny_537_firstverified-py/F.py;/u/mjha1/Proof2Silicon/journal_phase/dafny_to_rtl_pipeline/generated_python_raw/gpt-5.3-codex/Dafny_537_firstverified-py/module_.py,/u/mjha1/Proof2Silicon/journal_phase/dafny_to_rtl_pipeline/generated_python_raw/gpt-5.3-codex/Dafny_537_firstverified-py/__main__.py,/u/mjha1/Proof2Silicon/journal_phase/dafny_to_rtl_pipeline/generated_python/gpt-5.3-codex/Dafny_537_firstverified,/u/mjha1/Proof2Silicon/journal_phase/dafny_to_rtl_pipeline/generated_python/gpt-5.3-codex/Dafny_537_firstverified/F.py;/u/mjha1/Proof2Silicon/journal_phase/dafny_to_rtl_pipeline/generated_python/gpt-5.3-codex/Dafny_537_firstverified/module_.py;/u/mjha1/Proof2Silicon/journal_phase/dafny_to_rtl_pipeline/generated_python/gpt-5.3-codex/Dafny_537_firstverified/__main__.py
gpt-5.3-codex,Dafny_539_firstverified,3,TRUE_TRANSLATION_FAILURE,True,/u/mjha1/Proof2Silicon/journal_phase/dafny_to_rtl_pipeline/dafny_outputs/gpt-5.3-codex/Dafny_539_firstverified.dfy,,0,,,,
gpt-5.3-codex,Dafny_542_firstverified,0,SUCCESS,True,/u/mjha1/Proof2Silicon/journal_phase/dafny_to_rtl_pipeline/dafny_outputs/gpt-5.3-codex/Dafny_542_firstverified.dfy,/u/mjha1/Proof2Silicon/journal_phase/dafny_to_rtl_pipeline/generated_python_raw/gpt-5.3-codex/Dafny_542_firstverified-py,1,/u/mjha1/Proof2Silicon/journal_phase/dafny_to_rtl_pipeline/generated_python_raw/gpt-5.3-codex/Dafny_542_firstverified-py/module_.py,/u/mjha1/Proof2Silicon/journal_phase/dafny_to_rtl_pipeline/generated_python_raw/gpt-5.3-codex/Dafny_542_firstverified-py/__main__.py,/u/mjha1/Proof2Silicon/journal_phase/dafny_to_rtl_pipeline/generated_python/gpt-5.3-codex/Dafny_542_firstverified,/u/mjha1/Proof2Silicon/journal_phase/dafny_to_rtl_pipeline/generated_python/gpt-5.3-codex/Dafny_542_firstverified/module_.py;/u/mjha1/Proof2Silicon/journal_phase/dafny_to_rtl_pipeline/generated_python/gpt-5.3-codex/Dafny_542_firstverified/__main__.py
gpt-5.3-codex,Dafny_546_firstverified,0,SUCCESS,True,/u/mjha1/Proof2Silicon/journal_phase/dafny_to_rtl_pipeline/dafny_outputs/gpt-5.3-codex/Dafny_546_firstverified.dfy,/u/mjha1/Proof2Silicon/journal_phase/dafny_to_rtl_pipeline/generated_python_raw/gpt-5.3-codex/Dafny_546_firstverified-py,1,/u/mjha1/Proof2Silicon/journal_phase/dafny_to_rtl_pipeline/generated_python_raw/gpt-5.3-codex/Dafny_546_firstverified-py/module_.py,/u/mjha1/Proof2Silicon/journal_phase/dafny_to_rtl_pipeline/generated_python_raw/gpt-5.3-codex/Dafny_546_firstverified-py/__main__.py,/u/mjha1/Proof2Silicon/journal_phase/dafny_to_rtl_pipeline/generated_python/gpt-5.3-codex/Dafny_546_firstverified,/u/mjha1/Proof2Silicon/journal_phase/dafny_to_rtl_pipeline/generated_python/gpt-5.3-codex/Dafny_546_firstverified/module_.py;/u/mjha1/Proof2Silicon/journal_phase/dafny_to_rtl_pipeline/generated_python/gpt-5.3-codex/Dafny_546_firstverified/__main__.py
gpt-5.3-codex,Dafny_554,0,SUCCESS,False,/u/mjha1/Proof2Silicon/journal_phase/dafny_to_rtl_pipeline/dafny_outputs/gpt-5.3-codex/Dafny_554.dfy,/u/mjha1/Proof2Silicon/journal_phase/dafny_to_rtl_pipeline/generated_python_raw/gpt-5.3-codex/Dafny_554-py,1,/u/mjha1/Proof2Silicon/journal_phase/dafny_to_rtl_pipeline/generated_python_raw/gpt-5.3-codex/Dafny_554-py/module_.py,/u/mjha1/Proof2Silicon/journal_phase/dafny_to_rtl_pipeline/generated_python_raw/gpt-5.3-codex/Dafny_554-py/__main__.py,/u/mjha1/Proof2Silicon/journal_phase/dafny_to_rtl_pipeline/generated_python/gpt-5.3-codex/Dafny_554,/u/mjha1/Proof2Silicon/journal_phase/dafny_to_rtl_pipeline/generated_python/gpt-5.3-codex/Dafny_554/module_.py;/u/mjha1/Proof2Silicon/journal_phase/dafny_to_rtl_pipeline/generated_python/gpt-5.3-codex/Dafny_554/__main__.py
gpt-5.3-codex,Dafny_556,0,SUCCESS,False,/u/mjha1/Proof2Silicon/journal_phase/dafny_to_rtl_pipeline/dafny_outputs/gpt-5.3-codex/Dafny_556.dfy,/u/mjha1/Proof2Silicon/journal_phase/dafny_to_rtl_pipeline/generated_python_raw/gpt-5.3-codex/Dafny_556-py,1,/u/mjha1/Proof2Silicon/journal_phase/dafny_to_rtl_pipeline/generated_python_raw/gpt-5.3-codex/Dafny_556-py/module_.py,/u/mjha1/Proof2Silicon/journal_phase/dafny_to_rtl_pipeline/generated_python_raw/gpt-5.3-codex/Dafny_556-py/__main__.py,/u/mjha1/Proof2Silicon/journal_phase/dafny_to_rtl_pipeline/generated_python/gpt-5.3-codex/Dafny_556,/u/mjha1/Proof2Silicon/journal_phase/dafny_to_rtl_pipeline/generated_python/gpt-5.3-codex/Dafny_556/module_.py;/u/mjha1/Proof2Silicon/journal_phase/dafny_to_rtl_pipeline/generated_python/gpt-5.3-codex/Dafny_556/__main__.py
gpt-5.3-codex,Dafny_561_firstverified,3,TRUE_TRANSLATION_FAILURE,True,/u/mjha1/Proof2Silicon/journal_phase/dafny_to_rtl_pipeline/dafny_outputs/gpt-5.3-codex/Dafny_561_firstverified.dfy,,0,,,,
gpt-5.3-codex,Dafny_62_firstverified,0,SUCCESS,True,/u/mjha1/Proof2Silicon/journal_phase/dafny_to_rtl_pipeline/dafny_outputs/gpt-5.3-codex/Dafny_62_firstverified.dfy,/u/mjha1/Proof2Silicon/journal_phase/dafny_to_rtl_pipeline/generated_python_raw/gpt-5.3-codex/Dafny_62_firstverified-py,1,/u/mjha1/Proof2Silicon/journal_phase/dafny_to_rtl_pipeline/generated_python_raw/gpt-5.3-codex/Dafny_62_firstverified-py/module_.py,/u/mjha1/Proof2Silicon/journal_phase/dafny_to_rtl_pipeline/generated_python_raw/gpt-5.3-codex/Dafny_62_firstverified-py/__main__.py,/u/mjha1/Proof2Silicon/journal_phase/dafny_to_rtl_pipeline/generated_python/gpt-5.3-codex/Dafny_62_firstverified,/u/mjha1/Proof2Silicon/journal_phase/dafny_to_rtl_pipeline/generated_python/gpt-5.3-codex/Dafny_62_firstverified/module_.py;/u/mjha1/Proof2Silicon/journal_phase/dafny_to_rtl_pipeline/generated_python/gpt-5.3-codex/Dafny_62_firstverified/__main__.py
gpt-5.3-codex,Dafny_64_firstverified,0,SUCCESS,True,/u/mjha1/Proof2Silicon/journal_phase/dafny_to_rtl_pipeline/dafny_outputs/gpt-5.3-codex/Dafny_64_firstverified.dfy,/u/mjha1/Proof2Silicon/journal_phase/dafny_to_rtl_pipeline/generated_python_raw/gpt-5.3-codex/Dafny_64_firstverified-py,1,/u/mjha1/Proof2Silicon/journal_phase/dafny_to_rtl_pipeline/generated_python_raw/gpt-5.3-codex/Dafny_64_firstverified-py/module_.py,/u/mjha1/Proof2Silicon/journal_phase/dafny_to_rtl_pipeline/generated_python_raw/gpt-5.3-codex/Dafny_64_firstverified-py/__main__.py,/u/mjha1/Proof2Silicon/journal_phase/dafny_to_rtl_pipeline/generated_python/gpt-5.3-codex/Dafny_64_firstverified,/u/mjha1/Proof2Silicon/journal_phase/dafny_to_rtl_pipeline/generated_python/gpt-5.3-codex/Dafny_64_firstverified/module_.py;/u/mjha1/Proof2Silicon/journal_phase/dafny_to_rtl_pipeline/generated_python/gpt-5.3-codex/Dafny_64_firstverified/__main__.py
gpt-5.3-codex,Dafny_65_firstverified,0,SUCCESS,True,/u/mjha1/Proof2Silicon/journal_phase/dafny_to_rtl_pipeline/dafny_outputs/gpt-5.3-codex/Dafny_65_firstverified.dfy,/u/mjha1/Proof2Silicon/journal_phase/dafny_to_rtl_pipeline/generated_python_raw/gpt-5.3-codex/Dafny_65_firstverified-py,1,/u/mjha1/Proof2Silicon/journal_phase/dafny_to_rtl_pipeline/generated_python_raw/gpt-5.3-codex/Dafny_65_firstverified-py/module_.py,/u/mjha1/Proof2Silicon/journal_phase/dafny_to_rtl_pipeline/generated_python_raw/gpt-5.3-codex/Dafny_65_firstverified-py/__main__.py,/u/mjha1/Proof2Silicon/journal_phase/dafny_to_rtl_pipeline/generated_python/gpt-5.3-codex/Dafny_65_firstverified,/u/mjha1/Proof2Silicon/journal_phase/dafny_to_rtl_pipeline/generated_python/gpt-5.3-codex/Dafny_65_firstverified/module_.py;/u/mjha1/Proof2Silicon/journal_phase/dafny_to_rtl_pipeline/generated_python/gpt-5.3-codex/Dafny_65_firstverified/__main__.py
gpt-5.3-codex,Dafny_67_firstverified,0,SUCCESS,True,/u/mjha1/Proof2Silicon/journal_phase/dafny_to_rtl_pipeline/dafny_outputs/gpt-5.3-codex/Dafny_67_firstverified.dfy,/u/mjha1/Proof2Silicon/journal_phase/dafny_to_rtl_pipeline/generated_python_raw/gpt-5.3-codex/Dafny_67_firstverified-py,1,/u/mjha1/Proof2Silicon/journal_phase/dafny_to_rtl_pipeline/generated_python_raw/gpt-5.3-codex/Dafny_67_firstverified-py/module_.py,/u/mjha1/Proof2Silicon/journal_phase/dafny_to_rtl_pipeline/generated_python_raw/gpt-5.3-codex/Dafny_67_firstverified-py/__main__.py,/u/mjha1/Proof2Silicon/journal_phase/dafny_to_rtl_pipeline/generated_python/gpt-5.3-codex/Dafny_67_firstverified,/u/mjha1/Proof2Silicon/journal_phase/dafny_to_rtl_pipeline/generated_python/gpt-5.3-codex/Dafny_67_firstverified/module_.py;/u/mjha1/Proof2Silicon/journal_phase/dafny_to_rtl_pipeline/generated_python/gpt-5.3-codex/Dafny_67_firstverified/__main__.py
gpt-5.3-codex,Dafny_71_firstverified,0,SUCCESS,True,/u/mjha1/Proof2Silicon/journal_phase/dafny_to_rtl_pipeline/dafny_outputs/gpt-5.3-codex/Dafny_71_firstverified.dfy,/u/mjha1/Proof2Silicon/journal_phase/dafny_to_rtl_pipeline/generated_python_raw/gpt-5.3-codex/Dafny_71_firstverified-py,1,/u/mjha1/Proof2Silicon/journal_phase/dafny_to_rtl_pipeline/generated_python_raw/gpt-5.3-codex/Dafny_71_firstverified-py/module_.py,/u/mjha1/Proof2Silicon/journal_phase/dafny_to_rtl_pipeline/generated_python_raw/gpt-5.3-codex/Dafny_71_firstverified-py/__main__.py,/u/mjha1/Proof2Silicon/journal_phase/dafny_to_rtl_pipeline/generated_python/gpt-5.3-codex/Dafny_71_firstverified,/u/mjha1/Proof2Silicon/journal_phase/dafny_to_rtl_pipeline/generated_python/gpt-5.3-codex/Dafny_71_firstverified/module_.py;/u/mjha1/Proof2Silicon/journal_phase/dafny_to_rtl_pipeline/generated_python/gpt-5.3-codex/Dafny_71_firstverified/__main__.py
gpt-5.3-codex,Dafny_78_firstverified,0,SUCCESS,True,/u/mjha1/Proof2Silicon/journal_phase/dafny_to_rtl_pipeline/dafny_outputs/gpt-5.3-codex/Dafny_78_firstverified.dfy,/u/mjha1/Proof2Silicon/journal_phase/dafny_to_rtl_pipeline/generated_python_raw/gpt-5.3-codex/Dafny_78_firstverified-py,1,/u/mjha1/Proof2Silicon/journal_phase/dafny_to_rtl_pipeline/generated_python_raw/gpt-5.3-codex/Dafny_78_firstverified-py/module_.py,/u/mjha1/Proof2Silicon/journal_phase/dafny_to_rtl_pipeline/generated_python_raw/gpt-5.3-codex/Dafny_78_firstverified-py/__main__.py,/u/mjha1/Proof2Silicon/journal_phase/dafny_to_rtl_pipeline/generated_python/gpt-5.3-codex/Dafny_78_firstverified,/u/mjha1/Proof2Silicon/journal_phase/dafny_to_rtl_pipeline/generated_python/gpt-5.3-codex/Dafny_78_firstverified/module_.py;/u/mjha1/Proof2Silicon/journal_phase/dafny_to_rtl_pipeline/generated_python/gpt-5.3-codex/Dafny_78_firstverified/__main__.py
gpt-5.3-codex,Dafny_91_firstverified,3,TRUE_TRANSLATION_FAILURE,True,/u/mjha1/Proof2Silicon/journal_phase/dafny_to_rtl_pipeline/dafny_outputs/gpt-5.3-codex/Dafny_91_firstverified.dfy,,0,,,,
gpt-5.3-codex,Dafny_96_firstverified,0,SUCCESS,True,/u/mjha1/Proof2Silicon/journal_phase/dafny_to_rtl_pipeline/dafny_outputs/gpt-5.3-codex/Dafny_96_firstverified.dfy,/u/mjha1/Proof2Silicon/journal_phase/dafny_to_rtl_pipeline/generated_python_raw/gpt-5.3-codex/Dafny_96_firstverified-py,1,/u/mjha1/Proof2Silicon/journal_phase/dafny_to_rtl_pipeline/generated_python_raw/gpt-5.3-codex/Dafny_96_firstverified-py/module_.py,/u/mjha1/Proof2Silicon/journal_phase/dafny_to_rtl_pipeline/generated_python_raw/gpt-5.3-codex/Dafny_96_firstverified-py/__main__.py,/u/mjha1/Proof2Silicon/journal_phase/dafny_to_rtl_pipeline/generated_python/gpt-5.3-codex/Dafny_96_firstverified,/u/mjha1/Proof2Silicon/journal_phase/dafny_to_rtl_pipeline/generated_python/gpt-5.3-codex/Dafny_96_firstverified/module_.py;/u/mjha1/Proof2Silicon/journal_phase/dafny_to_rtl_pipeline/generated_python/gpt-5.3-codex/Dafny_96_firstverified/__main__.py
gpt-5.3-codex,Dafny_99_firstverified,0,SUCCESS,True,/u/mjha1/Proof2Silicon/journal_phase/dafny_to_rtl_pipeline/dafny_outputs/gpt-5.3-codex/Dafny_99_firstverified.dfy,/u/mjha1/Proof2Silicon/journal_phase/dafny_to_rtl_pipeline/generated_python_raw/gpt-5.3-codex/Dafny_99_firstverified-py,1,/u/mjha1/Proof2Silicon/journal_phase/dafny_to_rtl_pipeline/generated_python_raw/gpt-5.3-codex/Dafny_99_firstverified-py/module_.py,/u/mjha1/Proof2Silicon/journal_phase/dafny_to_rtl_pipeline/generated_python_raw/gpt-5.3-codex/Dafny_99_firstverified-py/__main__.py,/u/mjha1/Proof2Silicon/journal_phase/dafny_to_rtl_pipeline/generated_python/gpt-5.3-codex/Dafny_99_firstverified,/u/mjha1/Proof2Silicon/journal_phase/dafny_to_rtl_pipeline/generated_python/gpt-5.3-codex/Dafny_99_firstverified/module_.py;/u/mjha1/Proof2Silicon/journal_phase/dafny_to_rtl_pipeline/generated_python/gpt-5.3-codex/Dafny_99_firstverified/__main__.py
