model,task,first_verified,input_dfy,raw_requested_output,raw_generated_directory,generated_module,output_python,return_code,success,elapsed_seconds,log_path
deepseek-chat,Dafny_104_firstverified,True,/u/mjha1/Proof2Silicon/journal_phase/dafny_to_rtl_pipeline/dafny_outputs/deepseek-chat/Dafny_104_firstverified.dfy,/u/mjha1/Proof2Silicon/journal_phase/dafny_to_rtl_pipeline/generated_python_raw/deepseek-chat/Dafny_104_firstverified,/u/mjha1/Proof2Silicon/journal_phase/dafny_to_rtl_pipeline/generated_python_raw/deepseek-chat/Dafny_104_firstverified-py,/u/mjha1/Proof2Silicon/journal_phase/dafny_to_rtl_pipeline/generated_python_raw/deepseek-chat/Dafny_104_firstverified-py/module_.py,/u/mjha1/Proof2Silicon/journal_phase/dafny_to_rtl_pipeline/generated_python/deepseek-chat/Dafny_104_firstverified.py,0,True,0.847,/u/mjha1/Proof2Silicon/journal_phase/dafny_to_rtl_pipeline/logs/dafny_to_python/deepseek-chat/Dafny_104_firstverified.log
deepseek-chat,Dafny_107,False,/u/mjha1/Proof2Silicon/journal_phase/dafny_to_rtl_pipeline/dafny_outputs/deepseek-chat/Dafny_107.dfy,/u/mjha1/Proof2Silicon/journal_phase/dafny_to_rtl_pipeline/generated_python_raw/deepseek-chat/Dafny_107,/u/mjha1/Proof2Silicon/journal_phase/dafny_to_rtl_pipeline/generated_python_raw/deepseek-chat/Dafny_107-py,/u/mjha1/Proof2Silicon/journal_phase/dafny_to_rtl_pipeline/generated_python_raw/deepseek-chat/Dafny_107-py/module_.py,/u/mjha1/Proof2Silicon/journal_phase/dafny_to_rtl_pipeline/generated_python/deepseek-chat/Dafny_107.py,0,True,0.814,/u/mjha1/Proof2Silicon/journal_phase/dafny_to_rtl_pipeline/logs/dafny_to_python/deepseek-chat/Dafny_107.log
deepseek-chat,Dafny_120,False,/u/mjha1/Proof2Silicon/journal_phase/dafny_to_rtl_pipeline/dafny_outputs/deepseek-chat/Dafny_120.dfy,/u/mjha1/Proof2Silicon/journal_phase/dafny_to_rtl_pipeline/generated_python_raw/deepseek-chat/Dafny_120,/u/mjha1/Proof2Silicon/journal_phase/dafny_to_rtl_pipeline/generated_python_raw/deepseek-chat/Dafny_120-py,/u/mjha1/Proof2Silicon/journal_phase/dafny_to_rtl_pipeline/generated_python_raw/deepseek-chat/Dafny_120-py/module_.py,/u/mjha1/Proof2Silicon/journal_phase/dafny_to_rtl_pipeline/generated_python/deepseek-chat/Dafny_120.py,0,True,0.817,/u/mjha1/Proof2Silicon/journal_phase/dafny_to_rtl_pipeline/logs/dafny_to_python/deepseek-chat/Dafny_120.log
deepseek-chat,Dafny_122_firstverified,True,/u/mjha1/Proof2Silicon/journal_phase/dafny_to_rtl_pipeline/dafny_outputs/deepseek-chat/Dafny_122_firstverified.dfy,/u/mjha1/Proof2Silicon/journal_phase/dafny_to_rtl_pipeline/generated_python_raw/deepseek-chat/Dafny_122_firstverified,/u/mjha1/Proof2Silicon/journal_phase/dafny_to_rtl_pipeline/generated_python_raw/deepseek-chat/Dafny_122_firstverified-py,/u/mjha1/Proof2Silicon/journal_phase/dafny_to_rtl_pipeline/generated_python_raw/deepseek-chat/Dafny_122_firstverified-py/module_.py,/u/mjha1/Proof2Silicon/journal_phase/dafny_to_rtl_pipeline/generated_python/deepseek-chat/Dafny_122_firstverified.py,0,True,0.838,/u/mjha1/Proof2Silicon/journal_phase/dafny_to_rtl_pipeline/logs/dafny_to_python/deepseek-chat/Dafny_122_firstverified.log
deepseek-chat,Dafny_130_firstverified,True,/u/mjha1/Proof2Silicon/journal_phase/dafny_to_rtl_pipeline/dafny_outputs/deepseek-chat/Dafny_130_firstverified.dfy,/u/mjha1/Proof2Silicon/journal_phase/dafny_to_rtl_pipeline/generated_python_raw/deepseek-chat/Dafny_130_firstverified,/u/mjha1/Proof2Silicon/journal_phase/dafny_to_rtl_pipeline/generated_python_raw/deepseek-chat/Dafny_130_firstverified-py,/u/mjha1/Proof2Silicon/journal_phase/dafny_to_rtl_pipeline/generated_python_raw/deepseek-chat/Dafny_130_firstverified-py/module_.py,/u/mjha1/Proof2Silicon/journal_phase/dafny_to_rtl_pipeline/generated_python/deepseek-chat/Dafny_130_firstverified.py,0,True,0.815,/u/mjha1/Proof2Silicon/journal_phase/dafny_to_rtl_pipeline/logs/dafny_to_python/deepseek-chat/Dafny_130_firstverified.log
deepseek-chat,Dafny_143_firstverified,True,/u/mjha1/Proof2Silicon/journal_phase/dafny_to_rtl_pipeline/dafny_outputs/deepseek-chat/Dafny_143_firstverified.dfy,/u/mjha1/Proof2Silicon/journal_phase/dafny_to_rtl_pipeline/generated_python_raw/deepseek-chat/Dafny_143_firstverified,/u/mjha1/Proof2Silicon/journal_phase/dafny_to_rtl_pipeline/generated_python_raw/deepseek-chat/Dafny_143_firstverified-py,/u/mjha1/Proof2Silicon/journal_phase/dafny_to_rtl_pipeline/generated_python_raw/deepseek-chat/Dafny_143_firstverified-py/module_.py,/u/mjha1/Proof2Silicon/journal_phase/dafny_to_rtl_pipeline/generated_python/deepseek-chat/Dafny_143_firstverified.py,0,True,0.768,/u/mjha1/Proof2Silicon/journal_phase/dafny_to_rtl_pipeline/logs/dafny_to_python/deepseek-chat/Dafny_143_firstverified.log
deepseek-chat,Dafny_156_firstverified,True,/u/mjha1/Proof2Silicon/journal_phase/dafny_to_rtl_pipeline/dafny_outputs/deepseek-chat/Dafny_156_firstverified.dfy,/u/mjha1/Proof2Silicon/journal_phase/dafny_to_rtl_pipeline/generated_python_raw/deepseek-chat/Dafny_156_firstverified,/u/mjha1/Proof2Silicon/journal_phase/dafny_to_rtl_pipeline/generated_python_raw/deepseek-chat/Dafny_156_firstverified-py,/u/mjha1/Proof2Silicon/journal_phase/dafny_to_rtl_pipeline/generated_python_raw/deepseek-chat/Dafny_156_firstverified-py/module_.py,/u/mjha1/Proof2Silicon/journal_phase/dafny_to_rtl_pipeline/generated_python/deepseek-chat/Dafny_156_firstverified.py,0,True,0.785,/u/mjha1/Proof2Silicon/journal_phase/dafny_to_rtl_pipeline/logs/dafny_to_python/deepseek-chat/Dafny_156_firstverified.log
deepseek-chat,Dafny_162_firstverified,True,/u/mjha1/Proof2Silicon/journal_phase/dafny_to_rtl_pipeline/dafny_outputs/deepseek-chat/Dafny_162_firstverified.dfy,/u/mjha1/Proof2Silicon/journal_phase/dafny_to_rtl_pipeline/generated_python_raw/deepseek-chat/Dafny_162_firstverified,/u/mjha1/Proof2Silicon/journal_phase/dafny_to_rtl_pipeline/generated_python_raw/deepseek-chat/Dafny_162_firstverified-py,/u/mjha1/Proof2Silicon/journal_phase/dafny_to_rtl_pipeline/generated_python_raw/deepseek-chat/Dafny_162_firstverified-py/module_.py,/u/mjha1/Proof2Silicon/journal_phase/dafny_to_rtl_pipeline/generated_python/deepseek-chat/Dafny_162_firstverified.py,0,True,0.801,/u/mjha1/Proof2Silicon/journal_phase/dafny_to_rtl_pipeline/logs/dafny_to_python/deepseek-chat/Dafny_162_firstverified.log
deepseek-chat,Dafny_174_firstverified,True,/u/mjha1/Proof2Silicon/journal_phase/dafny_to_rtl_pipeline/dafny_outputs/deepseek-chat/Dafny_174_firstverified.dfy,/u/mjha1/Proof2Silicon/journal_phase/dafny_to_rtl_pipeline/generated_python_raw/deepseek-chat/Dafny_174_firstverified,/u/mjha1/Proof2Silicon/journal_phase/dafny_to_rtl_pipeline/generated_python_raw/deepseek-chat/Dafny_174_firstverified-py,/u/mjha1/Proof2Silicon/journal_phase/dafny_to_rtl_pipeline/generated_python_raw/deepseek-chat/Dafny_174_firstverified-py/module_.py,/u/mjha1/Proof2Silicon/journal_phase/dafny_to_rtl_pipeline/generated_python/deepseek-chat/Dafny_174_firstverified.py,0,True,0.832,/u/mjha1/Proof2Silicon/journal_phase/dafny_to_rtl_pipeline/logs/dafny_to_python/deepseek-chat/Dafny_174_firstverified.log
deepseek-chat,Dafny_176_firstverified,True,/u/mjha1/Proof2Silicon/journal_phase/dafny_to_rtl_pipeline/dafny_outputs/deepseek-chat/Dafny_176_firstverified.dfy,/u/mjha1/Proof2Silicon/journal_phase/dafny_to_rtl_pipeline/generated_python_raw/deepseek-chat/Dafny_176_firstverified,/u/mjha1/Proof2Silicon/journal_phase/dafny_to_rtl_pipeline/generated_python_raw/deepseek-chat/Dafny_176_firstverified-py,/u/mjha1/Proof2Silicon/journal_phase/dafny_to_rtl_pipeline/generated_python_raw/deepseek-chat/Dafny_176_firstverified-py/module_.py,/u/mjha1/Proof2Silicon/journal_phase/dafny_to_rtl_pipeline/generated_python/deepseek-chat/Dafny_176_firstverified.py,0,True,0.755,/u/mjha1/Proof2Silicon/journal_phase/dafny_to_rtl_pipeline/logs/dafny_to_python/deepseek-chat/Dafny_176_firstverified.log
deepseek-chat,Dafny_193_firstverified,True,/u/mjha1/Proof2Silicon/journal_phase/dafny_to_rtl_pipeline/dafny_outputs/deepseek-chat/Dafny_193_firstverified.dfy,/u/mjha1/Proof2Silicon/journal_phase/dafny_to_rtl_pipeline/generated_python_raw/deepseek-chat/Dafny_193_firstverified,/u/mjha1/Proof2Silicon/journal_phase/dafny_to_rtl_pipeline/generated_python_raw/deepseek-chat/Dafny_193_firstverified-py,/u/mjha1/Proof2Silicon/journal_phase/dafny_to_rtl_pipeline/generated_python_raw/deepseek-chat/Dafny_193_firstverified-py/module_.py,/u/mjha1/Proof2Silicon/journal_phase/dafny_to_rtl_pipeline/generated_python/deepseek-chat/Dafny_193_firstverified.py,0,True,0.791,/u/mjha1/Proof2Silicon/journal_phase/dafny_to_rtl_pipeline/logs/dafny_to_python/deepseek-chat/Dafny_193_firstverified.log
deepseek-chat,Dafny_194_firstverified,True,/u/mjha1/Proof2Silicon/journal_phase/dafny_to_rtl_pipeline/dafny_outputs/deepseek-chat/Dafny_194_firstverified.dfy,/u/mjha1/Proof2Silicon/journal_phase/dafny_to_rtl_pipeline/generated_python_raw/deepseek-chat/Dafny_194_firstverified,/u/mjha1/Proof2Silicon/journal_phase/dafny_to_rtl_pipeline/generated_python_raw/deepseek-chat/Dafny_194_firstverified-py,/u/mjha1/Proof2Silicon/journal_phase/dafny_to_rtl_pipeline/generated_python_raw/deepseek-chat/Dafny_194_firstverified-py/module_.py,/u/mjha1/Proof2Silicon/journal_phase/dafny_to_rtl_pipeline/generated_python/deepseek-chat/Dafny_194_firstverified.py,0,True,0.821,/u/mjha1/Proof2Silicon/journal_phase/dafny_to_rtl_pipeline/logs/dafny_to_python/deepseek-chat/Dafny_194_firstverified.log
deepseek-chat,Dafny_207_firstverified,True,/u/mjha1/Proof2Silicon/journal_phase/dafny_to_rtl_pipeline/dafny_outputs/deepseek-chat/Dafny_207_firstverified.dfy,/u/mjha1/Proof2Silicon/journal_phase/dafny_to_rtl_pipeline/generated_python_raw/deepseek-chat/Dafny_207_firstverified,/u/mjha1/Proof2Silicon/journal_phase/dafny_to_rtl_pipeline/generated_python_raw/deepseek-chat/Dafny_207_firstverified-py,/u/mjha1/Proof2Silicon/journal_phase/dafny_to_rtl_pipeline/generated_python_raw/deepseek-chat/Dafny_207_firstverified-py/module_.py,/u/mjha1/Proof2Silicon/journal_phase/dafny_to_rtl_pipeline/generated_python/deepseek-chat/Dafny_207_firstverified.py,0,True,0.773,/u/mjha1/Proof2Silicon/journal_phase/dafny_to_rtl_pipeline/logs/dafny_to_python/deepseek-chat/Dafny_207_firstverified.log
deepseek-chat,Dafny_229_firstverified,True,/u/mjha1/Proof2Silicon/journal_phase/dafny_to_rtl_pipeline/dafny_outputs/deepseek-chat/Dafny_229_firstverified.dfy,/u/mjha1/Proof2Silicon/journal_phase/dafny_to_rtl_pipeline/generated_python_raw/deepseek-chat/Dafny_229_firstverified,/u/mjha1/Proof2Silicon/journal_phase/dafny_to_rtl_pipeline/generated_python_raw/deepseek-chat/Dafny_229_firstverified-py,/u/mjha1/Proof2Silicon/journal_phase/dafny_to_rtl_pipeline/generated_python_raw/deepseek-chat/Dafny_229_firstverified-py/module_.py,/u/mjha1/Proof2Silicon/journal_phase/dafny_to_rtl_pipeline/generated_python/deepseek-chat/Dafny_229_firstverified.py,0,True,0.73,/u/mjha1/Proof2Silicon/journal_phase/dafny_to_rtl_pipeline/logs/dafny_to_python/deepseek-chat/Dafny_229_firstverified.log
deepseek-chat,Dafny_232_firstverified,True,/u/mjha1/Proof2Silicon/journal_phase/dafny_to_rtl_pipeline/dafny_outputs/deepseek-chat/Dafny_232_firstverified.dfy,/u/mjha1/Proof2Silicon/journal_phase/dafny_to_rtl_pipeline/generated_python_raw/deepseek-chat/Dafny_232_firstverified,/u/mjha1/Proof2Silicon/journal_phase/dafny_to_rtl_pipeline/generated_python_raw/deepseek-chat/Dafny_232_firstverified-py,/u/mjha1/Proof2Silicon/journal_phase/dafny_to_rtl_pipeline/generated_python_raw/deepseek-chat/Dafny_232_firstverified-py/module_.py,/u/mjha1/Proof2Silicon/journal_phase/dafny_to_rtl_pipeline/generated_python/deepseek-chat/Dafny_232_firstverified.py,0,True,0.832,/u/mjha1/Proof2Silicon/journal_phase/dafny_to_rtl_pipeline/logs/dafny_to_python/deepseek-chat/Dafny_232_firstverified.log
deepseek-chat,Dafny_233_firstverified,True,/u/mjha1/Proof2Silicon/journal_phase/dafny_to_rtl_pipeline/dafny_outputs/deepseek-chat/Dafny_233_firstverified.dfy,/u/mjha1/Proof2Silicon/journal_phase/dafny_to_rtl_pipeline/generated_python_raw/deepseek-chat/Dafny_233_firstverified,/u/mjha1/Proof2Silicon/journal_phase/dafny_to_rtl_pipeline/generated_python_raw/deepseek-chat/Dafny_233_firstverified-py,/u/mjha1/Proof2Silicon/journal_phase/dafny_to_rtl_pipeline/generated_python_raw/deepseek-chat/Dafny_233_firstverified-py/module_.py,/u/mjha1/Proof2Silicon/journal_phase/dafny_to_rtl_pipeline/generated_python/deepseek-chat/Dafny_233_firstverified.py,0,True,0.753,/u/mjha1/Proof2Silicon/journal_phase/dafny_to_rtl_pipeline/logs/dafny_to_python/deepseek-chat/Dafny_233_firstverified.log
deepseek-chat,Dafny_254_firstverified,True,/u/mjha1/Proof2Silicon/journal_phase/dafny_to_rtl_pipeline/dafny_outputs/deepseek-chat/Dafny_254_firstverified.dfy,/u/mjha1/Proof2Silicon/journal_phase/dafny_to_rtl_pipeline/generated_python_raw/deepseek-chat/Dafny_254_firstverified,/u/mjha1/Proof2Silicon/journal_phase/dafny_to_rtl_pipeline/generated_python_raw/deepseek-chat/Dafny_254_firstverified-py,/u/mjha1/Proof2Silicon/journal_phase/dafny_to_rtl_pipeline/generated_python_raw/deepseek-chat/Dafny_254_firstverified-py/module_.py,/u/mjha1/Proof2Silicon/journal_phase/dafny_to_rtl_pipeline/generated_python/deepseek-chat/Dafny_254_firstverified.py,0,True,0.739,/u/mjha1/Proof2Silicon/journal_phase/dafny_to_rtl_pipeline/logs/dafny_to_python/deepseek-chat/Dafny_254_firstverified.log
deepseek-chat,Dafny_263_firstverified,True,/u/mjha1/Proof2Silicon/journal_phase/dafny_to_rtl_pipeline/dafny_outputs/deepseek-chat/Dafny_263_firstverified.dfy,/u/mjha1/Proof2Silicon/journal_phase/dafny_to_rtl_pipeline/generated_python_raw/deepseek-chat/Dafny_263_firstverified,/u/mjha1/Proof2Silicon/journal_phase/dafny_to_rtl_pipeline/generated_python_raw/deepseek-chat/Dafny_263_firstverified-py,/u/mjha1/Proof2Silicon/journal_phase/dafny_to_rtl_pipeline/generated_python_raw/deepseek-chat/Dafny_263_firstverified-py/module_.py,/u/mjha1/Proof2Silicon/journal_phase/dafny_to_rtl_pipeline/generated_python/deepseek-chat/Dafny_263_firstverified.py,0,True,0.792,/u/mjha1/Proof2Silicon/journal_phase/dafny_to_rtl_pipeline/logs/dafny_to_python/deepseek-chat/Dafny_263_firstverified.log
deepseek-chat,Dafny_264_firstverified,True,/u/mjha1/Proof2Silicon/journal_phase/dafny_to_rtl_pipeline/dafny_outputs/deepseek-chat/Dafny_264_firstverified.dfy,/u/mjha1/Proof2Silicon/journal_phase/dafny_to_rtl_pipeline/generated_python_raw/deepseek-chat/Dafny_264_firstverified,/u/mjha1/Proof2Silicon/journal_phase/dafny_to_rtl_pipeline/generated_python_raw/deepseek-chat/Dafny_264_firstverified-py,/u/mjha1/Proof2Silicon/journal_phase/dafny_to_rtl_pipeline/generated_python_raw/deepseek-chat/Dafny_264_firstverified-py/module_.py,/u/mjha1/Proof2Silicon/journal_phase/dafny_to_rtl_pipeline/generated_python/deepseek-chat/Dafny_264_firstverified.py,0,True,0.766,/u/mjha1/Proof2Silicon/journal_phase/dafny_to_rtl_pipeline/logs/dafny_to_python/deepseek-chat/Dafny_264_firstverified.log
deepseek-chat,Dafny_267_firstverified,True,/u/mjha1/Proof2Silicon/journal_phase/dafny_to_rtl_pipeline/dafny_outputs/deepseek-chat/Dafny_267_firstverified.dfy,/u/mjha1/Proof2Silicon/journal_phase/dafny_to_rtl_pipeline/generated_python_raw/deepseek-chat/Dafny_267_firstverified,/u/mjha1/Proof2Silicon/journal_phase/dafny_to_rtl_pipeline/generated_python_raw/deepseek-chat/Dafny_267_firstverified-py,/u/mjha1/Proof2Silicon/journal_phase/dafny_to_rtl_pipeline/generated_python_raw/deepseek-chat/Dafny_267_firstverified-py/module_.py,/u/mjha1/Proof2Silicon/journal_phase/dafny_to_rtl_pipeline/generated_python/deepseek-chat/Dafny_267_firstverified.py,0,True,0.776,/u/mjha1/Proof2Silicon/journal_phase/dafny_to_rtl_pipeline/logs/dafny_to_python/deepseek-chat/Dafny_267_firstverified.log
deepseek-chat,Dafny_279_firstverified,True,/u/mjha1/Proof2Silicon/journal_phase/dafny_to_rtl_pipeline/dafny_outputs/deepseek-chat/Dafny_279_firstverified.dfy,/u/mjha1/Proof2Silicon/journal_phase/dafny_to_rtl_pipeline/generated_python_raw/deepseek-chat/Dafny_279_firstverified,/u/mjha1/Proof2Silicon/journal_phase/dafny_to_rtl_pipeline/generated_python_raw/deepseek-chat/Dafny_279_firstverified-py,/u/mjha1/Proof2Silicon/journal_phase/dafny_to_rtl_pipeline/generated_python_raw/deepseek-chat/Dafny_279_firstverified-py/module_.py,/u/mjha1/Proof2Silicon/journal_phase/dafny_to_rtl_pipeline/generated_python/deepseek-chat/Dafny_279_firstverified.py,0,True,0.714,/u/mjha1/Proof2Silicon/journal_phase/dafny_to_rtl_pipeline/logs/dafny_to_python/deepseek-chat/Dafny_279_firstverified.log
deepseek-chat,Dafny_283_firstverified,True,/u/mjha1/Proof2Silicon/journal_phase/dafny_to_rtl_pipeline/dafny_outputs/deepseek-chat/Dafny_283_firstverified.dfy,/u/mjha1/Proof2Silicon/journal_phase/dafny_to_rtl_pipeline/generated_python_raw/deepseek-chat/Dafny_283_firstverified,/u/mjha1/Proof2Silicon/journal_phase/dafny_to_rtl_pipeline/generated_python_raw/deepseek-chat/Dafny_283_firstverified-py,/u/mjha1/Proof2Silicon/journal_phase/dafny_to_rtl_pipeline/generated_python_raw/deepseek-chat/Dafny_283_firstverified-py/module_.py,/u/mjha1/Proof2Silicon/journal_phase/dafny_to_rtl_pipeline/generated_python/deepseek-chat/Dafny_283_firstverified.py,0,True,0.812,/u/mjha1/Proof2Silicon/journal_phase/dafny_to_rtl_pipeline/logs/dafny_to_python/deepseek-chat/Dafny_283_firstverified.log
deepseek-chat,Dafny_289_firstverified,True,/u/mjha1/Proof2Silicon/journal_phase/dafny_to_rtl_pipeline/dafny_outputs/deepseek-chat/Dafny_289_firstverified.dfy,/u/mjha1/Proof2Silicon/journal_phase/dafny_to_rtl_pipeline/generated_python_raw/deepseek-chat/Dafny_289_firstverified,/u/mjha1/Proof2Silicon/journal_phase/dafny_to_rtl_pipeline/generated_python_raw/deepseek-chat/Dafny_289_firstverified-py,/u/mjha1/Proof2Silicon/journal_phase/dafny_to_rtl_pipeline/generated_python_raw/deepseek-chat/Dafny_289_firstverified-py/module_.py,/u/mjha1/Proof2Silicon/journal_phase/dafny_to_rtl_pipeline/generated_python/deepseek-chat/Dafny_289_firstverified.py,0,True,0.777,/u/mjha1/Proof2Silicon/journal_phase/dafny_to_rtl_pipeline/logs/dafny_to_python/deepseek-chat/Dafny_289_firstverified.log
deepseek-chat,Dafny_290_firstverified,True,/u/mjha1/Proof2Silicon/journal_phase/dafny_to_rtl_pipeline/dafny_outputs/deepseek-chat/Dafny_290_firstverified.dfy,/u/mjha1/Proof2Silicon/journal_phase/dafny_to_rtl_pipeline/generated_python_raw/deepseek-chat/Dafny_290_firstverified,/u/mjha1/Proof2Silicon/journal_phase/dafny_to_rtl_pipeline/generated_python_raw/deepseek-chat/Dafny_290_firstverified-py,/u/mjha1/Proof2Silicon/journal_phase/dafny_to_rtl_pipeline/generated_python_raw/deepseek-chat/Dafny_290_firstverified-py/module_.py,/u/mjha1/Proof2Silicon/journal_phase/dafny_to_rtl_pipeline/generated_python/deepseek-chat/Dafny_290_firstverified.py,0,True,0.808,/u/mjha1/Proof2Silicon/journal_phase/dafny_to_rtl_pipeline/logs/dafny_to_python/deepseek-chat/Dafny_290_firstverified.log
deepseek-chat,Dafny_293_firstverified,True,/u/mjha1/Proof2Silicon/journal_phase/dafny_to_rtl_pipeline/dafny_outputs/deepseek-chat/Dafny_293_firstverified.dfy,/u/mjha1/Proof2Silicon/journal_phase/dafny_to_rtl_pipeline/generated_python_raw/deepseek-chat/Dafny_293_firstverified,/u/mjha1/Proof2Silicon/journal_phase/dafny_to_rtl_pipeline/generated_python_raw/deepseek-chat/Dafny_293_firstverified-py,/u/mjha1/Proof2Silicon/journal_phase/dafny_to_rtl_pipeline/generated_python_raw/deepseek-chat/Dafny_293_firstverified-py/module_.py,/u/mjha1/Proof2Silicon/journal_phase/dafny_to_rtl_pipeline/generated_python/deepseek-chat/Dafny_293_firstverified.py,0,True,0.739,/u/mjha1/Proof2Silicon/journal_phase/dafny_to_rtl_pipeline/logs/dafny_to_python/deepseek-chat/Dafny_293_firstverified.log
deepseek-chat,Dafny_299,False,/u/mjha1/Proof2Silicon/journal_phase/dafny_to_rtl_pipeline/dafny_outputs/deepseek-chat/Dafny_299.dfy,/u/mjha1/Proof2Silicon/journal_phase/dafny_to_rtl_pipeline/generated_python_raw/deepseek-chat/Dafny_299,/u/mjha1/Proof2Silicon/journal_phase/dafny_to_rtl_pipeline/generated_python_raw/deepseek-chat/Dafny_299-py,/u/mjha1/Proof2Silicon/journal_phase/dafny_to_rtl_pipeline/generated_python_raw/deepseek-chat/Dafny_299-py/module_.py,/u/mjha1/Proof2Silicon/journal_phase/dafny_to_rtl_pipeline/generated_python/deepseek-chat/Dafny_299.py,0,True,0.835,/u/mjha1/Proof2Silicon/journal_phase/dafny_to_rtl_pipeline/logs/dafny_to_python/deepseek-chat/Dafny_299.log
deepseek-chat,Dafny_303_firstverified,True,/u/mjha1/Proof2Silicon/journal_phase/dafny_to_rtl_pipeline/dafny_outputs/deepseek-chat/Dafny_303_firstverified.dfy,/u/mjha1/Proof2Silicon/journal_phase/dafny_to_rtl_pipeline/generated_python_raw/deepseek-chat/Dafny_303_firstverified,/u/mjha1/Proof2Silicon/journal_phase/dafny_to_rtl_pipeline/generated_python_raw/deepseek-chat/Dafny_303_firstverified-py,/u/mjha1/Proof2Silicon/journal_phase/dafny_to_rtl_pipeline/generated_python_raw/deepseek-chat/Dafny_303_firstverified-py/module_.py,/u/mjha1/Proof2Silicon/journal_phase/dafny_to_rtl_pipeline/generated_python/deepseek-chat/Dafny_303_firstverified.py,0,True,0.804,/u/mjha1/Proof2Silicon/journal_phase/dafny_to_rtl_pipeline/logs/dafny_to_python/deepseek-chat/Dafny_303_firstverified.log
deepseek-chat,Dafny_311_firstverified,True,/u/mjha1/Proof2Silicon/journal_phase/dafny_to_rtl_pipeline/dafny_outputs/deepseek-chat/Dafny_311_firstverified.dfy,/u/mjha1/Proof2Silicon/journal_phase/dafny_to_rtl_pipeline/generated_python_raw/deepseek-chat/Dafny_311_firstverified,/u/mjha1/Proof2Silicon/journal_phase/dafny_to_rtl_pipeline/generated_python_raw/deepseek-chat/Dafny_311_firstverified-py,/u/mjha1/Proof2Silicon/journal_phase/dafny_to_rtl_pipeline/generated_python_raw/deepseek-chat/Dafny_311_firstverified-py/module_.py,/u/mjha1/Proof2Silicon/journal_phase/dafny_to_rtl_pipeline/generated_python/deepseek-chat/Dafny_311_firstverified.py,0,True,0.787,/u/mjha1/Proof2Silicon/journal_phase/dafny_to_rtl_pipeline/logs/dafny_to_python/deepseek-chat/Dafny_311_firstverified.log
deepseek-chat,Dafny_322_firstverified,True,/u/mjha1/Proof2Silicon/journal_phase/dafny_to_rtl_pipeline/dafny_outputs/deepseek-chat/Dafny_322_firstverified.dfy,/u/mjha1/Proof2Silicon/journal_phase/dafny_to_rtl_pipeline/generated_python_raw/deepseek-chat/Dafny_322_firstverified,/u/mjha1/Proof2Silicon/journal_phase/dafny_to_rtl_pipeline/generated_python_raw/deepseek-chat/Dafny_322_firstverified-py,/u/mjha1/Proof2Silicon/journal_phase/dafny_to_rtl_pipeline/generated_python_raw/deepseek-chat/Dafny_322_firstverified-py/module_.py,/u/mjha1/Proof2Silicon/journal_phase/dafny_to_rtl_pipeline/generated_python/deepseek-chat/Dafny_322_firstverified.py,0,True,0.859,/u/mjha1/Proof2Silicon/journal_phase/dafny_to_rtl_pipeline/logs/dafny_to_python/deepseek-chat/Dafny_322_firstverified.log
deepseek-chat,Dafny_323,False,/u/mjha1/Proof2Silicon/journal_phase/dafny_to_rtl_pipeline/dafny_outputs/deepseek-chat/Dafny_323.dfy,/u/mjha1/Proof2Silicon/journal_phase/dafny_to_rtl_pipeline/generated_python_raw/deepseek-chat/Dafny_323,/u/mjha1/Proof2Silicon/journal_phase/dafny_to_rtl_pipeline/generated_python_raw/deepseek-chat/Dafny_323-py,/u/mjha1/Proof2Silicon/journal_phase/dafny_to_rtl_pipeline/generated_python_raw/deepseek-chat/Dafny_323-py/module_.py,/u/mjha1/Proof2Silicon/journal_phase/dafny_to_rtl_pipeline/generated_python/deepseek-chat/Dafny_323.py,0,True,0.817,/u/mjha1/Proof2Silicon/journal_phase/dafny_to_rtl_pipeline/logs/dafny_to_python/deepseek-chat/Dafny_323.log
deepseek-chat,Dafny_326_firstverified,True,/u/mjha1/Proof2Silicon/journal_phase/dafny_to_rtl_pipeline/dafny_outputs/deepseek-chat/Dafny_326_firstverified.dfy,/u/mjha1/Proof2Silicon/journal_phase/dafny_to_rtl_pipeline/generated_python_raw/deepseek-chat/Dafny_326_firstverified,/u/mjha1/Proof2Silicon/journal_phase/dafny_to_rtl_pipeline/generated_python_raw/deepseek-chat/Dafny_326_firstverified-py,/u/mjha1/Proof2Silicon/journal_phase/dafny_to_rtl_pipeline/generated_python_raw/deepseek-chat/Dafny_326_firstverified-py/module_.py,/u/mjha1/Proof2Silicon/journal_phase/dafny_to_rtl_pipeline/generated_python/deepseek-chat/Dafny_326_firstverified.py,0,True,0.766,/u/mjha1/Proof2Silicon/journal_phase/dafny_to_rtl_pipeline/logs/dafny_to_python/deepseek-chat/Dafny_326_firstverified.log
deepseek-chat,Dafny_333_firstverified,True,/u/mjha1/Proof2Silicon/journal_phase/dafny_to_rtl_pipeline/dafny_outputs/deepseek-chat/Dafny_333_firstverified.dfy,/u/mjha1/Proof2Silicon/journal_phase/dafny_to_rtl_pipeline/generated_python_raw/deepseek-chat/Dafny_333_firstverified,/u/mjha1/Proof2Silicon/journal_phase/dafny_to_rtl_pipeline/generated_python_raw/deepseek-chat/Dafny_333_firstverified-py,/u/mjha1/Proof2Silicon/journal_phase/dafny_to_rtl_pipeline/generated_python_raw/deepseek-chat/Dafny_333_firstverified-py/module_.py,/u/mjha1/Proof2Silicon/journal_phase/dafny_to_rtl_pipeline/generated_python/deepseek-chat/Dafny_333_firstverified.py,0,True,0.773,/u/mjha1/Proof2Silicon/journal_phase/dafny_to_rtl_pipeline/logs/dafny_to_python/deepseek-chat/Dafny_333_firstverified.log
deepseek-chat,Dafny_355_firstverified,True,/u/mjha1/Proof2Silicon/journal_phase/dafny_to_rtl_pipeline/dafny_outputs/deepseek-chat/Dafny_355_firstverified.dfy,/u/mjha1/Proof2Silicon/journal_phase/dafny_to_rtl_pipeline/generated_python_raw/deepseek-chat/Dafny_355_firstverified,/u/mjha1/Proof2Silicon/journal_phase/dafny_to_rtl_pipeline/generated_python_raw/deepseek-chat/Dafny_355_firstverified-py,/u/mjha1/Proof2Silicon/journal_phase/dafny_to_rtl_pipeline/generated_python_raw/deepseek-chat/Dafny_355_firstverified-py/module_.py,/u/mjha1/Proof2Silicon/journal_phase/dafny_to_rtl_pipeline/generated_python/deepseek-chat/Dafny_355_firstverified.py,0,True,0.741,/u/mjha1/Proof2Silicon/journal_phase/dafny_to_rtl_pipeline/logs/dafny_to_python/deepseek-chat/Dafny_355_firstverified.log
deepseek-chat,Dafny_357_firstverified,True,/u/mjha1/Proof2Silicon/journal_phase/dafny_to_rtl_pipeline/dafny_outputs/deepseek-chat/Dafny_357_firstverified.dfy,/u/mjha1/Proof2Silicon/journal_phase/dafny_to_rtl_pipeline/generated_python_raw/deepseek-chat/Dafny_357_firstverified,/u/mjha1/Proof2Silicon/journal_phase/dafny_to_rtl_pipeline/generated_python_raw/deepseek-chat/Dafny_357_firstverified-py,/u/mjha1/Proof2Silicon/journal_phase/dafny_to_rtl_pipeline/generated_python_raw/deepseek-chat/Dafny_357_firstverified-py/module_.py,/u/mjha1/Proof2Silicon/journal_phase/dafny_to_rtl_pipeline/generated_python/deepseek-chat/Dafny_357_firstverified.py,0,True,0.731,/u/mjha1/Proof2Silicon/journal_phase/dafny_to_rtl_pipeline/logs/dafny_to_python/deepseek-chat/Dafny_357_firstverified.log
deepseek-chat,Dafny_365_firstverified,True,/u/mjha1/Proof2Silicon/journal_phase/dafny_to_rtl_pipeline/dafny_outputs/deepseek-chat/Dafny_365_firstverified.dfy,/u/mjha1/Proof2Silicon/journal_phase/dafny_to_rtl_pipeline/generated_python_raw/deepseek-chat/Dafny_365_firstverified,/u/mjha1/Proof2Silicon/journal_phase/dafny_to_rtl_pipeline/generated_python_raw/deepseek-chat/Dafny_365_firstverified-py,/u/mjha1/Proof2Silicon/journal_phase/dafny_to_rtl_pipeline/generated_python_raw/deepseek-chat/Dafny_365_firstverified-py/module_.py,/u/mjha1/Proof2Silicon/journal_phase/dafny_to_rtl_pipeline/generated_python/deepseek-chat/Dafny_365_firstverified.py,0,True,0.782,/u/mjha1/Proof2Silicon/journal_phase/dafny_to_rtl_pipeline/logs/dafny_to_python/deepseek-chat/Dafny_365_firstverified.log
deepseek-chat,Dafny_369_firstverified,True,/u/mjha1/Proof2Silicon/journal_phase/dafny_to_rtl_pipeline/dafny_outputs/deepseek-chat/Dafny_369_firstverified.dfy,/u/mjha1/Proof2Silicon/journal_phase/dafny_to_rtl_pipeline/generated_python_raw/deepseek-chat/Dafny_369_firstverified,/u/mjha1/Proof2Silicon/journal_phase/dafny_to_rtl_pipeline/generated_python_raw/deepseek-chat/Dafny_369_firstverified-py,/u/mjha1/Proof2Silicon/journal_phase/dafny_to_rtl_pipeline/generated_python_raw/deepseek-chat/Dafny_369_firstverified-py/module_.py,/u/mjha1/Proof2Silicon/journal_phase/dafny_to_rtl_pipeline/generated_python/deepseek-chat/Dafny_369_firstverified.py,0,True,0.756,/u/mjha1/Proof2Silicon/journal_phase/dafny_to_rtl_pipeline/logs/dafny_to_python/deepseek-chat/Dafny_369_firstverified.log
deepseek-chat,Dafny_372_firstverified,True,/u/mjha1/Proof2Silicon/journal_phase/dafny_to_rtl_pipeline/dafny_outputs/deepseek-chat/Dafny_372_firstverified.dfy,/u/mjha1/Proof2Silicon/journal_phase/dafny_to_rtl_pipeline/generated_python_raw/deepseek-chat/Dafny_372_firstverified,/u/mjha1/Proof2Silicon/journal_phase/dafny_to_rtl_pipeline/generated_python_raw/deepseek-chat/Dafny_372_firstverified-py,/u/mjha1/Proof2Silicon/journal_phase/dafny_to_rtl_pipeline/generated_python_raw/deepseek-chat/Dafny_372_firstverified-py/module_.py,/u/mjha1/Proof2Silicon/journal_phase/dafny_to_rtl_pipeline/generated_python/deepseek-chat/Dafny_372_firstverified.py,0,True,0.756,/u/mjha1/Proof2Silicon/journal_phase/dafny_to_rtl_pipeline/logs/dafny_to_python/deepseek-chat/Dafny_372_firstverified.log
deepseek-chat,Dafny_387_firstverified,True,/u/mjha1/Proof2Silicon/journal_phase/dafny_to_rtl_pipeline/dafny_outputs/deepseek-chat/Dafny_387_firstverified.dfy,/u/mjha1/Proof2Silicon/journal_phase/dafny_to_rtl_pipeline/generated_python_raw/deepseek-chat/Dafny_387_firstverified,/u/mjha1/Proof2Silicon/journal_phase/dafny_to_rtl_pipeline/generated_python_raw/deepseek-chat/Dafny_387_firstverified-py,/u/mjha1/Proof2Silicon/journal_phase/dafny_to_rtl_pipeline/generated_python_raw/deepseek-chat/Dafny_387_firstverified-py/module_.py,/u/mjha1/Proof2Silicon/journal_phase/dafny_to_rtl_pipeline/generated_python/deepseek-chat/Dafny_387_firstverified.py,0,True,0.779,/u/mjha1/Proof2Silicon/journal_phase/dafny_to_rtl_pipeline/logs/dafny_to_python/deepseek-chat/Dafny_387_firstverified.log
deepseek-chat,Dafny_392_firstverified,True,/u/mjha1/Proof2Silicon/journal_phase/dafny_to_rtl_pipeline/dafny_outputs/deepseek-chat/Dafny_392_firstverified.dfy,/u/mjha1/Proof2Silicon/journal_phase/dafny_to_rtl_pipeline/generated_python_raw/deepseek-chat/Dafny_392_firstverified,/u/mjha1/Proof2Silicon/journal_phase/dafny_to_rtl_pipeline/generated_python_raw/deepseek-chat/Dafny_392_firstverified-py,/u/mjha1/Proof2Silicon/journal_phase/dafny_to_rtl_pipeline/generated_python_raw/deepseek-chat/Dafny_392_firstverified-py/module_.py,/u/mjha1/Proof2Silicon/journal_phase/dafny_to_rtl_pipeline/generated_python/deepseek-chat/Dafny_392_firstverified.py,0,True,0.743,/u/mjha1/Proof2Silicon/journal_phase/dafny_to_rtl_pipeline/logs/dafny_to_python/deepseek-chat/Dafny_392_firstverified.log
deepseek-chat,Dafny_400_firstverified,True,/u/mjha1/Proof2Silicon/journal_phase/dafny_to_rtl_pipeline/dafny_outputs/deepseek-chat/Dafny_400_firstverified.dfy,/u/mjha1/Proof2Silicon/journal_phase/dafny_to_rtl_pipeline/generated_python_raw/deepseek-chat/Dafny_400_firstverified,/u/mjha1/Proof2Silicon/journal_phase/dafny_to_rtl_pipeline/generated_python_raw/deepseek-chat/Dafny_400_firstverified-py,/u/mjha1/Proof2Silicon/journal_phase/dafny_to_rtl_pipeline/generated_python_raw/deepseek-chat/Dafny_400_firstverified-py/module_.py,/u/mjha1/Proof2Silicon/journal_phase/dafny_to_rtl_pipeline/generated_python/deepseek-chat/Dafny_400_firstverified.py,0,True,0.772,/u/mjha1/Proof2Silicon/journal_phase/dafny_to_rtl_pipeline/logs/dafny_to_python/deepseek-chat/Dafny_400_firstverified.log
deepseek-chat,Dafny_413_firstverified,True,/u/mjha1/Proof2Silicon/journal_phase/dafny_to_rtl_pipeline/dafny_outputs/deepseek-chat/Dafny_413_firstverified.dfy,/u/mjha1/Proof2Silicon/journal_phase/dafny_to_rtl_pipeline/generated_python_raw/deepseek-chat/Dafny_413_firstverified,/u/mjha1/Proof2Silicon/journal_phase/dafny_to_rtl_pipeline/generated_python_raw/deepseek-chat/Dafny_413_firstverified-py,/u/mjha1/Proof2Silicon/journal_phase/dafny_to_rtl_pipeline/generated_python_raw/deepseek-chat/Dafny_413_firstverified-py/module_.py,/u/mjha1/Proof2Silicon/journal_phase/dafny_to_rtl_pipeline/generated_python/deepseek-chat/Dafny_413_firstverified.py,0,True,0.879,/u/mjha1/Proof2Silicon/journal_phase/dafny_to_rtl_pipeline/logs/dafny_to_python/deepseek-chat/Dafny_413_firstverified.log
deepseek-chat,Dafny_426_firstverified,True,/u/mjha1/Proof2Silicon/journal_phase/dafny_to_rtl_pipeline/dafny_outputs/deepseek-chat/Dafny_426_firstverified.dfy,/u/mjha1/Proof2Silicon/journal_phase/dafny_to_rtl_pipeline/generated_python_raw/deepseek-chat/Dafny_426_firstverified,/u/mjha1/Proof2Silicon/journal_phase/dafny_to_rtl_pipeline/generated_python_raw/deepseek-chat/Dafny_426_firstverified-py,/u/mjha1/Proof2Silicon/journal_phase/dafny_to_rtl_pipeline/generated_python_raw/deepseek-chat/Dafny_426_firstverified-py/module_.py,/u/mjha1/Proof2Silicon/journal_phase/dafny_to_rtl_pipeline/generated_python/deepseek-chat/Dafny_426_firstverified.py,0,True,0.79,/u/mjha1/Proof2Silicon/journal_phase/dafny_to_rtl_pipeline/logs/dafny_to_python/deepseek-chat/Dafny_426_firstverified.log
deepseek-chat,Dafny_427,False,/u/mjha1/Proof2Silicon/journal_phase/dafny_to_rtl_pipeline/dafny_outputs/deepseek-chat/Dafny_427.dfy,/u/mjha1/Proof2Silicon/journal_phase/dafny_to_rtl_pipeline/generated_python_raw/deepseek-chat/Dafny_427,/u/mjha1/Proof2Silicon/journal_phase/dafny_to_rtl_pipeline/generated_python_raw/deepseek-chat/Dafny_427-py,/u/mjha1/Proof2Silicon/journal_phase/dafny_to_rtl_pipeline/generated_python_raw/deepseek-chat/Dafny_427-py/module_.py,/u/mjha1/Proof2Silicon/journal_phase/dafny_to_rtl_pipeline/generated_python/deepseek-chat/Dafny_427.py,0,True,0.731,/u/mjha1/Proof2Silicon/journal_phase/dafny_to_rtl_pipeline/logs/dafny_to_python/deepseek-chat/Dafny_427.log
deepseek-chat,Dafny_437_firstverified,True,/u/mjha1/Proof2Silicon/journal_phase/dafny_to_rtl_pipeline/dafny_outputs/deepseek-chat/Dafny_437_firstverified.dfy,/u/mjha1/Proof2Silicon/journal_phase/dafny_to_rtl_pipeline/generated_python_raw/deepseek-chat/Dafny_437_firstverified,/u/mjha1/Proof2Silicon/journal_phase/dafny_to_rtl_pipeline/generated_python_raw/deepseek-chat/Dafny_437_firstverified-py,/u/mjha1/Proof2Silicon/journal_phase/dafny_to_rtl_pipeline/generated_python_raw/deepseek-chat/Dafny_437_firstverified-py/module_.py,/u/mjha1/Proof2Silicon/journal_phase/dafny_to_rtl_pipeline/generated_python/deepseek-chat/Dafny_437_firstverified.py,0,True,0.766,/u/mjha1/Proof2Silicon/journal_phase/dafny_to_rtl_pipeline/logs/dafny_to_python/deepseek-chat/Dafny_437_firstverified.log
deepseek-chat,Dafny_452_firstverified,True,/u/mjha1/Proof2Silicon/journal_phase/dafny_to_rtl_pipeline/dafny_outputs/deepseek-chat/Dafny_452_firstverified.dfy,/u/mjha1/Proof2Silicon/journal_phase/dafny_to_rtl_pipeline/generated_python_raw/deepseek-chat/Dafny_452_firstverified,/u/mjha1/Proof2Silicon/journal_phase/dafny_to_rtl_pipeline/generated_python_raw/deepseek-chat/Dafny_452_firstverified-py,/u/mjha1/Proof2Silicon/journal_phase/dafny_to_rtl_pipeline/generated_python_raw/deepseek-chat/Dafny_452_firstverified-py/module_.py,/u/mjha1/Proof2Silicon/journal_phase/dafny_to_rtl_pipeline/generated_python/deepseek-chat/Dafny_452_firstverified.py,0,True,0.766,/u/mjha1/Proof2Silicon/journal_phase/dafny_to_rtl_pipeline/logs/dafny_to_python/deepseek-chat/Dafny_452_firstverified.log
deepseek-chat,Dafny_458_firstverified,True,/u/mjha1/Proof2Silicon/journal_phase/dafny_to_rtl_pipeline/dafny_outputs/deepseek-chat/Dafny_458_firstverified.dfy,/u/mjha1/Proof2Silicon/journal_phase/dafny_to_rtl_pipeline/generated_python_raw/deepseek-chat/Dafny_458_firstverified,/u/mjha1/Proof2Silicon/journal_phase/dafny_to_rtl_pipeline/generated_python_raw/deepseek-chat/Dafny_458_firstverified-py,/u/mjha1/Proof2Silicon/journal_phase/dafny_to_rtl_pipeline/generated_python_raw/deepseek-chat/Dafny_458_firstverified-py/module_.py,/u/mjha1/Proof2Silicon/journal_phase/dafny_to_rtl_pipeline/generated_python/deepseek-chat/Dafny_458_firstverified.py,0,True,0.817,/u/mjha1/Proof2Silicon/journal_phase/dafny_to_rtl_pipeline/logs/dafny_to_python/deepseek-chat/Dafny_458_firstverified.log
deepseek-chat,Dafny_465_firstverified,True,/u/mjha1/Proof2Silicon/journal_phase/dafny_to_rtl_pipeline/dafny_outputs/deepseek-chat/Dafny_465_firstverified.dfy,/u/mjha1/Proof2Silicon/journal_phase/dafny_to_rtl_pipeline/generated_python_raw/deepseek-chat/Dafny_465_firstverified,/u/mjha1/Proof2Silicon/journal_phase/dafny_to_rtl_pipeline/generated_python_raw/deepseek-chat/Dafny_465_firstverified-py,/u/mjha1/Proof2Silicon/journal_phase/dafny_to_rtl_pipeline/generated_python_raw/deepseek-chat/Dafny_465_firstverified-py/module_.py,/u/mjha1/Proof2Silicon/journal_phase/dafny_to_rtl_pipeline/generated_python/deepseek-chat/Dafny_465_firstverified.py,0,True,0.788,/u/mjha1/Proof2Silicon/journal_phase/dafny_to_rtl_pipeline/logs/dafny_to_python/deepseek-chat/Dafny_465_firstverified.log
deepseek-chat,Dafny_475_firstverified,True,/u/mjha1/Proof2Silicon/journal_phase/dafny_to_rtl_pipeline/dafny_outputs/deepseek-chat/Dafny_475_firstverified.dfy,/u/mjha1/Proof2Silicon/journal_phase/dafny_to_rtl_pipeline/generated_python_raw/deepseek-chat/Dafny_475_firstverified,/u/mjha1/Proof2Silicon/journal_phase/dafny_to_rtl_pipeline/generated_python_raw/deepseek-chat/Dafny_475_firstverified-py,/u/mjha1/Proof2Silicon/journal_phase/dafny_to_rtl_pipeline/generated_python_raw/deepseek-chat/Dafny_475_firstverified-py/module_.py,/u/mjha1/Proof2Silicon/journal_phase/dafny_to_rtl_pipeline/generated_python/deepseek-chat/Dafny_475_firstverified.py,0,True,0.857,/u/mjha1/Proof2Silicon/journal_phase/dafny_to_rtl_pipeline/logs/dafny_to_python/deepseek-chat/Dafny_475_firstverified.log
deepseek-chat,Dafny_481_firstverified,True,/u/mjha1/Proof2Silicon/journal_phase/dafny_to_rtl_pipeline/dafny_outputs/deepseek-chat/Dafny_481_firstverified.dfy,/u/mjha1/Proof2Silicon/journal_phase/dafny_to_rtl_pipeline/generated_python_raw/deepseek-chat/Dafny_481_firstverified,/u/mjha1/Proof2Silicon/journal_phase/dafny_to_rtl_pipeline/generated_python_raw/deepseek-chat/Dafny_481_firstverified-py,/u/mjha1/Proof2Silicon/journal_phase/dafny_to_rtl_pipeline/generated_python_raw/deepseek-chat/Dafny_481_firstverified-py/module_.py,/u/mjha1/Proof2Silicon/journal_phase/dafny_to_rtl_pipeline/generated_python/deepseek-chat/Dafny_481_firstverified.py,0,True,0.847,/u/mjha1/Proof2Silicon/journal_phase/dafny_to_rtl_pipeline/logs/dafny_to_python/deepseek-chat/Dafny_481_firstverified.log
deepseek-chat,Dafny_488_firstverified,True,/u/mjha1/Proof2Silicon/journal_phase/dafny_to_rtl_pipeline/dafny_outputs/deepseek-chat/Dafny_488_firstverified.dfy,/u/mjha1/Proof2Silicon/journal_phase/dafny_to_rtl_pipeline/generated_python_raw/deepseek-chat/Dafny_488_firstverified,/u/mjha1/Proof2Silicon/journal_phase/dafny_to_rtl_pipeline/generated_python_raw/deepseek-chat/Dafny_488_firstverified-py,/u/mjha1/Proof2Silicon/journal_phase/dafny_to_rtl_pipeline/generated_python_raw/deepseek-chat/Dafny_488_firstverified-py/module_.py,/u/mjha1/Proof2Silicon/journal_phase/dafny_to_rtl_pipeline/generated_python/deepseek-chat/Dafny_488_firstverified.py,0,True,0.811,/u/mjha1/Proof2Silicon/journal_phase/dafny_to_rtl_pipeline/logs/dafny_to_python/deepseek-chat/Dafny_488_firstverified.log
deepseek-chat,Dafny_502_firstverified,True,/u/mjha1/Proof2Silicon/journal_phase/dafny_to_rtl_pipeline/dafny_outputs/deepseek-chat/Dafny_502_firstverified.dfy,/u/mjha1/Proof2Silicon/journal_phase/dafny_to_rtl_pipeline/generated_python_raw/deepseek-chat/Dafny_502_firstverified,/u/mjha1/Proof2Silicon/journal_phase/dafny_to_rtl_pipeline/generated_python_raw/deepseek-chat/Dafny_502_firstverified-py,/u/mjha1/Proof2Silicon/journal_phase/dafny_to_rtl_pipeline/generated_python_raw/deepseek-chat/Dafny_502_firstverified-py/module_.py,/u/mjha1/Proof2Silicon/journal_phase/dafny_to_rtl_pipeline/generated_python/deepseek-chat/Dafny_502_firstverified.py,0,True,0.777,/u/mjha1/Proof2Silicon/journal_phase/dafny_to_rtl_pipeline/logs/dafny_to_python/deepseek-chat/Dafny_502_firstverified.log
deepseek-chat,Dafny_505_firstverified,True,/u/mjha1/Proof2Silicon/journal_phase/dafny_to_rtl_pipeline/dafny_outputs/deepseek-chat/Dafny_505_firstverified.dfy,/u/mjha1/Proof2Silicon/journal_phase/dafny_to_rtl_pipeline/generated_python_raw/deepseek-chat/Dafny_505_firstverified,/u/mjha1/Proof2Silicon/journal_phase/dafny_to_rtl_pipeline/generated_python_raw/deepseek-chat/Dafny_505_firstverified-py,/u/mjha1/Proof2Silicon/journal_phase/dafny_to_rtl_pipeline/generated_python_raw/deepseek-chat/Dafny_505_firstverified-py/module_.py,/u/mjha1/Proof2Silicon/journal_phase/dafny_to_rtl_pipeline/generated_python/deepseek-chat/Dafny_505_firstverified.py,0,True,0.812,/u/mjha1/Proof2Silicon/journal_phase/dafny_to_rtl_pipeline/logs/dafny_to_python/deepseek-chat/Dafny_505_firstverified.log
deepseek-chat,Dafny_510_firstverified,True,/u/mjha1/Proof2Silicon/journal_phase/dafny_to_rtl_pipeline/dafny_outputs/deepseek-chat/Dafny_510_firstverified.dfy,/u/mjha1/Proof2Silicon/journal_phase/dafny_to_rtl_pipeline/generated_python_raw/deepseek-chat/Dafny_510_firstverified,/u/mjha1/Proof2Silicon/journal_phase/dafny_to_rtl_pipeline/generated_python_raw/deepseek-chat/Dafny_510_firstverified-py,/u/mjha1/Proof2Silicon/journal_phase/dafny_to_rtl_pipeline/generated_python_raw/deepseek-chat/Dafny_510_firstverified-py/module_.py,/u/mjha1/Proof2Silicon/journal_phase/dafny_to_rtl_pipeline/generated_python/deepseek-chat/Dafny_510_firstverified.py,0,True,0.818,/u/mjha1/Proof2Silicon/journal_phase/dafny_to_rtl_pipeline/logs/dafny_to_python/deepseek-chat/Dafny_510_firstverified.log
deepseek-chat,Dafny_512,False,/u/mjha1/Proof2Silicon/journal_phase/dafny_to_rtl_pipeline/dafny_outputs/deepseek-chat/Dafny_512.dfy,/u/mjha1/Proof2Silicon/journal_phase/dafny_to_rtl_pipeline/generated_python_raw/deepseek-chat/Dafny_512,/u/mjha1/Proof2Silicon/journal_phase/dafny_to_rtl_pipeline/generated_python_raw/deepseek-chat/Dafny_512-py,/u/mjha1/Proof2Silicon/journal_phase/dafny_to_rtl_pipeline/generated_python_raw/deepseek-chat/Dafny_512-py/module_.py,/u/mjha1/Proof2Silicon/journal_phase/dafny_to_rtl_pipeline/generated_python/deepseek-chat/Dafny_512.py,0,True,0.687,/u/mjha1/Proof2Silicon/journal_phase/dafny_to_rtl_pipeline/logs/dafny_to_python/deepseek-chat/Dafny_512.log
deepseek-chat,Dafny_518_firstverified,True,/u/mjha1/Proof2Silicon/journal_phase/dafny_to_rtl_pipeline/dafny_outputs/deepseek-chat/Dafny_518_firstverified.dfy,/u/mjha1/Proof2Silicon/journal_phase/dafny_to_rtl_pipeline/generated_python_raw/deepseek-chat/Dafny_518_firstverified,/u/mjha1/Proof2Silicon/journal_phase/dafny_to_rtl_pipeline/generated_python_raw/deepseek-chat/Dafny_518_firstverified-py,/u/mjha1/Proof2Silicon/journal_phase/dafny_to_rtl_pipeline/generated_python_raw/deepseek-chat/Dafny_518_firstverified-py/module_.py,/u/mjha1/Proof2Silicon/journal_phase/dafny_to_rtl_pipeline/generated_python/deepseek-chat/Dafny_518_firstverified.py,0,True,0.816,/u/mjha1/Proof2Silicon/journal_phase/dafny_to_rtl_pipeline/logs/dafny_to_python/deepseek-chat/Dafny_518_firstverified.log
deepseek-chat,Dafny_531_firstverified,True,/u/mjha1/Proof2Silicon/journal_phase/dafny_to_rtl_pipeline/dafny_outputs/deepseek-chat/Dafny_531_firstverified.dfy,/u/mjha1/Proof2Silicon/journal_phase/dafny_to_rtl_pipeline/generated_python_raw/deepseek-chat/Dafny_531_firstverified,/u/mjha1/Proof2Silicon/journal_phase/dafny_to_rtl_pipeline/generated_python_raw/deepseek-chat/Dafny_531_firstverified-py,/u/mjha1/Proof2Silicon/journal_phase/dafny_to_rtl_pipeline/generated_python_raw/deepseek-chat/Dafny_531_firstverified-py/module_.py,/u/mjha1/Proof2Silicon/journal_phase/dafny_to_rtl_pipeline/generated_python/deepseek-chat/Dafny_531_firstverified.py,0,True,0.806,/u/mjha1/Proof2Silicon/journal_phase/dafny_to_rtl_pipeline/logs/dafny_to_python/deepseek-chat/Dafny_531_firstverified.log
deepseek-chat,Dafny_536,False,/u/mjha1/Proof2Silicon/journal_phase/dafny_to_rtl_pipeline/dafny_outputs/deepseek-chat/Dafny_536.dfy,/u/mjha1/Proof2Silicon/journal_phase/dafny_to_rtl_pipeline/generated_python_raw/deepseek-chat/Dafny_536,/u/mjha1/Proof2Silicon/journal_phase/dafny_to_rtl_pipeline/generated_python_raw/deepseek-chat/Dafny_536-py,/u/mjha1/Proof2Silicon/journal_phase/dafny_to_rtl_pipeline/generated_python_raw/deepseek-chat/Dafny_536-py/module_.py,/u/mjha1/Proof2Silicon/journal_phase/dafny_to_rtl_pipeline/generated_python/deepseek-chat/Dafny_536.py,0,True,0.755,/u/mjha1/Proof2Silicon/journal_phase/dafny_to_rtl_pipeline/logs/dafny_to_python/deepseek-chat/Dafny_536.log
deepseek-chat,Dafny_539_firstverified,True,/u/mjha1/Proof2Silicon/journal_phase/dafny_to_rtl_pipeline/dafny_outputs/deepseek-chat/Dafny_539_firstverified.dfy,/u/mjha1/Proof2Silicon/journal_phase/dafny_to_rtl_pipeline/generated_python_raw/deepseek-chat/Dafny_539_firstverified,/u/mjha1/Proof2Silicon/journal_phase/dafny_to_rtl_pipeline/generated_python_raw/deepseek-chat/Dafny_539_firstverified-py,/u/mjha1/Proof2Silicon/journal_phase/dafny_to_rtl_pipeline/generated_python_raw/deepseek-chat/Dafny_539_firstverified-py/module_.py,/u/mjha1/Proof2Silicon/journal_phase/dafny_to_rtl_pipeline/generated_python/deepseek-chat/Dafny_539_firstverified.py,0,True,0.778,/u/mjha1/Proof2Silicon/journal_phase/dafny_to_rtl_pipeline/logs/dafny_to_python/deepseek-chat/Dafny_539_firstverified.log
deepseek-chat,Dafny_542_firstverified,True,/u/mjha1/Proof2Silicon/journal_phase/dafny_to_rtl_pipeline/dafny_outputs/deepseek-chat/Dafny_542_firstverified.dfy,/u/mjha1/Proof2Silicon/journal_phase/dafny_to_rtl_pipeline/generated_python_raw/deepseek-chat/Dafny_542_firstverified,/u/mjha1/Proof2Silicon/journal_phase/dafny_to_rtl_pipeline/generated_python_raw/deepseek-chat/Dafny_542_firstverified-py,/u/mjha1/Proof2Silicon/journal_phase/dafny_to_rtl_pipeline/generated_python_raw/deepseek-chat/Dafny_542_firstverified-py/module_.py,/u/mjha1/Proof2Silicon/journal_phase/dafny_to_rtl_pipeline/generated_python/deepseek-chat/Dafny_542_firstverified.py,0,True,0.788,/u/mjha1/Proof2Silicon/journal_phase/dafny_to_rtl_pipeline/logs/dafny_to_python/deepseek-chat/Dafny_542_firstverified.log
deepseek-chat,Dafny_546_firstverified,True,/u/mjha1/Proof2Silicon/journal_phase/dafny_to_rtl_pipeline/dafny_outputs/deepseek-chat/Dafny_546_firstverified.dfy,/u/mjha1/Proof2Silicon/journal_phase/dafny_to_rtl_pipeline/generated_python_raw/deepseek-chat/Dafny_546_firstverified,/u/mjha1/Proof2Silicon/journal_phase/dafny_to_rtl_pipeline/generated_python_raw/deepseek-chat/Dafny_546_firstverified-py,/u/mjha1/Proof2Silicon/journal_phase/dafny_to_rtl_pipeline/generated_python_raw/deepseek-chat/Dafny_546_firstverified-py/module_.py,/u/mjha1/Proof2Silicon/journal_phase/dafny_to_rtl_pipeline/generated_python/deepseek-chat/Dafny_546_firstverified.py,0,True,0.697,/u/mjha1/Proof2Silicon/journal_phase/dafny_to_rtl_pipeline/logs/dafny_to_python/deepseek-chat/Dafny_546_firstverified.log
deepseek-chat,Dafny_554_firstverified,True,/u/mjha1/Proof2Silicon/journal_phase/dafny_to_rtl_pipeline/dafny_outputs/deepseek-chat/Dafny_554_firstverified.dfy,/u/mjha1/Proof2Silicon/journal_phase/dafny_to_rtl_pipeline/generated_python_raw/deepseek-chat/Dafny_554_firstverified,/u/mjha1/Proof2Silicon/journal_phase/dafny_to_rtl_pipeline/generated_python_raw/deepseek-chat/Dafny_554_firstverified-py,/u/mjha1/Proof2Silicon/journal_phase/dafny_to_rtl_pipeline/generated_python_raw/deepseek-chat/Dafny_554_firstverified-py/module_.py,/u/mjha1/Proof2Silicon/journal_phase/dafny_to_rtl_pipeline/generated_python/deepseek-chat/Dafny_554_firstverified.py,0,True,0.758,/u/mjha1/Proof2Silicon/journal_phase/dafny_to_rtl_pipeline/logs/dafny_to_python/deepseek-chat/Dafny_554_firstverified.log
deepseek-chat,Dafny_556_firstverified,True,/u/mjha1/Proof2Silicon/journal_phase/dafny_to_rtl_pipeline/dafny_outputs/deepseek-chat/Dafny_556_firstverified.dfy,/u/mjha1/Proof2Silicon/journal_phase/dafny_to_rtl_pipeline/generated_python_raw/deepseek-chat/Dafny_556_firstverified,/u/mjha1/Proof2Silicon/journal_phase/dafny_to_rtl_pipeline/generated_python_raw/deepseek-chat/Dafny_556_firstverified-py,/u/mjha1/Proof2Silicon/journal_phase/dafny_to_rtl_pipeline/generated_python_raw/deepseek-chat/Dafny_556_firstverified-py/module_.py,/u/mjha1/Proof2Silicon/journal_phase/dafny_to_rtl_pipeline/generated_python/deepseek-chat/Dafny_556_firstverified.py,0,True,0.854,/u/mjha1/Proof2Silicon/journal_phase/dafny_to_rtl_pipeline/logs/dafny_to_python/deepseek-chat/Dafny_556_firstverified.log
deepseek-chat,Dafny_561_firstverified,True,/u/mjha1/Proof2Silicon/journal_phase/dafny_to_rtl_pipeline/dafny_outputs/deepseek-chat/Dafny_561_firstverified.dfy,/u/mjha1/Proof2Silicon/journal_phase/dafny_to_rtl_pipeline/generated_python_raw/deepseek-chat/Dafny_561_firstverified,/u/mjha1/Proof2Silicon/journal_phase/dafny_to_rtl_pipeline/generated_python_raw/deepseek-chat/Dafny_561_firstverified-py,/u/mjha1/Proof2Silicon/journal_phase/dafny_to_rtl_pipeline/generated_python_raw/deepseek-chat/Dafny_561_firstverified-py/module_.py,/u/mjha1/Proof2Silicon/journal_phase/dafny_to_rtl_pipeline/generated_python/deepseek-chat/Dafny_561_firstverified.py,0,True,0.787,/u/mjha1/Proof2Silicon/journal_phase/dafny_to_rtl_pipeline/logs/dafny_to_python/deepseek-chat/Dafny_561_firstverified.log
deepseek-chat,Dafny_573_firstverified,True,/u/mjha1/Proof2Silicon/journal_phase/dafny_to_rtl_pipeline/dafny_outputs/deepseek-chat/Dafny_573_firstverified.dfy,/u/mjha1/Proof2Silicon/journal_phase/dafny_to_rtl_pipeline/generated_python_raw/deepseek-chat/Dafny_573_firstverified,/u/mjha1/Proof2Silicon/journal_phase/dafny_to_rtl_pipeline/generated_python_raw/deepseek-chat/Dafny_573_firstverified-py,/u/mjha1/Proof2Silicon/journal_phase/dafny_to_rtl_pipeline/generated_python_raw/deepseek-chat/Dafny_573_firstverified-py/module_.py,/u/mjha1/Proof2Silicon/journal_phase/dafny_to_rtl_pipeline/generated_python/deepseek-chat/Dafny_573_firstverified.py,0,True,0.747,/u/mjha1/Proof2Silicon/journal_phase/dafny_to_rtl_pipeline/logs/dafny_to_python/deepseek-chat/Dafny_573_firstverified.log
deepseek-chat,Dafny_62_firstverified,True,/u/mjha1/Proof2Silicon/journal_phase/dafny_to_rtl_pipeline/dafny_outputs/deepseek-chat/Dafny_62_firstverified.dfy,/u/mjha1/Proof2Silicon/journal_phase/dafny_to_rtl_pipeline/generated_python_raw/deepseek-chat/Dafny_62_firstverified,/u/mjha1/Proof2Silicon/journal_phase/dafny_to_rtl_pipeline/generated_python_raw/deepseek-chat/Dafny_62_firstverified-py,/u/mjha1/Proof2Silicon/journal_phase/dafny_to_rtl_pipeline/generated_python_raw/deepseek-chat/Dafny_62_firstverified-py/module_.py,/u/mjha1/Proof2Silicon/journal_phase/dafny_to_rtl_pipeline/generated_python/deepseek-chat/Dafny_62_firstverified.py,0,True,0.781,/u/mjha1/Proof2Silicon/journal_phase/dafny_to_rtl_pipeline/logs/dafny_to_python/deepseek-chat/Dafny_62_firstverified.log
deepseek-chat,Dafny_64_firstverified,True,/u/mjha1/Proof2Silicon/journal_phase/dafny_to_rtl_pipeline/dafny_outputs/deepseek-chat/Dafny_64_firstverified.dfy,/u/mjha1/Proof2Silicon/journal_phase/dafny_to_rtl_pipeline/generated_python_raw/deepseek-chat/Dafny_64_firstverified,/u/mjha1/Proof2Silicon/journal_phase/dafny_to_rtl_pipeline/generated_python_raw/deepseek-chat/Dafny_64_firstverified-py,/u/mjha1/Proof2Silicon/journal_phase/dafny_to_rtl_pipeline/generated_python_raw/deepseek-chat/Dafny_64_firstverified-py/module_.py,/u/mjha1/Proof2Silicon/journal_phase/dafny_to_rtl_pipeline/generated_python/deepseek-chat/Dafny_64_firstverified.py,0,True,0.695,/u/mjha1/Proof2Silicon/journal_phase/dafny_to_rtl_pipeline/logs/dafny_to_python/deepseek-chat/Dafny_64_firstverified.log
deepseek-chat,Dafny_65_firstverified,True,/u/mjha1/Proof2Silicon/journal_phase/dafny_to_rtl_pipeline/dafny_outputs/deepseek-chat/Dafny_65_firstverified.dfy,/u/mjha1/Proof2Silicon/journal_phase/dafny_to_rtl_pipeline/generated_python_raw/deepseek-chat/Dafny_65_firstverified,/u/mjha1/Proof2Silicon/journal_phase/dafny_to_rtl_pipeline/generated_python_raw/deepseek-chat/Dafny_65_firstverified-py,/u/mjha1/Proof2Silicon/journal_phase/dafny_to_rtl_pipeline/generated_python_raw/deepseek-chat/Dafny_65_firstverified-py/module_.py,/u/mjha1/Proof2Silicon/journal_phase/dafny_to_rtl_pipeline/generated_python/deepseek-chat/Dafny_65_firstverified.py,0,True,0.814,/u/mjha1/Proof2Silicon/journal_phase/dafny_to_rtl_pipeline/logs/dafny_to_python/deepseek-chat/Dafny_65_firstverified.log
deepseek-chat,Dafny_67_firstverified,True,/u/mjha1/Proof2Silicon/journal_phase/dafny_to_rtl_pipeline/dafny_outputs/deepseek-chat/Dafny_67_firstverified.dfy,/u/mjha1/Proof2Silicon/journal_phase/dafny_to_rtl_pipeline/generated_python_raw/deepseek-chat/Dafny_67_firstverified,/u/mjha1/Proof2Silicon/journal_phase/dafny_to_rtl_pipeline/generated_python_raw/deepseek-chat/Dafny_67_firstverified-py,/u/mjha1/Proof2Silicon/journal_phase/dafny_to_rtl_pipeline/generated_python_raw/deepseek-chat/Dafny_67_firstverified-py/module_.py,/u/mjha1/Proof2Silicon/journal_phase/dafny_to_rtl_pipeline/generated_python/deepseek-chat/Dafny_67_firstverified.py,0,True,0.803,/u/mjha1/Proof2Silicon/journal_phase/dafny_to_rtl_pipeline/logs/dafny_to_python/deepseek-chat/Dafny_67_firstverified.log
deepseek-chat,Dafny_71_firstverified,True,/u/mjha1/Proof2Silicon/journal_phase/dafny_to_rtl_pipeline/dafny_outputs/deepseek-chat/Dafny_71_firstverified.dfy,/u/mjha1/Proof2Silicon/journal_phase/dafny_to_rtl_pipeline/generated_python_raw/deepseek-chat/Dafny_71_firstverified,/u/mjha1/Proof2Silicon/journal_phase/dafny_to_rtl_pipeline/generated_python_raw/deepseek-chat/Dafny_71_firstverified-py,/u/mjha1/Proof2Silicon/journal_phase/dafny_to_rtl_pipeline/generated_python_raw/deepseek-chat/Dafny_71_firstverified-py/module_.py,/u/mjha1/Proof2Silicon/journal_phase/dafny_to_rtl_pipeline/generated_python/deepseek-chat/Dafny_71_firstverified.py,0,True,0.834,/u/mjha1/Proof2Silicon/journal_phase/dafny_to_rtl_pipeline/logs/dafny_to_python/deepseek-chat/Dafny_71_firstverified.log
deepseek-chat,Dafny_78_firstverified,True,/u/mjha1/Proof2Silicon/journal_phase/dafny_to_rtl_pipeline/dafny_outputs/deepseek-chat/Dafny_78_firstverified.dfy,/u/mjha1/Proof2Silicon/journal_phase/dafny_to_rtl_pipeline/generated_python_raw/deepseek-chat/Dafny_78_firstverified,/u/mjha1/Proof2Silicon/journal_phase/dafny_to_rtl_pipeline/generated_python_raw/deepseek-chat/Dafny_78_firstverified-py,/u/mjha1/Proof2Silicon/journal_phase/dafny_to_rtl_pipeline/generated_python_raw/deepseek-chat/Dafny_78_firstverified-py/module_.py,/u/mjha1/Proof2Silicon/journal_phase/dafny_to_rtl_pipeline/generated_python/deepseek-chat/Dafny_78_firstverified.py,0,True,0.814,/u/mjha1/Proof2Silicon/journal_phase/dafny_to_rtl_pipeline/logs/dafny_to_python/deepseek-chat/Dafny_78_firstverified.log
deepseek-chat,Dafny_96_firstverified,True,/u/mjha1/Proof2Silicon/journal_phase/dafny_to_rtl_pipeline/dafny_outputs/deepseek-chat/Dafny_96_firstverified.dfy,/u/mjha1/Proof2Silicon/journal_phase/dafny_to_rtl_pipeline/generated_python_raw/deepseek-chat/Dafny_96_firstverified,/u/mjha1/Proof2Silicon/journal_phase/dafny_to_rtl_pipeline/generated_python_raw/deepseek-chat/Dafny_96_firstverified-py,/u/mjha1/Proof2Silicon/journal_phase/dafny_to_rtl_pipeline/generated_python_raw/deepseek-chat/Dafny_96_firstverified-py/module_.py,/u/mjha1/Proof2Silicon/journal_phase/dafny_to_rtl_pipeline/generated_python/deepseek-chat/Dafny_96_firstverified.py,0,True,0.75,/u/mjha1/Proof2Silicon/journal_phase/dafny_to_rtl_pipeline/logs/dafny_to_python/deepseek-chat/Dafny_96_firstverified.log
deepseek-chat,Dafny_99_firstverified,True,/u/mjha1/Proof2Silicon/journal_phase/dafny_to_rtl_pipeline/dafny_outputs/deepseek-chat/Dafny_99_firstverified.dfy,/u/mjha1/Proof2Silicon/journal_phase/dafny_to_rtl_pipeline/generated_python_raw/deepseek-chat/Dafny_99_firstverified,/u/mjha1/Proof2Silicon/journal_phase/dafny_to_rtl_pipeline/generated_python_raw/deepseek-chat/Dafny_99_firstverified-py,/u/mjha1/Proof2Silicon/journal_phase/dafny_to_rtl_pipeline/generated_python_raw/deepseek-chat/Dafny_99_firstverified-py/module_.py,/u/mjha1/Proof2Silicon/journal_phase/dafny_to_rtl_pipeline/generated_python/deepseek-chat/Dafny_99_firstverified.py,0,True,0.715,/u/mjha1/Proof2Silicon/journal_phase/dafny_to_rtl_pipeline/logs/dafny_to_python/deepseek-chat/Dafny_99_firstverified.log
gpt-5.1-codex-max,Dafny_104_firstverified,True,/u/mjha1/Proof2Silicon/journal_phase/dafny_to_rtl_pipeline/dafny_outputs/gpt-5.1-codex-max/Dafny_104_firstverified.dfy,/u/mjha1/Proof2Silicon/journal_phase/dafny_to_rtl_pipeline/generated_python_raw/gpt-5.1-codex-max/Dafny_104_firstverified,/u/mjha1/Proof2Silicon/journal_phase/dafny_to_rtl_pipeline/generated_python_raw/gpt-5.1-codex-max/Dafny_104_firstverified-py,/u/mjha1/Proof2Silicon/journal_phase/dafny_to_rtl_pipeline/generated_python_raw/gpt-5.1-codex-max/Dafny_104_firstverified-py/module_.py,/u/mjha1/Proof2Silicon/journal_phase/dafny_to_rtl_pipeline/generated_python/gpt-5.1-codex-max/Dafny_104_firstverified.py,0,True,0.728,/u/mjha1/Proof2Silicon/journal_phase/dafny_to_rtl_pipeline/logs/dafny_to_python/gpt-5.1-codex-max/Dafny_104_firstverified.log
gpt-5.1-codex-max,Dafny_114,False,/u/mjha1/Proof2Silicon/journal_phase/dafny_to_rtl_pipeline/dafny_outputs/gpt-5.1-codex-max/Dafny_114.dfy,/u/mjha1/Proof2Silicon/journal_phase/dafny_to_rtl_pipeline/generated_python_raw/gpt-5.1-codex-max/Dafny_114,/u/mjha1/Proof2Silicon/journal_phase/dafny_to_rtl_pipeline/generated_python_raw/gpt-5.1-codex-max/Dafny_114-py,/u/mjha1/Proof2Silicon/journal_phase/dafny_to_rtl_pipeline/generated_python_raw/gpt-5.1-codex-max/Dafny_114-py/module_.py,/u/mjha1/Proof2Silicon/journal_phase/dafny_to_rtl_pipeline/generated_python/gpt-5.1-codex-max/Dafny_114.py,0,True,0.764,/u/mjha1/Proof2Silicon/journal_phase/dafny_to_rtl_pipeline/logs/dafny_to_python/gpt-5.1-codex-max/Dafny_114.log
gpt-5.1-codex-max,Dafny_120_firstverified,True,/u/mjha1/Proof2Silicon/journal_phase/dafny_to_rtl_pipeline/dafny_outputs/gpt-5.1-codex-max/Dafny_120_firstverified.dfy,/u/mjha1/Proof2Silicon/journal_phase/dafny_to_rtl_pipeline/generated_python_raw/gpt-5.1-codex-max/Dafny_120_firstverified,/u/mjha1/Proof2Silicon/journal_phase/dafny_to_rtl_pipeline/generated_python_raw/gpt-5.1-codex-max/Dafny_120_firstverified-py,/u/mjha1/Proof2Silicon/journal_phase/dafny_to_rtl_pipeline/generated_python_raw/gpt-5.1-codex-max/Dafny_120_firstverified-py/module_.py,/u/mjha1/Proof2Silicon/journal_phase/dafny_to_rtl_pipeline/generated_python/gpt-5.1-codex-max/Dafny_120_firstverified.py,0,True,0.768,/u/mjha1/Proof2Silicon/journal_phase/dafny_to_rtl_pipeline/logs/dafny_to_python/gpt-5.1-codex-max/Dafny_120_firstverified.log
gpt-5.1-codex-max,Dafny_122,False,/u/mjha1/Proof2Silicon/journal_phase/dafny_to_rtl_pipeline/dafny_outputs/gpt-5.1-codex-max/Dafny_122.dfy,/u/mjha1/Proof2Silicon/journal_phase/dafny_to_rtl_pipeline/generated_python_raw/gpt-5.1-codex-max/Dafny_122,/u/mjha1/Proof2Silicon/journal_phase/dafny_to_rtl_pipeline/generated_python_raw/gpt-5.1-codex-max/Dafny_122-py,/u/mjha1/Proof2Silicon/journal_phase/dafny_to_rtl_pipeline/generated_python_raw/gpt-5.1-codex-max/Dafny_122-py/module_.py,/u/mjha1/Proof2Silicon/journal_phase/dafny_to_rtl_pipeline/generated_python/gpt-5.1-codex-max/Dafny_122.py,0,True,0.803,/u/mjha1/Proof2Silicon/journal_phase/dafny_to_rtl_pipeline/logs/dafny_to_python/gpt-5.1-codex-max/Dafny_122.log
gpt-5.1-codex-max,Dafny_143,False,/u/mjha1/Proof2Silicon/journal_phase/dafny_to_rtl_pipeline/dafny_outputs/gpt-5.1-codex-max/Dafny_143.dfy,/u/mjha1/Proof2Silicon/journal_phase/dafny_to_rtl_pipeline/generated_python_raw/gpt-5.1-codex-max/Dafny_143,/u/mjha1/Proof2Silicon/journal_phase/dafny_to_rtl_pipeline/generated_python_raw/gpt-5.1-codex-max/Dafny_143-py,/u/mjha1/Proof2Silicon/journal_phase/dafny_to_rtl_pipeline/generated_python_raw/gpt-5.1-codex-max/Dafny_143-py/module_.py,/u/mjha1/Proof2Silicon/journal_phase/dafny_to_rtl_pipeline/generated_python/gpt-5.1-codex-max/Dafny_143.py,0,True,0.825,/u/mjha1/Proof2Silicon/journal_phase/dafny_to_rtl_pipeline/logs/dafny_to_python/gpt-5.1-codex-max/Dafny_143.log
gpt-5.1-codex-max,Dafny_155,False,/u/mjha1/Proof2Silicon/journal_phase/dafny_to_rtl_pipeline/dafny_outputs/gpt-5.1-codex-max/Dafny_155.dfy,/u/mjha1/Proof2Silicon/journal_phase/dafny_to_rtl_pipeline/generated_python_raw/gpt-5.1-codex-max/Dafny_155,/u/mjha1/Proof2Silicon/journal_phase/dafny_to_rtl_pipeline/generated_python_raw/gpt-5.1-codex-max/Dafny_155-py,/u/mjha1/Proof2Silicon/journal_phase/dafny_to_rtl_pipeline/generated_python_raw/gpt-5.1-codex-max/Dafny_155-py/module_.py,/u/mjha1/Proof2Silicon/journal_phase/dafny_to_rtl_pipeline/generated_python/gpt-5.1-codex-max/Dafny_155.py,0,True,0.738,/u/mjha1/Proof2Silicon/journal_phase/dafny_to_rtl_pipeline/logs/dafny_to_python/gpt-5.1-codex-max/Dafny_155.log
gpt-5.1-codex-max,Dafny_156,False,/u/mjha1/Proof2Silicon/journal_phase/dafny_to_rtl_pipeline/dafny_outputs/gpt-5.1-codex-max/Dafny_156.dfy,/u/mjha1/Proof2Silicon/journal_phase/dafny_to_rtl_pipeline/generated_python_raw/gpt-5.1-codex-max/Dafny_156,/u/mjha1/Proof2Silicon/journal_phase/dafny_to_rtl_pipeline/generated_python_raw/gpt-5.1-codex-max/Dafny_156-py,/u/mjha1/Proof2Silicon/journal_phase/dafny_to_rtl_pipeline/generated_python_raw/gpt-5.1-codex-max/Dafny_156-py/module_.py,/u/mjha1/Proof2Silicon/journal_phase/dafny_to_rtl_pipeline/generated_python/gpt-5.1-codex-max/Dafny_156.py,0,True,0.826,/u/mjha1/Proof2Silicon/journal_phase/dafny_to_rtl_pipeline/logs/dafny_to_python/gpt-5.1-codex-max/Dafny_156.log
gpt-5.1-codex-max,Dafny_162_firstverified,True,/u/mjha1/Proof2Silicon/journal_phase/dafny_to_rtl_pipeline/dafny_outputs/gpt-5.1-codex-max/Dafny_162_firstverified.dfy,/u/mjha1/Proof2Silicon/journal_phase/dafny_to_rtl_pipeline/generated_python_raw/gpt-5.1-codex-max/Dafny_162_firstverified,/u/mjha1/Proof2Silicon/journal_phase/dafny_to_rtl_pipeline/generated_python_raw/gpt-5.1-codex-max/Dafny_162_firstverified-py,/u/mjha1/Proof2Silicon/journal_phase/dafny_to_rtl_pipeline/generated_python_raw/gpt-5.1-codex-max/Dafny_162_firstverified-py/module_.py,/u/mjha1/Proof2Silicon/journal_phase/dafny_to_rtl_pipeline/generated_python/gpt-5.1-codex-max/Dafny_162_firstverified.py,0,True,0.773,/u/mjha1/Proof2Silicon/journal_phase/dafny_to_rtl_pipeline/logs/dafny_to_python/gpt-5.1-codex-max/Dafny_162_firstverified.log
gpt-5.1-codex-max,Dafny_176,False,/u/mjha1/Proof2Silicon/journal_phase/dafny_to_rtl_pipeline/dafny_outputs/gpt-5.1-codex-max/Dafny_176.dfy,/u/mjha1/Proof2Silicon/journal_phase/dafny_to_rtl_pipeline/generated_python_raw/gpt-5.1-codex-max/Dafny_176,/u/mjha1/Proof2Silicon/journal_phase/dafny_to_rtl_pipeline/generated_python_raw/gpt-5.1-codex-max/Dafny_176-py,/u/mjha1/Proof2Silicon/journal_phase/dafny_to_rtl_pipeline/generated_python_raw/gpt-5.1-codex-max/Dafny_176-py/module_.py,/u/mjha1/Proof2Silicon/journal_phase/dafny_to_rtl_pipeline/generated_python/gpt-5.1-codex-max/Dafny_176.py,0,True,0.847,/u/mjha1/Proof2Silicon/journal_phase/dafny_to_rtl_pipeline/logs/dafny_to_python/gpt-5.1-codex-max/Dafny_176.log
gpt-5.1-codex-max,Dafny_193_firstverified,True,/u/mjha1/Proof2Silicon/journal_phase/dafny_to_rtl_pipeline/dafny_outputs/gpt-5.1-codex-max/Dafny_193_firstverified.dfy,/u/mjha1/Proof2Silicon/journal_phase/dafny_to_rtl_pipeline/generated_python_raw/gpt-5.1-codex-max/Dafny_193_firstverified,/u/mjha1/Proof2Silicon/journal_phase/dafny_to_rtl_pipeline/generated_python_raw/gpt-5.1-codex-max/Dafny_193_firstverified-py,/u/mjha1/Proof2Silicon/journal_phase/dafny_to_rtl_pipeline/generated_python_raw/gpt-5.1-codex-max/Dafny_193_firstverified-py/module_.py,/u/mjha1/Proof2Silicon/journal_phase/dafny_to_rtl_pipeline/generated_python/gpt-5.1-codex-max/Dafny_193_firstverified.py,0,True,0.876,/u/mjha1/Proof2Silicon/journal_phase/dafny_to_rtl_pipeline/logs/dafny_to_python/gpt-5.1-codex-max/Dafny_193_firstverified.log
gpt-5.1-codex-max,Dafny_194,False,/u/mjha1/Proof2Silicon/journal_phase/dafny_to_rtl_pipeline/dafny_outputs/gpt-5.1-codex-max/Dafny_194.dfy,/u/mjha1/Proof2Silicon/journal_phase/dafny_to_rtl_pipeline/generated_python_raw/gpt-5.1-codex-max/Dafny_194,/u/mjha1/Proof2Silicon/journal_phase/dafny_to_rtl_pipeline/generated_python_raw/gpt-5.1-codex-max/Dafny_194-py,/u/mjha1/Proof2Silicon/journal_phase/dafny_to_rtl_pipeline/generated_python_raw/gpt-5.1-codex-max/Dafny_194-py/module_.py,/u/mjha1/Proof2Silicon/journal_phase/dafny_to_rtl_pipeline/generated_python/gpt-5.1-codex-max/Dafny_194.py,0,True,0.841,/u/mjha1/Proof2Silicon/journal_phase/dafny_to_rtl_pipeline/logs/dafny_to_python/gpt-5.1-codex-max/Dafny_194.log
gpt-5.1-codex-max,Dafny_200,False,/u/mjha1/Proof2Silicon/journal_phase/dafny_to_rtl_pipeline/dafny_outputs/gpt-5.1-codex-max/Dafny_200.dfy,/u/mjha1/Proof2Silicon/journal_phase/dafny_to_rtl_pipeline/generated_python_raw/gpt-5.1-codex-max/Dafny_200,/u/mjha1/Proof2Silicon/journal_phase/dafny_to_rtl_pipeline/generated_python_raw/gpt-5.1-codex-max/Dafny_200-py,/u/mjha1/Proof2Silicon/journal_phase/dafny_to_rtl_pipeline/generated_python_raw/gpt-5.1-codex-max/Dafny_200-py/module_.py,/u/mjha1/Proof2Silicon/journal_phase/dafny_to_rtl_pipeline/generated_python/gpt-5.1-codex-max/Dafny_200.py,0,True,0.809,/u/mjha1/Proof2Silicon/journal_phase/dafny_to_rtl_pipeline/logs/dafny_to_python/gpt-5.1-codex-max/Dafny_200.log
gpt-5.1-codex-max,Dafny_206_firstverified,True,/u/mjha1/Proof2Silicon/journal_phase/dafny_to_rtl_pipeline/dafny_outputs/gpt-5.1-codex-max/Dafny_206_firstverified.dfy,/u/mjha1/Proof2Silicon/journal_phase/dafny_to_rtl_pipeline/generated_python_raw/gpt-5.1-codex-max/Dafny_206_firstverified,/u/mjha1/Proof2Silicon/journal_phase/dafny_to_rtl_pipeline/generated_python_raw/gpt-5.1-codex-max/Dafny_206_firstverified-py,/u/mjha1/Proof2Silicon/journal_phase/dafny_to_rtl_pipeline/generated_python_raw/gpt-5.1-codex-max/Dafny_206_firstverified-py/module_.py,/u/mjha1/Proof2Silicon/journal_phase/dafny_to_rtl_pipeline/generated_python/gpt-5.1-codex-max/Dafny_206_firstverified.py,0,True,0.854,/u/mjha1/Proof2Silicon/journal_phase/dafny_to_rtl_pipeline/logs/dafny_to_python/gpt-5.1-codex-max/Dafny_206_firstverified.log
gpt-5.1-codex-max,Dafny_207,False,/u/mjha1/Proof2Silicon/journal_phase/dafny_to_rtl_pipeline/dafny_outputs/gpt-5.1-codex-max/Dafny_207.dfy,/u/mjha1/Proof2Silicon/journal_phase/dafny_to_rtl_pipeline/generated_python_raw/gpt-5.1-codex-max/Dafny_207,/u/mjha1/Proof2Silicon/journal_phase/dafny_to_rtl_pipeline/generated_python_raw/gpt-5.1-codex-max/Dafny_207-py,/u/mjha1/Proof2Silicon/journal_phase/dafny_to_rtl_pipeline/generated_python_raw/gpt-5.1-codex-max/Dafny_207-py/module_.py,/u/mjha1/Proof2Silicon/journal_phase/dafny_to_rtl_pipeline/generated_python/gpt-5.1-codex-max/Dafny_207.py,0,True,0.802,/u/mjha1/Proof2Silicon/journal_phase/dafny_to_rtl_pipeline/logs/dafny_to_python/gpt-5.1-codex-max/Dafny_207.log
gpt-5.1-codex-max,Dafny_216,False,/u/mjha1/Proof2Silicon/journal_phase/dafny_to_rtl_pipeline/dafny_outputs/gpt-5.1-codex-max/Dafny_216.dfy,/u/mjha1/Proof2Silicon/journal_phase/dafny_to_rtl_pipeline/generated_python_raw/gpt-5.1-codex-max/Dafny_216,/u/mjha1/Proof2Silicon/journal_phase/dafny_to_rtl_pipeline/generated_python_raw/gpt-5.1-codex-max/Dafny_216-py,/u/mjha1/Proof2Silicon/journal_phase/dafny_to_rtl_pipeline/generated_python_raw/gpt-5.1-codex-max/Dafny_216-py/module_.py,/u/mjha1/Proof2Silicon/journal_phase/dafny_to_rtl_pipeline/generated_python/gpt-5.1-codex-max/Dafny_216.py,0,True,0.76,/u/mjha1/Proof2Silicon/journal_phase/dafny_to_rtl_pipeline/logs/dafny_to_python/gpt-5.1-codex-max/Dafny_216.log
gpt-5.1-codex-max,Dafny_225,False,/u/mjha1/Proof2Silicon/journal_phase/dafny_to_rtl_pipeline/dafny_outputs/gpt-5.1-codex-max/Dafny_225.dfy,/u/mjha1/Proof2Silicon/journal_phase/dafny_to_rtl_pipeline/generated_python_raw/gpt-5.1-codex-max/Dafny_225,/u/mjha1/Proof2Silicon/journal_phase/dafny_to_rtl_pipeline/generated_python_raw/gpt-5.1-codex-max/Dafny_225-py,/u/mjha1/Proof2Silicon/journal_phase/dafny_to_rtl_pipeline/generated_python_raw/gpt-5.1-codex-max/Dafny_225-py/module_.py,/u/mjha1/Proof2Silicon/journal_phase/dafny_to_rtl_pipeline/generated_python/gpt-5.1-codex-max/Dafny_225.py,0,True,0.713,/u/mjha1/Proof2Silicon/journal_phase/dafny_to_rtl_pipeline/logs/dafny_to_python/gpt-5.1-codex-max/Dafny_225.log
gpt-5.1-codex-max,Dafny_227_firstverified,True,/u/mjha1/Proof2Silicon/journal_phase/dafny_to_rtl_pipeline/dafny_outputs/gpt-5.1-codex-max/Dafny_227_firstverified.dfy,/u/mjha1/Proof2Silicon/journal_phase/dafny_to_rtl_pipeline/generated_python_raw/gpt-5.1-codex-max/Dafny_227_firstverified,/u/mjha1/Proof2Silicon/journal_phase/dafny_to_rtl_pipeline/generated_python_raw/gpt-5.1-codex-max/Dafny_227_firstverified-py,/u/mjha1/Proof2Silicon/journal_phase/dafny_to_rtl_pipeline/generated_python_raw/gpt-5.1-codex-max/Dafny_227_firstverified-py/module_.py,/u/mjha1/Proof2Silicon/journal_phase/dafny_to_rtl_pipeline/generated_python/gpt-5.1-codex-max/Dafny_227_firstverified.py,0,True,0.75,/u/mjha1/Proof2Silicon/journal_phase/dafny_to_rtl_pipeline/logs/dafny_to_python/gpt-5.1-codex-max/Dafny_227_firstverified.log
gpt-5.1-codex-max,Dafny_229,False,/u/mjha1/Proof2Silicon/journal_phase/dafny_to_rtl_pipeline/dafny_outputs/gpt-5.1-codex-max/Dafny_229.dfy,/u/mjha1/Proof2Silicon/journal_phase/dafny_to_rtl_pipeline/generated_python_raw/gpt-5.1-codex-max/Dafny_229,/u/mjha1/Proof2Silicon/journal_phase/dafny_to_rtl_pipeline/generated_python_raw/gpt-5.1-codex-max/Dafny_229-py,/u/mjha1/Proof2Silicon/journal_phase/dafny_to_rtl_pipeline/generated_python_raw/gpt-5.1-codex-max/Dafny_229-py/module_.py,/u/mjha1/Proof2Silicon/journal_phase/dafny_to_rtl_pipeline/generated_python/gpt-5.1-codex-max/Dafny_229.py,0,True,0.876,/u/mjha1/Proof2Silicon/journal_phase/dafny_to_rtl_pipeline/logs/dafny_to_python/gpt-5.1-codex-max/Dafny_229.log
gpt-5.1-codex-max,Dafny_232,False,/u/mjha1/Proof2Silicon/journal_phase/dafny_to_rtl_pipeline/dafny_outputs/gpt-5.1-codex-max/Dafny_232.dfy,/u/mjha1/Proof2Silicon/journal_phase/dafny_to_rtl_pipeline/generated_python_raw/gpt-5.1-codex-max/Dafny_232,/u/mjha1/Proof2Silicon/journal_phase/dafny_to_rtl_pipeline/generated_python_raw/gpt-5.1-codex-max/Dafny_232-py,/u/mjha1/Proof2Silicon/journal_phase/dafny_to_rtl_pipeline/generated_python_raw/gpt-5.1-codex-max/Dafny_232-py/module_.py,/u/mjha1/Proof2Silicon/journal_phase/dafny_to_rtl_pipeline/generated_python/gpt-5.1-codex-max/Dafny_232.py,0,True,0.828,/u/mjha1/Proof2Silicon/journal_phase/dafny_to_rtl_pipeline/logs/dafny_to_python/gpt-5.1-codex-max/Dafny_232.log
gpt-5.1-codex-max,Dafny_233,False,/u/mjha1/Proof2Silicon/journal_phase/dafny_to_rtl_pipeline/dafny_outputs/gpt-5.1-codex-max/Dafny_233.dfy,/u/mjha1/Proof2Silicon/journal_phase/dafny_to_rtl_pipeline/generated_python_raw/gpt-5.1-codex-max/Dafny_233,/u/mjha1/Proof2Silicon/journal_phase/dafny_to_rtl_pipeline/generated_python_raw/gpt-5.1-codex-max/Dafny_233-py,/u/mjha1/Proof2Silicon/journal_phase/dafny_to_rtl_pipeline/generated_python_raw/gpt-5.1-codex-max/Dafny_233-py/module_.py,/u/mjha1/Proof2Silicon/journal_phase/dafny_to_rtl_pipeline/generated_python/gpt-5.1-codex-max/Dafny_233.py,0,True,0.738,/u/mjha1/Proof2Silicon/journal_phase/dafny_to_rtl_pipeline/logs/dafny_to_python/gpt-5.1-codex-max/Dafny_233.log
gpt-5.1-codex-max,Dafny_238,False,/u/mjha1/Proof2Silicon/journal_phase/dafny_to_rtl_pipeline/dafny_outputs/gpt-5.1-codex-max/Dafny_238.dfy,/u/mjha1/Proof2Silicon/journal_phase/dafny_to_rtl_pipeline/generated_python_raw/gpt-5.1-codex-max/Dafny_238,/u/mjha1/Proof2Silicon/journal_phase/dafny_to_rtl_pipeline/generated_python_raw/gpt-5.1-codex-max/Dafny_238-py,/u/mjha1/Proof2Silicon/journal_phase/dafny_to_rtl_pipeline/generated_python_raw/gpt-5.1-codex-max/Dafny_238-py/module_.py,/u/mjha1/Proof2Silicon/journal_phase/dafny_to_rtl_pipeline/generated_python/gpt-5.1-codex-max/Dafny_238.py,0,True,0.797,/u/mjha1/Proof2Silicon/journal_phase/dafny_to_rtl_pipeline/logs/dafny_to_python/gpt-5.1-codex-max/Dafny_238.log
gpt-5.1-codex-max,Dafny_254_firstverified,True,/u/mjha1/Proof2Silicon/journal_phase/dafny_to_rtl_pipeline/dafny_outputs/gpt-5.1-codex-max/Dafny_254_firstverified.dfy,/u/mjha1/Proof2Silicon/journal_phase/dafny_to_rtl_pipeline/generated_python_raw/gpt-5.1-codex-max/Dafny_254_firstverified,/u/mjha1/Proof2Silicon/journal_phase/dafny_to_rtl_pipeline/generated_python_raw/gpt-5.1-codex-max/Dafny_254_firstverified-py,/u/mjha1/Proof2Silicon/journal_phase/dafny_to_rtl_pipeline/generated_python_raw/gpt-5.1-codex-max/Dafny_254_firstverified-py/module_.py,/u/mjha1/Proof2Silicon/journal_phase/dafny_to_rtl_pipeline/generated_python/gpt-5.1-codex-max/Dafny_254_firstverified.py,0,True,0.772,/u/mjha1/Proof2Silicon/journal_phase/dafny_to_rtl_pipeline/logs/dafny_to_python/gpt-5.1-codex-max/Dafny_254_firstverified.log
gpt-5.1-codex-max,Dafny_256,False,/u/mjha1/Proof2Silicon/journal_phase/dafny_to_rtl_pipeline/dafny_outputs/gpt-5.1-codex-max/Dafny_256.dfy,/u/mjha1/Proof2Silicon/journal_phase/dafny_to_rtl_pipeline/generated_python_raw/gpt-5.1-codex-max/Dafny_256,/u/mjha1/Proof2Silicon/journal_phase/dafny_to_rtl_pipeline/generated_python_raw/gpt-5.1-codex-max/Dafny_256-py,/u/mjha1/Proof2Silicon/journal_phase/dafny_to_rtl_pipeline/generated_python_raw/gpt-5.1-codex-max/Dafny_256-py/module_.py,/u/mjha1/Proof2Silicon/journal_phase/dafny_to_rtl_pipeline/generated_python/gpt-5.1-codex-max/Dafny_256.py,0,True,0.731,/u/mjha1/Proof2Silicon/journal_phase/dafny_to_rtl_pipeline/logs/dafny_to_python/gpt-5.1-codex-max/Dafny_256.log
gpt-5.1-codex-max,Dafny_260_firstverified,True,/u/mjha1/Proof2Silicon/journal_phase/dafny_to_rtl_pipeline/dafny_outputs/gpt-5.1-codex-max/Dafny_260_firstverified.dfy,/u/mjha1/Proof2Silicon/journal_phase/dafny_to_rtl_pipeline/generated_python_raw/gpt-5.1-codex-max/Dafny_260_firstverified,/u/mjha1/Proof2Silicon/journal_phase/dafny_to_rtl_pipeline/generated_python_raw/gpt-5.1-codex-max/Dafny_260_firstverified-py,/u/mjha1/Proof2Silicon/journal_phase/dafny_to_rtl_pipeline/generated_python_raw/gpt-5.1-codex-max/Dafny_260_firstverified-py/module_.py,/u/mjha1/Proof2Silicon/journal_phase/dafny_to_rtl_pipeline/generated_python/gpt-5.1-codex-max/Dafny_260_firstverified.py,0,True,0.723,/u/mjha1/Proof2Silicon/journal_phase/dafny_to_rtl_pipeline/logs/dafny_to_python/gpt-5.1-codex-max/Dafny_260_firstverified.log
gpt-5.1-codex-max,Dafny_264,False,/u/mjha1/Proof2Silicon/journal_phase/dafny_to_rtl_pipeline/dafny_outputs/gpt-5.1-codex-max/Dafny_264.dfy,/u/mjha1/Proof2Silicon/journal_phase/dafny_to_rtl_pipeline/generated_python_raw/gpt-5.1-codex-max/Dafny_264,/u/mjha1/Proof2Silicon/journal_phase/dafny_to_rtl_pipeline/generated_python_raw/gpt-5.1-codex-max/Dafny_264-py,/u/mjha1/Proof2Silicon/journal_phase/dafny_to_rtl_pipeline/generated_python_raw/gpt-5.1-codex-max/Dafny_264-py/module_.py,/u/mjha1/Proof2Silicon/journal_phase/dafny_to_rtl_pipeline/generated_python/gpt-5.1-codex-max/Dafny_264.py,0,True,0.839,/u/mjha1/Proof2Silicon/journal_phase/dafny_to_rtl_pipeline/logs/dafny_to_python/gpt-5.1-codex-max/Dafny_264.log
gpt-5.1-codex-max,Dafny_267,False,/u/mjha1/Proof2Silicon/journal_phase/dafny_to_rtl_pipeline/dafny_outputs/gpt-5.1-codex-max/Dafny_267.dfy,/u/mjha1/Proof2Silicon/journal_phase/dafny_to_rtl_pipeline/generated_python_raw/gpt-5.1-codex-max/Dafny_267,/u/mjha1/Proof2Silicon/journal_phase/dafny_to_rtl_pipeline/generated_python_raw/gpt-5.1-codex-max/Dafny_267-py,/u/mjha1/Proof2Silicon/journal_phase/dafny_to_rtl_pipeline/generated_python_raw/gpt-5.1-codex-max/Dafny_267-py/module_.py,/u/mjha1/Proof2Silicon/journal_phase/dafny_to_rtl_pipeline/generated_python/gpt-5.1-codex-max/Dafny_267.py,0,True,0.8,/u/mjha1/Proof2Silicon/journal_phase/dafny_to_rtl_pipeline/logs/dafny_to_python/gpt-5.1-codex-max/Dafny_267.log
gpt-5.1-codex-max,Dafny_279,False,/u/mjha1/Proof2Silicon/journal_phase/dafny_to_rtl_pipeline/dafny_outputs/gpt-5.1-codex-max/Dafny_279.dfy,/u/mjha1/Proof2Silicon/journal_phase/dafny_to_rtl_pipeline/generated_python_raw/gpt-5.1-codex-max/Dafny_279,/u/mjha1/Proof2Silicon/journal_phase/dafny_to_rtl_pipeline/generated_python_raw/gpt-5.1-codex-max/Dafny_279-py,/u/mjha1/Proof2Silicon/journal_phase/dafny_to_rtl_pipeline/generated_python_raw/gpt-5.1-codex-max/Dafny_279-py/module_.py,/u/mjha1/Proof2Silicon/journal_phase/dafny_to_rtl_pipeline/generated_python/gpt-5.1-codex-max/Dafny_279.py,0,True,0.764,/u/mjha1/Proof2Silicon/journal_phase/dafny_to_rtl_pipeline/logs/dafny_to_python/gpt-5.1-codex-max/Dafny_279.log
gpt-5.1-codex-max,Dafny_283,False,/u/mjha1/Proof2Silicon/journal_phase/dafny_to_rtl_pipeline/dafny_outputs/gpt-5.1-codex-max/Dafny_283.dfy,/u/mjha1/Proof2Silicon/journal_phase/dafny_to_rtl_pipeline/generated_python_raw/gpt-5.1-codex-max/Dafny_283,/u/mjha1/Proof2Silicon/journal_phase/dafny_to_rtl_pipeline/generated_python_raw/gpt-5.1-codex-max/Dafny_283-py,/u/mjha1/Proof2Silicon/journal_phase/dafny_to_rtl_pipeline/generated_python_raw/gpt-5.1-codex-max/Dafny_283-py/module_.py,/u/mjha1/Proof2Silicon/journal_phase/dafny_to_rtl_pipeline/generated_python/gpt-5.1-codex-max/Dafny_283.py,0,True,0.775,/u/mjha1/Proof2Silicon/journal_phase/dafny_to_rtl_pipeline/logs/dafny_to_python/gpt-5.1-codex-max/Dafny_283.log
gpt-5.1-codex-max,Dafny_289_firstverified,True,/u/mjha1/Proof2Silicon/journal_phase/dafny_to_rtl_pipeline/dafny_outputs/gpt-5.1-codex-max/Dafny_289_firstverified.dfy,/u/mjha1/Proof2Silicon/journal_phase/dafny_to_rtl_pipeline/generated_python_raw/gpt-5.1-codex-max/Dafny_289_firstverified,/u/mjha1/Proof2Silicon/journal_phase/dafny_to_rtl_pipeline/generated_python_raw/gpt-5.1-codex-max/Dafny_289_firstverified-py,/u/mjha1/Proof2Silicon/journal_phase/dafny_to_rtl_pipeline/generated_python_raw/gpt-5.1-codex-max/Dafny_289_firstverified-py/module_.py,/u/mjha1/Proof2Silicon/journal_phase/dafny_to_rtl_pipeline/generated_python/gpt-5.1-codex-max/Dafny_289_firstverified.py,0,True,0.805,/u/mjha1/Proof2Silicon/journal_phase/dafny_to_rtl_pipeline/logs/dafny_to_python/gpt-5.1-codex-max/Dafny_289_firstverified.log
gpt-5.1-codex-max,Dafny_290_firstverified,True,/u/mjha1/Proof2Silicon/journal_phase/dafny_to_rtl_pipeline/dafny_outputs/gpt-5.1-codex-max/Dafny_290_firstverified.dfy,/u/mjha1/Proof2Silicon/journal_phase/dafny_to_rtl_pipeline/generated_python_raw/gpt-5.1-codex-max/Dafny_290_firstverified,/u/mjha1/Proof2Silicon/journal_phase/dafny_to_rtl_pipeline/generated_python_raw/gpt-5.1-codex-max/Dafny_290_firstverified-py,/u/mjha1/Proof2Silicon/journal_phase/dafny_to_rtl_pipeline/generated_python_raw/gpt-5.1-codex-max/Dafny_290_firstverified-py/module_.py,/u/mjha1/Proof2Silicon/journal_phase/dafny_to_rtl_pipeline/generated_python/gpt-5.1-codex-max/Dafny_290_firstverified.py,0,True,0.748,/u/mjha1/Proof2Silicon/journal_phase/dafny_to_rtl_pipeline/logs/dafny_to_python/gpt-5.1-codex-max/Dafny_290_firstverified.log
gpt-5.1-codex-max,Dafny_293_firstverified,True,/u/mjha1/Proof2Silicon/journal_phase/dafny_to_rtl_pipeline/dafny_outputs/gpt-5.1-codex-max/Dafny_293_firstverified.dfy,/u/mjha1/Proof2Silicon/journal_phase/dafny_to_rtl_pipeline/generated_python_raw/gpt-5.1-codex-max/Dafny_293_firstverified,/u/mjha1/Proof2Silicon/journal_phase/dafny_to_rtl_pipeline/generated_python_raw/gpt-5.1-codex-max/Dafny_293_firstverified-py,/u/mjha1/Proof2Silicon/journal_phase/dafny_to_rtl_pipeline/generated_python_raw/gpt-5.1-codex-max/Dafny_293_firstverified-py/module_.py,/u/mjha1/Proof2Silicon/journal_phase/dafny_to_rtl_pipeline/generated_python/gpt-5.1-codex-max/Dafny_293_firstverified.py,0,True,0.804,/u/mjha1/Proof2Silicon/journal_phase/dafny_to_rtl_pipeline/logs/dafny_to_python/gpt-5.1-codex-max/Dafny_293_firstverified.log
gpt-5.1-codex-max,Dafny_299_firstverified,True,/u/mjha1/Proof2Silicon/journal_phase/dafny_to_rtl_pipeline/dafny_outputs/gpt-5.1-codex-max/Dafny_299_firstverified.dfy,/u/mjha1/Proof2Silicon/journal_phase/dafny_to_rtl_pipeline/generated_python_raw/gpt-5.1-codex-max/Dafny_299_firstverified,/u/mjha1/Proof2Silicon/journal_phase/dafny_to_rtl_pipeline/generated_python_raw/gpt-5.1-codex-max/Dafny_299_firstverified-py,/u/mjha1/Proof2Silicon/journal_phase/dafny_to_rtl_pipeline/generated_python_raw/gpt-5.1-codex-max/Dafny_299_firstverified-py/module_.py,/u/mjha1/Proof2Silicon/journal_phase/dafny_to_rtl_pipeline/generated_python/gpt-5.1-codex-max/Dafny_299_firstverified.py,0,True,0.879,/u/mjha1/Proof2Silicon/journal_phase/dafny_to_rtl_pipeline/logs/dafny_to_python/gpt-5.1-codex-max/Dafny_299_firstverified.log
gpt-5.1-codex-max,Dafny_311_firstverified,True,/u/mjha1/Proof2Silicon/journal_phase/dafny_to_rtl_pipeline/dafny_outputs/gpt-5.1-codex-max/Dafny_311_firstverified.dfy,/u/mjha1/Proof2Silicon/journal_phase/dafny_to_rtl_pipeline/generated_python_raw/gpt-5.1-codex-max/Dafny_311_firstverified,/u/mjha1/Proof2Silicon/journal_phase/dafny_to_rtl_pipeline/generated_python_raw/gpt-5.1-codex-max/Dafny_311_firstverified-py,/u/mjha1/Proof2Silicon/journal_phase/dafny_to_rtl_pipeline/generated_python_raw/gpt-5.1-codex-max/Dafny_311_firstverified-py/module_.py,/u/mjha1/Proof2Silicon/journal_phase/dafny_to_rtl_pipeline/generated_python/gpt-5.1-codex-max/Dafny_311_firstverified.py,0,True,0.806,/u/mjha1/Proof2Silicon/journal_phase/dafny_to_rtl_pipeline/logs/dafny_to_python/gpt-5.1-codex-max/Dafny_311_firstverified.log
gpt-5.1-codex-max,Dafny_314_firstverified,True,/u/mjha1/Proof2Silicon/journal_phase/dafny_to_rtl_pipeline/dafny_outputs/gpt-5.1-codex-max/Dafny_314_firstverified.dfy,/u/mjha1/Proof2Silicon/journal_phase/dafny_to_rtl_pipeline/generated_python_raw/gpt-5.1-codex-max/Dafny_314_firstverified,/u/mjha1/Proof2Silicon/journal_phase/dafny_to_rtl_pipeline/generated_python_raw/gpt-5.1-codex-max/Dafny_314_firstverified-py,/u/mjha1/Proof2Silicon/journal_phase/dafny_to_rtl_pipeline/generated_python_raw/gpt-5.1-codex-max/Dafny_314_firstverified-py/module_.py,/u/mjha1/Proof2Silicon/journal_phase/dafny_to_rtl_pipeline/generated_python/gpt-5.1-codex-max/Dafny_314_firstverified.py,0,True,0.774,/u/mjha1/Proof2Silicon/journal_phase/dafny_to_rtl_pipeline/logs/dafny_to_python/gpt-5.1-codex-max/Dafny_314_firstverified.log
gpt-5.1-codex-max,Dafny_320_firstverified,True,/u/mjha1/Proof2Silicon/journal_phase/dafny_to_rtl_pipeline/dafny_outputs/gpt-5.1-codex-max/Dafny_320_firstverified.dfy,/u/mjha1/Proof2Silicon/journal_phase/dafny_to_rtl_pipeline/generated_python_raw/gpt-5.1-codex-max/Dafny_320_firstverified,/u/mjha1/Proof2Silicon/journal_phase/dafny_to_rtl_pipeline/generated_python_raw/gpt-5.1-codex-max/Dafny_320_firstverified-py,/u/mjha1/Proof2Silicon/journal_phase/dafny_to_rtl_pipeline/generated_python_raw/gpt-5.1-codex-max/Dafny_320_firstverified-py/module_.py,/u/mjha1/Proof2Silicon/journal_phase/dafny_to_rtl_pipeline/generated_python/gpt-5.1-codex-max/Dafny_320_firstverified.py,0,True,0.766,/u/mjha1/Proof2Silicon/journal_phase/dafny_to_rtl_pipeline/logs/dafny_to_python/gpt-5.1-codex-max/Dafny_320_firstverified.log
gpt-5.1-codex-max,Dafny_322_firstverified,True,/u/mjha1/Proof2Silicon/journal_phase/dafny_to_rtl_pipeline/dafny_outputs/gpt-5.1-codex-max/Dafny_322_firstverified.dfy,/u/mjha1/Proof2Silicon/journal_phase/dafny_to_rtl_pipeline/generated_python_raw/gpt-5.1-codex-max/Dafny_322_firstverified,/u/mjha1/Proof2Silicon/journal_phase/dafny_to_rtl_pipeline/generated_python_raw/gpt-5.1-codex-max/Dafny_322_firstverified-py,/u/mjha1/Proof2Silicon/journal_phase/dafny_to_rtl_pipeline/generated_python_raw/gpt-5.1-codex-max/Dafny_322_firstverified-py/module_.py,/u/mjha1/Proof2Silicon/journal_phase/dafny_to_rtl_pipeline/generated_python/gpt-5.1-codex-max/Dafny_322_firstverified.py,0,True,0.727,/u/mjha1/Proof2Silicon/journal_phase/dafny_to_rtl_pipeline/logs/dafny_to_python/gpt-5.1-codex-max/Dafny_322_firstverified.log
gpt-5.1-codex-max,Dafny_323,False,/u/mjha1/Proof2Silicon/journal_phase/dafny_to_rtl_pipeline/dafny_outputs/gpt-5.1-codex-max/Dafny_323.dfy,/u/mjha1/Proof2Silicon/journal_phase/dafny_to_rtl_pipeline/generated_python_raw/gpt-5.1-codex-max/Dafny_323,/u/mjha1/Proof2Silicon/journal_phase/dafny_to_rtl_pipeline/generated_python_raw/gpt-5.1-codex-max/Dafny_323-py,/u/mjha1/Proof2Silicon/journal_phase/dafny_to_rtl_pipeline/generated_python_raw/gpt-5.1-codex-max/Dafny_323-py/module_.py,/u/mjha1/Proof2Silicon/journal_phase/dafny_to_rtl_pipeline/generated_python/gpt-5.1-codex-max/Dafny_323.py,0,True,0.864,/u/mjha1/Proof2Silicon/journal_phase/dafny_to_rtl_pipeline/logs/dafny_to_python/gpt-5.1-codex-max/Dafny_323.log
gpt-5.1-codex-max,Dafny_326_firstverified,True,/u/mjha1/Proof2Silicon/journal_phase/dafny_to_rtl_pipeline/dafny_outputs/gpt-5.1-codex-max/Dafny_326_firstverified.dfy,/u/mjha1/Proof2Silicon/journal_phase/dafny_to_rtl_pipeline/generated_python_raw/gpt-5.1-codex-max/Dafny_326_firstverified,/u/mjha1/Proof2Silicon/journal_phase/dafny_to_rtl_pipeline/generated_python_raw/gpt-5.1-codex-max/Dafny_326_firstverified-py,/u/mjha1/Proof2Silicon/journal_phase/dafny_to_rtl_pipeline/generated_python_raw/gpt-5.1-codex-max/Dafny_326_firstverified-py/module_.py,/u/mjha1/Proof2Silicon/journal_phase/dafny_to_rtl_pipeline/generated_python/gpt-5.1-codex-max/Dafny_326_firstverified.py,0,True,0.749,/u/mjha1/Proof2Silicon/journal_phase/dafny_to_rtl_pipeline/logs/dafny_to_python/gpt-5.1-codex-max/Dafny_326_firstverified.log
gpt-5.1-codex-max,Dafny_333,False,/u/mjha1/Proof2Silicon/journal_phase/dafny_to_rtl_pipeline/dafny_outputs/gpt-5.1-codex-max/Dafny_333.dfy,/u/mjha1/Proof2Silicon/journal_phase/dafny_to_rtl_pipeline/generated_python_raw/gpt-5.1-codex-max/Dafny_333,/u/mjha1/Proof2Silicon/journal_phase/dafny_to_rtl_pipeline/generated_python_raw/gpt-5.1-codex-max/Dafny_333-py,/u/mjha1/Proof2Silicon/journal_phase/dafny_to_rtl_pipeline/generated_python_raw/gpt-5.1-codex-max/Dafny_333-py/module_.py,/u/mjha1/Proof2Silicon/journal_phase/dafny_to_rtl_pipeline/generated_python/gpt-5.1-codex-max/Dafny_333.py,0,True,0.741,/u/mjha1/Proof2Silicon/journal_phase/dafny_to_rtl_pipeline/logs/dafny_to_python/gpt-5.1-codex-max/Dafny_333.log
gpt-5.1-codex-max,Dafny_355,False,/u/mjha1/Proof2Silicon/journal_phase/dafny_to_rtl_pipeline/dafny_outputs/gpt-5.1-codex-max/Dafny_355.dfy,/u/mjha1/Proof2Silicon/journal_phase/dafny_to_rtl_pipeline/generated_python_raw/gpt-5.1-codex-max/Dafny_355,/u/mjha1/Proof2Silicon/journal_phase/dafny_to_rtl_pipeline/generated_python_raw/gpt-5.1-codex-max/Dafny_355-py,/u/mjha1/Proof2Silicon/journal_phase/dafny_to_rtl_pipeline/generated_python_raw/gpt-5.1-codex-max/Dafny_355-py/module_.py,/u/mjha1/Proof2Silicon/journal_phase/dafny_to_rtl_pipeline/generated_python/gpt-5.1-codex-max/Dafny_355.py,0,True,0.851,/u/mjha1/Proof2Silicon/journal_phase/dafny_to_rtl_pipeline/logs/dafny_to_python/gpt-5.1-codex-max/Dafny_355.log
gpt-5.1-codex-max,Dafny_357,False,/u/mjha1/Proof2Silicon/journal_phase/dafny_to_rtl_pipeline/dafny_outputs/gpt-5.1-codex-max/Dafny_357.dfy,/u/mjha1/Proof2Silicon/journal_phase/dafny_to_rtl_pipeline/generated_python_raw/gpt-5.1-codex-max/Dafny_357,/u/mjha1/Proof2Silicon/journal_phase/dafny_to_rtl_pipeline/generated_python_raw/gpt-5.1-codex-max/Dafny_357-py,/u/mjha1/Proof2Silicon/journal_phase/dafny_to_rtl_pipeline/generated_python_raw/gpt-5.1-codex-max/Dafny_357-py/module_.py,/u/mjha1/Proof2Silicon/journal_phase/dafny_to_rtl_pipeline/generated_python/gpt-5.1-codex-max/Dafny_357.py,0,True,0.791,/u/mjha1/Proof2Silicon/journal_phase/dafny_to_rtl_pipeline/logs/dafny_to_python/gpt-5.1-codex-max/Dafny_357.log
gpt-5.1-codex-max,Dafny_369_firstverified,True,/u/mjha1/Proof2Silicon/journal_phase/dafny_to_rtl_pipeline/dafny_outputs/gpt-5.1-codex-max/Dafny_369_firstverified.dfy,/u/mjha1/Proof2Silicon/journal_phase/dafny_to_rtl_pipeline/generated_python_raw/gpt-5.1-codex-max/Dafny_369_firstverified,/u/mjha1/Proof2Silicon/journal_phase/dafny_to_rtl_pipeline/generated_python_raw/gpt-5.1-codex-max/Dafny_369_firstverified-py,/u/mjha1/Proof2Silicon/journal_phase/dafny_to_rtl_pipeline/generated_python_raw/gpt-5.1-codex-max/Dafny_369_firstverified-py/module_.py,/u/mjha1/Proof2Silicon/journal_phase/dafny_to_rtl_pipeline/generated_python/gpt-5.1-codex-max/Dafny_369_firstverified.py,0,True,0.876,/u/mjha1/Proof2Silicon/journal_phase/dafny_to_rtl_pipeline/logs/dafny_to_python/gpt-5.1-codex-max/Dafny_369_firstverified.log
gpt-5.1-codex-max,Dafny_372,False,/u/mjha1/Proof2Silicon/journal_phase/dafny_to_rtl_pipeline/dafny_outputs/gpt-5.1-codex-max/Dafny_372.dfy,/u/mjha1/Proof2Silicon/journal_phase/dafny_to_rtl_pipeline/generated_python_raw/gpt-5.1-codex-max/Dafny_372,/u/mjha1/Proof2Silicon/journal_phase/dafny_to_rtl_pipeline/generated_python_raw/gpt-5.1-codex-max/Dafny_372-py,/u/mjha1/Proof2Silicon/journal_phase/dafny_to_rtl_pipeline/generated_python_raw/gpt-5.1-codex-max/Dafny_372-py/module_.py,/u/mjha1/Proof2Silicon/journal_phase/dafny_to_rtl_pipeline/generated_python/gpt-5.1-codex-max/Dafny_372.py,0,True,0.778,/u/mjha1/Proof2Silicon/journal_phase/dafny_to_rtl_pipeline/logs/dafny_to_python/gpt-5.1-codex-max/Dafny_372.log
gpt-5.1-codex-max,Dafny_387,False,/u/mjha1/Proof2Silicon/journal_phase/dafny_to_rtl_pipeline/dafny_outputs/gpt-5.1-codex-max/Dafny_387.dfy,/u/mjha1/Proof2Silicon/journal_phase/dafny_to_rtl_pipeline/generated_python_raw/gpt-5.1-codex-max/Dafny_387,/u/mjha1/Proof2Silicon/journal_phase/dafny_to_rtl_pipeline/generated_python_raw/gpt-5.1-codex-max/Dafny_387-py,/u/mjha1/Proof2Silicon/journal_phase/dafny_to_rtl_pipeline/generated_python_raw/gpt-5.1-codex-max/Dafny_387-py/module_.py,/u/mjha1/Proof2Silicon/journal_phase/dafny_to_rtl_pipeline/generated_python/gpt-5.1-codex-max/Dafny_387.py,0,True,0.813,/u/mjha1/Proof2Silicon/journal_phase/dafny_to_rtl_pipeline/logs/dafny_to_python/gpt-5.1-codex-max/Dafny_387.log
gpt-5.1-codex-max,Dafny_392,False,/u/mjha1/Proof2Silicon/journal_phase/dafny_to_rtl_pipeline/dafny_outputs/gpt-5.1-codex-max/Dafny_392.dfy,/u/mjha1/Proof2Silicon/journal_phase/dafny_to_rtl_pipeline/generated_python_raw/gpt-5.1-codex-max/Dafny_392,/u/mjha1/Proof2Silicon/journal_phase/dafny_to_rtl_pipeline/generated_python_raw/gpt-5.1-codex-max/Dafny_392-py,/u/mjha1/Proof2Silicon/journal_phase/dafny_to_rtl_pipeline/generated_python_raw/gpt-5.1-codex-max/Dafny_392-py/module_.py,/u/mjha1/Proof2Silicon/journal_phase/dafny_to_rtl_pipeline/generated_python/gpt-5.1-codex-max/Dafny_392.py,0,True,0.763,/u/mjha1/Proof2Silicon/journal_phase/dafny_to_rtl_pipeline/logs/dafny_to_python/gpt-5.1-codex-max/Dafny_392.log
gpt-5.1-codex-max,Dafny_399_firstverified,True,/u/mjha1/Proof2Silicon/journal_phase/dafny_to_rtl_pipeline/dafny_outputs/gpt-5.1-codex-max/Dafny_399_firstverified.dfy,/u/mjha1/Proof2Silicon/journal_phase/dafny_to_rtl_pipeline/generated_python_raw/gpt-5.1-codex-max/Dafny_399_firstverified,/u/mjha1/Proof2Silicon/journal_phase/dafny_to_rtl_pipeline/generated_python_raw/gpt-5.1-codex-max/Dafny_399_firstverified-py,/u/mjha1/Proof2Silicon/journal_phase/dafny_to_rtl_pipeline/generated_python_raw/gpt-5.1-codex-max/Dafny_399_firstverified-py/module_.py,/u/mjha1/Proof2Silicon/journal_phase/dafny_to_rtl_pipeline/generated_python/gpt-5.1-codex-max/Dafny_399_firstverified.py,0,True,0.84,/u/mjha1/Proof2Silicon/journal_phase/dafny_to_rtl_pipeline/logs/dafny_to_python/gpt-5.1-codex-max/Dafny_399_firstverified.log
gpt-5.1-codex-max,Dafny_400,False,/u/mjha1/Proof2Silicon/journal_phase/dafny_to_rtl_pipeline/dafny_outputs/gpt-5.1-codex-max/Dafny_400.dfy,/u/mjha1/Proof2Silicon/journal_phase/dafny_to_rtl_pipeline/generated_python_raw/gpt-5.1-codex-max/Dafny_400,/u/mjha1/Proof2Silicon/journal_phase/dafny_to_rtl_pipeline/generated_python_raw/gpt-5.1-codex-max/Dafny_400-py,/u/mjha1/Proof2Silicon/journal_phase/dafny_to_rtl_pipeline/generated_python_raw/gpt-5.1-codex-max/Dafny_400-py/module_.py,/u/mjha1/Proof2Silicon/journal_phase/dafny_to_rtl_pipeline/generated_python/gpt-5.1-codex-max/Dafny_400.py,0,True,0.724,/u/mjha1/Proof2Silicon/journal_phase/dafny_to_rtl_pipeline/logs/dafny_to_python/gpt-5.1-codex-max/Dafny_400.log
gpt-5.1-codex-max,Dafny_413,False,/u/mjha1/Proof2Silicon/journal_phase/dafny_to_rtl_pipeline/dafny_outputs/gpt-5.1-codex-max/Dafny_413.dfy,/u/mjha1/Proof2Silicon/journal_phase/dafny_to_rtl_pipeline/generated_python_raw/gpt-5.1-codex-max/Dafny_413,/u/mjha1/Proof2Silicon/journal_phase/dafny_to_rtl_pipeline/generated_python_raw/gpt-5.1-codex-max/Dafny_413-py,/u/mjha1/Proof2Silicon/journal_phase/dafny_to_rtl_pipeline/generated_python_raw/gpt-5.1-codex-max/Dafny_413-py/module_.py,/u/mjha1/Proof2Silicon/journal_phase/dafny_to_rtl_pipeline/generated_python/gpt-5.1-codex-max/Dafny_413.py,0,True,0.828,/u/mjha1/Proof2Silicon/journal_phase/dafny_to_rtl_pipeline/logs/dafny_to_python/gpt-5.1-codex-max/Dafny_413.log
gpt-5.1-codex-max,Dafny_426_firstverified,True,/u/mjha1/Proof2Silicon/journal_phase/dafny_to_rtl_pipeline/dafny_outputs/gpt-5.1-codex-max/Dafny_426_firstverified.dfy,/u/mjha1/Proof2Silicon/journal_phase/dafny_to_rtl_pipeline/generated_python_raw/gpt-5.1-codex-max/Dafny_426_firstverified,/u/mjha1/Proof2Silicon/journal_phase/dafny_to_rtl_pipeline/generated_python_raw/gpt-5.1-codex-max/Dafny_426_firstverified-py,/u/mjha1/Proof2Silicon/journal_phase/dafny_to_rtl_pipeline/generated_python_raw/gpt-5.1-codex-max/Dafny_426_firstverified-py/module_.py,/u/mjha1/Proof2Silicon/journal_phase/dafny_to_rtl_pipeline/generated_python/gpt-5.1-codex-max/Dafny_426_firstverified.py,0,True,0.933,/u/mjha1/Proof2Silicon/journal_phase/dafny_to_rtl_pipeline/logs/dafny_to_python/gpt-5.1-codex-max/Dafny_426_firstverified.log
gpt-5.1-codex-max,Dafny_427_firstverified,True,/u/mjha1/Proof2Silicon/journal_phase/dafny_to_rtl_pipeline/dafny_outputs/gpt-5.1-codex-max/Dafny_427_firstverified.dfy,/u/mjha1/Proof2Silicon/journal_phase/dafny_to_rtl_pipeline/generated_python_raw/gpt-5.1-codex-max/Dafny_427_firstverified,/u/mjha1/Proof2Silicon/journal_phase/dafny_to_rtl_pipeline/generated_python_raw/gpt-5.1-codex-max/Dafny_427_firstverified-py,/u/mjha1/Proof2Silicon/journal_phase/dafny_to_rtl_pipeline/generated_python_raw/gpt-5.1-codex-max/Dafny_427_firstverified-py/module_.py,/u/mjha1/Proof2Silicon/journal_phase/dafny_to_rtl_pipeline/generated_python/gpt-5.1-codex-max/Dafny_427_firstverified.py,0,True,0.775,/u/mjha1/Proof2Silicon/journal_phase/dafny_to_rtl_pipeline/logs/dafny_to_python/gpt-5.1-codex-max/Dafny_427_firstverified.log
gpt-5.1-codex-max,Dafny_437,False,/u/mjha1/Proof2Silicon/journal_phase/dafny_to_rtl_pipeline/dafny_outputs/gpt-5.1-codex-max/Dafny_437.dfy,/u/mjha1/Proof2Silicon/journal_phase/dafny_to_rtl_pipeline/generated_python_raw/gpt-5.1-codex-max/Dafny_437,/u/mjha1/Proof2Silicon/journal_phase/dafny_to_rtl_pipeline/generated_python_raw/gpt-5.1-codex-max/Dafny_437-py,/u/mjha1/Proof2Silicon/journal_phase/dafny_to_rtl_pipeline/generated_python_raw/gpt-5.1-codex-max/Dafny_437-py/module_.py,/u/mjha1/Proof2Silicon/journal_phase/dafny_to_rtl_pipeline/generated_python/gpt-5.1-codex-max/Dafny_437.py,0,True,0.805,/u/mjha1/Proof2Silicon/journal_phase/dafny_to_rtl_pipeline/logs/dafny_to_python/gpt-5.1-codex-max/Dafny_437.log
gpt-5.1-codex-max,Dafny_450_firstverified,True,/u/mjha1/Proof2Silicon/journal_phase/dafny_to_rtl_pipeline/dafny_outputs/gpt-5.1-codex-max/Dafny_450_firstverified.dfy,/u/mjha1/Proof2Silicon/journal_phase/dafny_to_rtl_pipeline/generated_python_raw/gpt-5.1-codex-max/Dafny_450_firstverified,/u/mjha1/Proof2Silicon/journal_phase/dafny_to_rtl_pipeline/generated_python_raw/gpt-5.1-codex-max/Dafny_450_firstverified-py,/u/mjha1/Proof2Silicon/journal_phase/dafny_to_rtl_pipeline/generated_python_raw/gpt-5.1-codex-max/Dafny_450_firstverified-py/module_.py,/u/mjha1/Proof2Silicon/journal_phase/dafny_to_rtl_pipeline/generated_python/gpt-5.1-codex-max/Dafny_450_firstverified.py,0,True,0.822,/u/mjha1/Proof2Silicon/journal_phase/dafny_to_rtl_pipeline/logs/dafny_to_python/gpt-5.1-codex-max/Dafny_450_firstverified.log
gpt-5.1-codex-max,Dafny_452,False,/u/mjha1/Proof2Silicon/journal_phase/dafny_to_rtl_pipeline/dafny_outputs/gpt-5.1-codex-max/Dafny_452.dfy,/u/mjha1/Proof2Silicon/journal_phase/dafny_to_rtl_pipeline/generated_python_raw/gpt-5.1-codex-max/Dafny_452,/u/mjha1/Proof2Silicon/journal_phase/dafny_to_rtl_pipeline/generated_python_raw/gpt-5.1-codex-max/Dafny_452-py,/u/mjha1/Proof2Silicon/journal_phase/dafny_to_rtl_pipeline/generated_python_raw/gpt-5.1-codex-max/Dafny_452-py/module_.py,/u/mjha1/Proof2Silicon/journal_phase/dafny_to_rtl_pipeline/generated_python/gpt-5.1-codex-max/Dafny_452.py,0,True,0.859,/u/mjha1/Proof2Silicon/journal_phase/dafny_to_rtl_pipeline/logs/dafny_to_python/gpt-5.1-codex-max/Dafny_452.log
gpt-5.1-codex-max,Dafny_458,False,/u/mjha1/Proof2Silicon/journal_phase/dafny_to_rtl_pipeline/dafny_outputs/gpt-5.1-codex-max/Dafny_458.dfy,/u/mjha1/Proof2Silicon/journal_phase/dafny_to_rtl_pipeline/generated_python_raw/gpt-5.1-codex-max/Dafny_458,/u/mjha1/Proof2Silicon/journal_phase/dafny_to_rtl_pipeline/generated_python_raw/gpt-5.1-codex-max/Dafny_458-py,/u/mjha1/Proof2Silicon/journal_phase/dafny_to_rtl_pipeline/generated_python_raw/gpt-5.1-codex-max/Dafny_458-py/module_.py,/u/mjha1/Proof2Silicon/journal_phase/dafny_to_rtl_pipeline/generated_python/gpt-5.1-codex-max/Dafny_458.py,0,True,0.855,/u/mjha1/Proof2Silicon/journal_phase/dafny_to_rtl_pipeline/logs/dafny_to_python/gpt-5.1-codex-max/Dafny_458.log
gpt-5.1-codex-max,Dafny_459,False,/u/mjha1/Proof2Silicon/journal_phase/dafny_to_rtl_pipeline/dafny_outputs/gpt-5.1-codex-max/Dafny_459.dfy,/u/mjha1/Proof2Silicon/journal_phase/dafny_to_rtl_pipeline/generated_python_raw/gpt-5.1-codex-max/Dafny_459,/u/mjha1/Proof2Silicon/journal_phase/dafny_to_rtl_pipeline/generated_python_raw/gpt-5.1-codex-max/Dafny_459-py,/u/mjha1/Proof2Silicon/journal_phase/dafny_to_rtl_pipeline/generated_python_raw/gpt-5.1-codex-max/Dafny_459-py/module_.py,/u/mjha1/Proof2Silicon/journal_phase/dafny_to_rtl_pipeline/generated_python/gpt-5.1-codex-max/Dafny_459.py,0,True,0.838,/u/mjha1/Proof2Silicon/journal_phase/dafny_to_rtl_pipeline/logs/dafny_to_python/gpt-5.1-codex-max/Dafny_459.log
gpt-5.1-codex-max,Dafny_465,False,/u/mjha1/Proof2Silicon/journal_phase/dafny_to_rtl_pipeline/dafny_outputs/gpt-5.1-codex-max/Dafny_465.dfy,/u/mjha1/Proof2Silicon/journal_phase/dafny_to_rtl_pipeline/generated_python_raw/gpt-5.1-codex-max/Dafny_465,/u/mjha1/Proof2Silicon/journal_phase/dafny_to_rtl_pipeline/generated_python_raw/gpt-5.1-codex-max/Dafny_465-py,/u/mjha1/Proof2Silicon/journal_phase/dafny_to_rtl_pipeline/generated_python_raw/gpt-5.1-codex-max/Dafny_465-py/module_.py,/u/mjha1/Proof2Silicon/journal_phase/dafny_to_rtl_pipeline/generated_python/gpt-5.1-codex-max/Dafny_465.py,0,True,0.846,/u/mjha1/Proof2Silicon/journal_phase/dafny_to_rtl_pipeline/logs/dafny_to_python/gpt-5.1-codex-max/Dafny_465.log
gpt-5.1-codex-max,Dafny_471,False,/u/mjha1/Proof2Silicon/journal_phase/dafny_to_rtl_pipeline/dafny_outputs/gpt-5.1-codex-max/Dafny_471.dfy,/u/mjha1/Proof2Silicon/journal_phase/dafny_to_rtl_pipeline/generated_python_raw/gpt-5.1-codex-max/Dafny_471,/u/mjha1/Proof2Silicon/journal_phase/dafny_to_rtl_pipeline/generated_python_raw/gpt-5.1-codex-max/Dafny_471-py,/u/mjha1/Proof2Silicon/journal_phase/dafny_to_rtl_pipeline/generated_python_raw/gpt-5.1-codex-max/Dafny_471-py/module_.py,/u/mjha1/Proof2Silicon/journal_phase/dafny_to_rtl_pipeline/generated_python/gpt-5.1-codex-max/Dafny_471.py,0,True,0.773,/u/mjha1/Proof2Silicon/journal_phase/dafny_to_rtl_pipeline/logs/dafny_to_python/gpt-5.1-codex-max/Dafny_471.log
gpt-5.1-codex-max,Dafny_475,False,/u/mjha1/Proof2Silicon/journal_phase/dafny_to_rtl_pipeline/dafny_outputs/gpt-5.1-codex-max/Dafny_475.dfy,/u/mjha1/Proof2Silicon/journal_phase/dafny_to_rtl_pipeline/generated_python_raw/gpt-5.1-codex-max/Dafny_475,/u/mjha1/Proof2Silicon/journal_phase/dafny_to_rtl_pipeline/generated_python_raw/gpt-5.1-codex-max/Dafny_475-py,/u/mjha1/Proof2Silicon/journal_phase/dafny_to_rtl_pipeline/generated_python_raw/gpt-5.1-codex-max/Dafny_475-py/module_.py,/u/mjha1/Proof2Silicon/journal_phase/dafny_to_rtl_pipeline/generated_python/gpt-5.1-codex-max/Dafny_475.py,0,True,0.819,/u/mjha1/Proof2Silicon/journal_phase/dafny_to_rtl_pipeline/logs/dafny_to_python/gpt-5.1-codex-max/Dafny_475.log
gpt-5.1-codex-max,Dafny_481,False,/u/mjha1/Proof2Silicon/journal_phase/dafny_to_rtl_pipeline/dafny_outputs/gpt-5.1-codex-max/Dafny_481.dfy,/u/mjha1/Proof2Silicon/journal_phase/dafny_to_rtl_pipeline/generated_python_raw/gpt-5.1-codex-max/Dafny_481,/u/mjha1/Proof2Silicon/journal_phase/dafny_to_rtl_pipeline/generated_python_raw/gpt-5.1-codex-max/Dafny_481-py,/u/mjha1/Proof2Silicon/journal_phase/dafny_to_rtl_pipeline/generated_python_raw/gpt-5.1-codex-max/Dafny_481-py/module_.py,/u/mjha1/Proof2Silicon/journal_phase/dafny_to_rtl_pipeline/generated_python/gpt-5.1-codex-max/Dafny_481.py,0,True,0.796,/u/mjha1/Proof2Silicon/journal_phase/dafny_to_rtl_pipeline/logs/dafny_to_python/gpt-5.1-codex-max/Dafny_481.log
gpt-5.1-codex-max,Dafny_484,False,/u/mjha1/Proof2Silicon/journal_phase/dafny_to_rtl_pipeline/dafny_outputs/gpt-5.1-codex-max/Dafny_484.dfy,/u/mjha1/Proof2Silicon/journal_phase/dafny_to_rtl_pipeline/generated_python_raw/gpt-5.1-codex-max/Dafny_484,/u/mjha1/Proof2Silicon/journal_phase/dafny_to_rtl_pipeline/generated_python_raw/gpt-5.1-codex-max/Dafny_484-py,/u/mjha1/Proof2Silicon/journal_phase/dafny_to_rtl_pipeline/generated_python_raw/gpt-5.1-codex-max/Dafny_484-py/module_.py,/u/mjha1/Proof2Silicon/journal_phase/dafny_to_rtl_pipeline/generated_python/gpt-5.1-codex-max/Dafny_484.py,0,True,0.922,/u/mjha1/Proof2Silicon/journal_phase/dafny_to_rtl_pipeline/logs/dafny_to_python/gpt-5.1-codex-max/Dafny_484.log
gpt-5.1-codex-max,Dafny_488_firstverified,True,/u/mjha1/Proof2Silicon/journal_phase/dafny_to_rtl_pipeline/dafny_outputs/gpt-5.1-codex-max/Dafny_488_firstverified.dfy,/u/mjha1/Proof2Silicon/journal_phase/dafny_to_rtl_pipeline/generated_python_raw/gpt-5.1-codex-max/Dafny_488_firstverified,/u/mjha1/Proof2Silicon/journal_phase/dafny_to_rtl_pipeline/generated_python_raw/gpt-5.1-codex-max/Dafny_488_firstverified-py,/u/mjha1/Proof2Silicon/journal_phase/dafny_to_rtl_pipeline/generated_python_raw/gpt-5.1-codex-max/Dafny_488_firstverified-py/module_.py,/u/mjha1/Proof2Silicon/journal_phase/dafny_to_rtl_pipeline/generated_python/gpt-5.1-codex-max/Dafny_488_firstverified.py,0,True,0.897,/u/mjha1/Proof2Silicon/journal_phase/dafny_to_rtl_pipeline/logs/dafny_to_python/gpt-5.1-codex-max/Dafny_488_firstverified.log
gpt-5.1-codex-max,Dafny_500,False,/u/mjha1/Proof2Silicon/journal_phase/dafny_to_rtl_pipeline/dafny_outputs/gpt-5.1-codex-max/Dafny_500.dfy,/u/mjha1/Proof2Silicon/journal_phase/dafny_to_rtl_pipeline/generated_python_raw/gpt-5.1-codex-max/Dafny_500,/u/mjha1/Proof2Silicon/journal_phase/dafny_to_rtl_pipeline/generated_python_raw/gpt-5.1-codex-max/Dafny_500-py,/u/mjha1/Proof2Silicon/journal_phase/dafny_to_rtl_pipeline/generated_python_raw/gpt-5.1-codex-max/Dafny_500-py/module_.py,/u/mjha1/Proof2Silicon/journal_phase/dafny_to_rtl_pipeline/generated_python/gpt-5.1-codex-max/Dafny_500.py,0,True,0.806,/u/mjha1/Proof2Silicon/journal_phase/dafny_to_rtl_pipeline/logs/dafny_to_python/gpt-5.1-codex-max/Dafny_500.log
gpt-5.1-codex-max,Dafny_501_firstverified,True,/u/mjha1/Proof2Silicon/journal_phase/dafny_to_rtl_pipeline/dafny_outputs/gpt-5.1-codex-max/Dafny_501_firstverified.dfy,/u/mjha1/Proof2Silicon/journal_phase/dafny_to_rtl_pipeline/generated_python_raw/gpt-5.1-codex-max/Dafny_501_firstverified,/u/mjha1/Proof2Silicon/journal_phase/dafny_to_rtl_pipeline/generated_python_raw/gpt-5.1-codex-max/Dafny_501_firstverified-py,/u/mjha1/Proof2Silicon/journal_phase/dafny_to_rtl_pipeline/generated_python_raw/gpt-5.1-codex-max/Dafny_501_firstverified-py/module_.py,/u/mjha1/Proof2Silicon/journal_phase/dafny_to_rtl_pipeline/generated_python/gpt-5.1-codex-max/Dafny_501_firstverified.py,0,True,0.867,/u/mjha1/Proof2Silicon/journal_phase/dafny_to_rtl_pipeline/logs/dafny_to_python/gpt-5.1-codex-max/Dafny_501_firstverified.log
gpt-5.1-codex-max,Dafny_502,False,/u/mjha1/Proof2Silicon/journal_phase/dafny_to_rtl_pipeline/dafny_outputs/gpt-5.1-codex-max/Dafny_502.dfy,/u/mjha1/Proof2Silicon/journal_phase/dafny_to_rtl_pipeline/generated_python_raw/gpt-5.1-codex-max/Dafny_502,/u/mjha1/Proof2Silicon/journal_phase/dafny_to_rtl_pipeline/generated_python_raw/gpt-5.1-codex-max/Dafny_502-py,/u/mjha1/Proof2Silicon/journal_phase/dafny_to_rtl_pipeline/generated_python_raw/gpt-5.1-codex-max/Dafny_502-py/module_.py,/u/mjha1/Proof2Silicon/journal_phase/dafny_to_rtl_pipeline/generated_python/gpt-5.1-codex-max/Dafny_502.py,0,True,0.833,/u/mjha1/Proof2Silicon/journal_phase/dafny_to_rtl_pipeline/logs/dafny_to_python/gpt-5.1-codex-max/Dafny_502.log
gpt-5.1-codex-max,Dafny_503_firstverified,True,/u/mjha1/Proof2Silicon/journal_phase/dafny_to_rtl_pipeline/dafny_outputs/gpt-5.1-codex-max/Dafny_503_firstverified.dfy,/u/mjha1/Proof2Silicon/journal_phase/dafny_to_rtl_pipeline/generated_python_raw/gpt-5.1-codex-max/Dafny_503_firstverified,/u/mjha1/Proof2Silicon/journal_phase/dafny_to_rtl_pipeline/generated_python_raw/gpt-5.1-codex-max/Dafny_503_firstverified-py,/u/mjha1/Proof2Silicon/journal_phase/dafny_to_rtl_pipeline/generated_python_raw/gpt-5.1-codex-max/Dafny_503_firstverified-py/module_.py,/u/mjha1/Proof2Silicon/journal_phase/dafny_to_rtl_pipeline/generated_python/gpt-5.1-codex-max/Dafny_503_firstverified.py,0,True,0.718,/u/mjha1/Proof2Silicon/journal_phase/dafny_to_rtl_pipeline/logs/dafny_to_python/gpt-5.1-codex-max/Dafny_503_firstverified.log
gpt-5.1-codex-max,Dafny_505_firstverified,True,/u/mjha1/Proof2Silicon/journal_phase/dafny_to_rtl_pipeline/dafny_outputs/gpt-5.1-codex-max/Dafny_505_firstverified.dfy,/u/mjha1/Proof2Silicon/journal_phase/dafny_to_rtl_pipeline/generated_python_raw/gpt-5.1-codex-max/Dafny_505_firstverified,/u/mjha1/Proof2Silicon/journal_phase/dafny_to_rtl_pipeline/generated_python_raw/gpt-5.1-codex-max/Dafny_505_firstverified-py,/u/mjha1/Proof2Silicon/journal_phase/dafny_to_rtl_pipeline/generated_python_raw/gpt-5.1-codex-max/Dafny_505_firstverified-py/module_.py,/u/mjha1/Proof2Silicon/journal_phase/dafny_to_rtl_pipeline/generated_python/gpt-5.1-codex-max/Dafny_505_firstverified.py,0,True,0.774,/u/mjha1/Proof2Silicon/journal_phase/dafny_to_rtl_pipeline/logs/dafny_to_python/gpt-5.1-codex-max/Dafny_505_firstverified.log
gpt-5.1-codex-max,Dafny_510,False,/u/mjha1/Proof2Silicon/journal_phase/dafny_to_rtl_pipeline/dafny_outputs/gpt-5.1-codex-max/Dafny_510.dfy,/u/mjha1/Proof2Silicon/journal_phase/dafny_to_rtl_pipeline/generated_python_raw/gpt-5.1-codex-max/Dafny_510,/u/mjha1/Proof2Silicon/journal_phase/dafny_to_rtl_pipeline/generated_python_raw/gpt-5.1-codex-max/Dafny_510-py,/u/mjha1/Proof2Silicon/journal_phase/dafny_to_rtl_pipeline/generated_python_raw/gpt-5.1-codex-max/Dafny_510-py/module_.py,/u/mjha1/Proof2Silicon/journal_phase/dafny_to_rtl_pipeline/generated_python/gpt-5.1-codex-max/Dafny_510.py,0,True,0.807,/u/mjha1/Proof2Silicon/journal_phase/dafny_to_rtl_pipeline/logs/dafny_to_python/gpt-5.1-codex-max/Dafny_510.log
gpt-5.1-codex-max,Dafny_512,False,/u/mjha1/Proof2Silicon/journal_phase/dafny_to_rtl_pipeline/dafny_outputs/gpt-5.1-codex-max/Dafny_512.dfy,/u/mjha1/Proof2Silicon/journal_phase/dafny_to_rtl_pipeline/generated_python_raw/gpt-5.1-codex-max/Dafny_512,/u/mjha1/Proof2Silicon/journal_phase/dafny_to_rtl_pipeline/generated_python_raw/gpt-5.1-codex-max/Dafny_512-py,/u/mjha1/Proof2Silicon/journal_phase/dafny_to_rtl_pipeline/generated_python_raw/gpt-5.1-codex-max/Dafny_512-py/module_.py,/u/mjha1/Proof2Silicon/journal_phase/dafny_to_rtl_pipeline/generated_python/gpt-5.1-codex-max/Dafny_512.py,0,True,0.881,/u/mjha1/Proof2Silicon/journal_phase/dafny_to_rtl_pipeline/logs/dafny_to_python/gpt-5.1-codex-max/Dafny_512.log
gpt-5.1-codex-max,Dafny_518,False,/u/mjha1/Proof2Silicon/journal_phase/dafny_to_rtl_pipeline/dafny_outputs/gpt-5.1-codex-max/Dafny_518.dfy,/u/mjha1/Proof2Silicon/journal_phase/dafny_to_rtl_pipeline/generated_python_raw/gpt-5.1-codex-max/Dafny_518,/u/mjha1/Proof2Silicon/journal_phase/dafny_to_rtl_pipeline/generated_python_raw/gpt-5.1-codex-max/Dafny_518-py,/u/mjha1/Proof2Silicon/journal_phase/dafny_to_rtl_pipeline/generated_python_raw/gpt-5.1-codex-max/Dafny_518-py/module_.py,/u/mjha1/Proof2Silicon/journal_phase/dafny_to_rtl_pipeline/generated_python/gpt-5.1-codex-max/Dafny_518.py,0,True,0.728,/u/mjha1/Proof2Silicon/journal_phase/dafny_to_rtl_pipeline/logs/dafny_to_python/gpt-5.1-codex-max/Dafny_518.log
gpt-5.1-codex-max,Dafny_531,False,/u/mjha1/Proof2Silicon/journal_phase/dafny_to_rtl_pipeline/dafny_outputs/gpt-5.1-codex-max/Dafny_531.dfy,/u/mjha1/Proof2Silicon/journal_phase/dafny_to_rtl_pipeline/generated_python_raw/gpt-5.1-codex-max/Dafny_531,/u/mjha1/Proof2Silicon/journal_phase/dafny_to_rtl_pipeline/generated_python_raw/gpt-5.1-codex-max/Dafny_531-py,/u/mjha1/Proof2Silicon/journal_phase/dafny_to_rtl_pipeline/generated_python_raw/gpt-5.1-codex-max/Dafny_531-py/module_.py,/u/mjha1/Proof2Silicon/journal_phase/dafny_to_rtl_pipeline/generated_python/gpt-5.1-codex-max/Dafny_531.py,0,True,0.831,/u/mjha1/Proof2Silicon/journal_phase/dafny_to_rtl_pipeline/logs/dafny_to_python/gpt-5.1-codex-max/Dafny_531.log
gpt-5.1-codex-max,Dafny_536,False,/u/mjha1/Proof2Silicon/journal_phase/dafny_to_rtl_pipeline/dafny_outputs/gpt-5.1-codex-max/Dafny_536.dfy,/u/mjha1/Proof2Silicon/journal_phase/dafny_to_rtl_pipeline/generated_python_raw/gpt-5.1-codex-max/Dafny_536,/u/mjha1/Proof2Silicon/journal_phase/dafny_to_rtl_pipeline/generated_python_raw/gpt-5.1-codex-max/Dafny_536-py,/u/mjha1/Proof2Silicon/journal_phase/dafny_to_rtl_pipeline/generated_python_raw/gpt-5.1-codex-max/Dafny_536-py/module_.py,/u/mjha1/Proof2Silicon/journal_phase/dafny_to_rtl_pipeline/generated_python/gpt-5.1-codex-max/Dafny_536.py,0,True,0.787,/u/mjha1/Proof2Silicon/journal_phase/dafny_to_rtl_pipeline/logs/dafny_to_python/gpt-5.1-codex-max/Dafny_536.log
gpt-5.1-codex-max,Dafny_537,False,/u/mjha1/Proof2Silicon/journal_phase/dafny_to_rtl_pipeline/dafny_outputs/gpt-5.1-codex-max/Dafny_537.dfy,/u/mjha1/Proof2Silicon/journal_phase/dafny_to_rtl_pipeline/generated_python_raw/gpt-5.1-codex-max/Dafny_537,/u/mjha1/Proof2Silicon/journal_phase/dafny_to_rtl_pipeline/generated_python_raw/gpt-5.1-codex-max/Dafny_537-py,/u/mjha1/Proof2Silicon/journal_phase/dafny_to_rtl_pipeline/generated_python_raw/gpt-5.1-codex-max/Dafny_537-py/module_.py,/u/mjha1/Proof2Silicon/journal_phase/dafny_to_rtl_pipeline/generated_python/gpt-5.1-codex-max/Dafny_537.py,0,True,0.815,/u/mjha1/Proof2Silicon/journal_phase/dafny_to_rtl_pipeline/logs/dafny_to_python/gpt-5.1-codex-max/Dafny_537.log
gpt-5.1-codex-max,Dafny_539_firstverified,True,/u/mjha1/Proof2Silicon/journal_phase/dafny_to_rtl_pipeline/dafny_outputs/gpt-5.1-codex-max/Dafny_539_firstverified.dfy,/u/mjha1/Proof2Silicon/journal_phase/dafny_to_rtl_pipeline/generated_python_raw/gpt-5.1-codex-max/Dafny_539_firstverified,/u/mjha1/Proof2Silicon/journal_phase/dafny_to_rtl_pipeline/generated_python_raw/gpt-5.1-codex-max/Dafny_539_firstverified-py,/u/mjha1/Proof2Silicon/journal_phase/dafny_to_rtl_pipeline/generated_python_raw/gpt-5.1-codex-max/Dafny_539_firstverified-py/module_.py,/u/mjha1/Proof2Silicon/journal_phase/dafny_to_rtl_pipeline/generated_python/gpt-5.1-codex-max/Dafny_539_firstverified.py,0,True,0.854,/u/mjha1/Proof2Silicon/journal_phase/dafny_to_rtl_pipeline/logs/dafny_to_python/gpt-5.1-codex-max/Dafny_539_firstverified.log
gpt-5.1-codex-max,Dafny_542_firstverified,True,/u/mjha1/Proof2Silicon/journal_phase/dafny_to_rtl_pipeline/dafny_outputs/gpt-5.1-codex-max/Dafny_542_firstverified.dfy,/u/mjha1/Proof2Silicon/journal_phase/dafny_to_rtl_pipeline/generated_python_raw/gpt-5.1-codex-max/Dafny_542_firstverified,/u/mjha1/Proof2Silicon/journal_phase/dafny_to_rtl_pipeline/generated_python_raw/gpt-5.1-codex-max/Dafny_542_firstverified-py,/u/mjha1/Proof2Silicon/journal_phase/dafny_to_rtl_pipeline/generated_python_raw/gpt-5.1-codex-max/Dafny_542_firstverified-py/module_.py,/u/mjha1/Proof2Silicon/journal_phase/dafny_to_rtl_pipeline/generated_python/gpt-5.1-codex-max/Dafny_542_firstverified.py,0,True,0.728,/u/mjha1/Proof2Silicon/journal_phase/dafny_to_rtl_pipeline/logs/dafny_to_python/gpt-5.1-codex-max/Dafny_542_firstverified.log
gpt-5.1-codex-max,Dafny_546,False,/u/mjha1/Proof2Silicon/journal_phase/dafny_to_rtl_pipeline/dafny_outputs/gpt-5.1-codex-max/Dafny_546.dfy,/u/mjha1/Proof2Silicon/journal_phase/dafny_to_rtl_pipeline/generated_python_raw/gpt-5.1-codex-max/Dafny_546,/u/mjha1/Proof2Silicon/journal_phase/dafny_to_rtl_pipeline/generated_python_raw/gpt-5.1-codex-max/Dafny_546-py,/u/mjha1/Proof2Silicon/journal_phase/dafny_to_rtl_pipeline/generated_python_raw/gpt-5.1-codex-max/Dafny_546-py/module_.py,/u/mjha1/Proof2Silicon/journal_phase/dafny_to_rtl_pipeline/generated_python/gpt-5.1-codex-max/Dafny_546.py,0,True,0.795,/u/mjha1/Proof2Silicon/journal_phase/dafny_to_rtl_pipeline/logs/dafny_to_python/gpt-5.1-codex-max/Dafny_546.log
gpt-5.1-codex-max,Dafny_554_firstverified,True,/u/mjha1/Proof2Silicon/journal_phase/dafny_to_rtl_pipeline/dafny_outputs/gpt-5.1-codex-max/Dafny_554_firstverified.dfy,/u/mjha1/Proof2Silicon/journal_phase/dafny_to_rtl_pipeline/generated_python_raw/gpt-5.1-codex-max/Dafny_554_firstverified,/u/mjha1/Proof2Silicon/journal_phase/dafny_to_rtl_pipeline/generated_python_raw/gpt-5.1-codex-max/Dafny_554_firstverified-py,/u/mjha1/Proof2Silicon/journal_phase/dafny_to_rtl_pipeline/generated_python_raw/gpt-5.1-codex-max/Dafny_554_firstverified-py/module_.py,/u/mjha1/Proof2Silicon/journal_phase/dafny_to_rtl_pipeline/generated_python/gpt-5.1-codex-max/Dafny_554_firstverified.py,0,True,0.906,/u/mjha1/Proof2Silicon/journal_phase/dafny_to_rtl_pipeline/logs/dafny_to_python/gpt-5.1-codex-max/Dafny_554_firstverified.log
gpt-5.1-codex-max,Dafny_555_firstverified,True,/u/mjha1/Proof2Silicon/journal_phase/dafny_to_rtl_pipeline/dafny_outputs/gpt-5.1-codex-max/Dafny_555_firstverified.dfy,/u/mjha1/Proof2Silicon/journal_phase/dafny_to_rtl_pipeline/generated_python_raw/gpt-5.1-codex-max/Dafny_555_firstverified,/u/mjha1/Proof2Silicon/journal_phase/dafny_to_rtl_pipeline/generated_python_raw/gpt-5.1-codex-max/Dafny_555_firstverified-py,/u/mjha1/Proof2Silicon/journal_phase/dafny_to_rtl_pipeline/generated_python_raw/gpt-5.1-codex-max/Dafny_555_firstverified-py/module_.py,/u/mjha1/Proof2Silicon/journal_phase/dafny_to_rtl_pipeline/generated_python/gpt-5.1-codex-max/Dafny_555_firstverified.py,0,True,0.728,/u/mjha1/Proof2Silicon/journal_phase/dafny_to_rtl_pipeline/logs/dafny_to_python/gpt-5.1-codex-max/Dafny_555_firstverified.log
gpt-5.1-codex-max,Dafny_556,False,/u/mjha1/Proof2Silicon/journal_phase/dafny_to_rtl_pipeline/dafny_outputs/gpt-5.1-codex-max/Dafny_556.dfy,/u/mjha1/Proof2Silicon/journal_phase/dafny_to_rtl_pipeline/generated_python_raw/gpt-5.1-codex-max/Dafny_556,/u/mjha1/Proof2Silicon/journal_phase/dafny_to_rtl_pipeline/generated_python_raw/gpt-5.1-codex-max/Dafny_556-py,/u/mjha1/Proof2Silicon/journal_phase/dafny_to_rtl_pipeline/generated_python_raw/gpt-5.1-codex-max/Dafny_556-py/module_.py,/u/mjha1/Proof2Silicon/journal_phase/dafny_to_rtl_pipeline/generated_python/gpt-5.1-codex-max/Dafny_556.py,0,True,0.789,/u/mjha1/Proof2Silicon/journal_phase/dafny_to_rtl_pipeline/logs/dafny_to_python/gpt-5.1-codex-max/Dafny_556.log
gpt-5.1-codex-max,Dafny_573_firstverified,True,/u/mjha1/Proof2Silicon/journal_phase/dafny_to_rtl_pipeline/dafny_outputs/gpt-5.1-codex-max/Dafny_573_firstverified.dfy,/u/mjha1/Proof2Silicon/journal_phase/dafny_to_rtl_pipeline/generated_python_raw/gpt-5.1-codex-max/Dafny_573_firstverified,/u/mjha1/Proof2Silicon/journal_phase/dafny_to_rtl_pipeline/generated_python_raw/gpt-5.1-codex-max/Dafny_573_firstverified-py,/u/mjha1/Proof2Silicon/journal_phase/dafny_to_rtl_pipeline/generated_python_raw/gpt-5.1-codex-max/Dafny_573_firstverified-py/module_.py,/u/mjha1/Proof2Silicon/journal_phase/dafny_to_rtl_pipeline/generated_python/gpt-5.1-codex-max/Dafny_573_firstverified.py,0,True,0.629,/u/mjha1/Proof2Silicon/journal_phase/dafny_to_rtl_pipeline/logs/dafny_to_python/gpt-5.1-codex-max/Dafny_573_firstverified.log
gpt-5.1-codex-max,Dafny_62_firstverified,True,/u/mjha1/Proof2Silicon/journal_phase/dafny_to_rtl_pipeline/dafny_outputs/gpt-5.1-codex-max/Dafny_62_firstverified.dfy,/u/mjha1/Proof2Silicon/journal_phase/dafny_to_rtl_pipeline/generated_python_raw/gpt-5.1-codex-max/Dafny_62_firstverified,/u/mjha1/Proof2Silicon/journal_phase/dafny_to_rtl_pipeline/generated_python_raw/gpt-5.1-codex-max/Dafny_62_firstverified-py,/u/mjha1/Proof2Silicon/journal_phase/dafny_to_rtl_pipeline/generated_python_raw/gpt-5.1-codex-max/Dafny_62_firstverified-py/module_.py,/u/mjha1/Proof2Silicon/journal_phase/dafny_to_rtl_pipeline/generated_python/gpt-5.1-codex-max/Dafny_62_firstverified.py,0,True,0.782,/u/mjha1/Proof2Silicon/journal_phase/dafny_to_rtl_pipeline/logs/dafny_to_python/gpt-5.1-codex-max/Dafny_62_firstverified.log
gpt-5.1-codex-max,Dafny_64_firstverified,True,/u/mjha1/Proof2Silicon/journal_phase/dafny_to_rtl_pipeline/dafny_outputs/gpt-5.1-codex-max/Dafny_64_firstverified.dfy,/u/mjha1/Proof2Silicon/journal_phase/dafny_to_rtl_pipeline/generated_python_raw/gpt-5.1-codex-max/Dafny_64_firstverified,/u/mjha1/Proof2Silicon/journal_phase/dafny_to_rtl_pipeline/generated_python_raw/gpt-5.1-codex-max/Dafny_64_firstverified-py,/u/mjha1/Proof2Silicon/journal_phase/dafny_to_rtl_pipeline/generated_python_raw/gpt-5.1-codex-max/Dafny_64_firstverified-py/module_.py,/u/mjha1/Proof2Silicon/journal_phase/dafny_to_rtl_pipeline/generated_python/gpt-5.1-codex-max/Dafny_64_firstverified.py,0,True,0.774,/u/mjha1/Proof2Silicon/journal_phase/dafny_to_rtl_pipeline/logs/dafny_to_python/gpt-5.1-codex-max/Dafny_64_firstverified.log
gpt-5.1-codex-max,Dafny_65,False,/u/mjha1/Proof2Silicon/journal_phase/dafny_to_rtl_pipeline/dafny_outputs/gpt-5.1-codex-max/Dafny_65.dfy,/u/mjha1/Proof2Silicon/journal_phase/dafny_to_rtl_pipeline/generated_python_raw/gpt-5.1-codex-max/Dafny_65,/u/mjha1/Proof2Silicon/journal_phase/dafny_to_rtl_pipeline/generated_python_raw/gpt-5.1-codex-max/Dafny_65-py,/u/mjha1/Proof2Silicon/journal_phase/dafny_to_rtl_pipeline/generated_python_raw/gpt-5.1-codex-max/Dafny_65-py/module_.py,/u/mjha1/Proof2Silicon/journal_phase/dafny_to_rtl_pipeline/generated_python/gpt-5.1-codex-max/Dafny_65.py,0,True,0.726,/u/mjha1/Proof2Silicon/journal_phase/dafny_to_rtl_pipeline/logs/dafny_to_python/gpt-5.1-codex-max/Dafny_65.log
gpt-5.1-codex-max,Dafny_67,False,/u/mjha1/Proof2Silicon/journal_phase/dafny_to_rtl_pipeline/dafny_outputs/gpt-5.1-codex-max/Dafny_67.dfy,/u/mjha1/Proof2Silicon/journal_phase/dafny_to_rtl_pipeline/generated_python_raw/gpt-5.1-codex-max/Dafny_67,/u/mjha1/Proof2Silicon/journal_phase/dafny_to_rtl_pipeline/generated_python_raw/gpt-5.1-codex-max/Dafny_67-py,/u/mjha1/Proof2Silicon/journal_phase/dafny_to_rtl_pipeline/generated_python_raw/gpt-5.1-codex-max/Dafny_67-py/module_.py,/u/mjha1/Proof2Silicon/journal_phase/dafny_to_rtl_pipeline/generated_python/gpt-5.1-codex-max/Dafny_67.py,0,True,0.763,/u/mjha1/Proof2Silicon/journal_phase/dafny_to_rtl_pipeline/logs/dafny_to_python/gpt-5.1-codex-max/Dafny_67.log
gpt-5.1-codex-max,Dafny_71,False,/u/mjha1/Proof2Silicon/journal_phase/dafny_to_rtl_pipeline/dafny_outputs/gpt-5.1-codex-max/Dafny_71.dfy,/u/mjha1/Proof2Silicon/journal_phase/dafny_to_rtl_pipeline/generated_python_raw/gpt-5.1-codex-max/Dafny_71,/u/mjha1/Proof2Silicon/journal_phase/dafny_to_rtl_pipeline/generated_python_raw/gpt-5.1-codex-max/Dafny_71-py,/u/mjha1/Proof2Silicon/journal_phase/dafny_to_rtl_pipeline/generated_python_raw/gpt-5.1-codex-max/Dafny_71-py/module_.py,/u/mjha1/Proof2Silicon/journal_phase/dafny_to_rtl_pipeline/generated_python/gpt-5.1-codex-max/Dafny_71.py,0,True,0.828,/u/mjha1/Proof2Silicon/journal_phase/dafny_to_rtl_pipeline/logs/dafny_to_python/gpt-5.1-codex-max/Dafny_71.log
gpt-5.1-codex-max,Dafny_78,False,/u/mjha1/Proof2Silicon/journal_phase/dafny_to_rtl_pipeline/dafny_outputs/gpt-5.1-codex-max/Dafny_78.dfy,/u/mjha1/Proof2Silicon/journal_phase/dafny_to_rtl_pipeline/generated_python_raw/gpt-5.1-codex-max/Dafny_78,/u/mjha1/Proof2Silicon/journal_phase/dafny_to_rtl_pipeline/generated_python_raw/gpt-5.1-codex-max/Dafny_78-py,/u/mjha1/Proof2Silicon/journal_phase/dafny_to_rtl_pipeline/generated_python_raw/gpt-5.1-codex-max/Dafny_78-py/module_.py,/u/mjha1/Proof2Silicon/journal_phase/dafny_to_rtl_pipeline/generated_python/gpt-5.1-codex-max/Dafny_78.py,0,True,0.759,/u/mjha1/Proof2Silicon/journal_phase/dafny_to_rtl_pipeline/logs/dafny_to_python/gpt-5.1-codex-max/Dafny_78.log
gpt-5.1-codex-max,Dafny_91_firstverified,True,/u/mjha1/Proof2Silicon/journal_phase/dafny_to_rtl_pipeline/dafny_outputs/gpt-5.1-codex-max/Dafny_91_firstverified.dfy,/u/mjha1/Proof2Silicon/journal_phase/dafny_to_rtl_pipeline/generated_python_raw/gpt-5.1-codex-max/Dafny_91_firstverified,/u/mjha1/Proof2Silicon/journal_phase/dafny_to_rtl_pipeline/generated_python_raw/gpt-5.1-codex-max/Dafny_91_firstverified-py,/u/mjha1/Proof2Silicon/journal_phase/dafny_to_rtl_pipeline/generated_python_raw/gpt-5.1-codex-max/Dafny_91_firstverified-py/module_.py,/u/mjha1/Proof2Silicon/journal_phase/dafny_to_rtl_pipeline/generated_python/gpt-5.1-codex-max/Dafny_91_firstverified.py,0,True,0.864,/u/mjha1/Proof2Silicon/journal_phase/dafny_to_rtl_pipeline/logs/dafny_to_python/gpt-5.1-codex-max/Dafny_91_firstverified.log
gpt-5.1-codex-max,Dafny_96,False,/u/mjha1/Proof2Silicon/journal_phase/dafny_to_rtl_pipeline/dafny_outputs/gpt-5.1-codex-max/Dafny_96.dfy,/u/mjha1/Proof2Silicon/journal_phase/dafny_to_rtl_pipeline/generated_python_raw/gpt-5.1-codex-max/Dafny_96,/u/mjha1/Proof2Silicon/journal_phase/dafny_to_rtl_pipeline/generated_python_raw/gpt-5.1-codex-max/Dafny_96-py,/u/mjha1/Proof2Silicon/journal_phase/dafny_to_rtl_pipeline/generated_python_raw/gpt-5.1-codex-max/Dafny_96-py/module_.py,/u/mjha1/Proof2Silicon/journal_phase/dafny_to_rtl_pipeline/generated_python/gpt-5.1-codex-max/Dafny_96.py,0,True,0.91,/u/mjha1/Proof2Silicon/journal_phase/dafny_to_rtl_pipeline/logs/dafny_to_python/gpt-5.1-codex-max/Dafny_96.log
gpt-5.3-codex,Dafny_104,False,/u/mjha1/Proof2Silicon/journal_phase/dafny_to_rtl_pipeline/dafny_outputs/gpt-5.3-codex/Dafny_104.dfy,/u/mjha1/Proof2Silicon/journal_phase/dafny_to_rtl_pipeline/generated_python_raw/gpt-5.3-codex/Dafny_104,/u/mjha1/Proof2Silicon/journal_phase/dafny_to_rtl_pipeline/generated_python_raw/gpt-5.3-codex/Dafny_104-py,/u/mjha1/Proof2Silicon/journal_phase/dafny_to_rtl_pipeline/generated_python_raw/gpt-5.3-codex/Dafny_104-py/module_.py,/u/mjha1/Proof2Silicon/journal_phase/dafny_to_rtl_pipeline/generated_python/gpt-5.3-codex/Dafny_104.py,0,True,0.782,/u/mjha1/Proof2Silicon/journal_phase/dafny_to_rtl_pipeline/logs/dafny_to_python/gpt-5.3-codex/Dafny_104.log
gpt-5.3-codex,Dafny_107,False,/u/mjha1/Proof2Silicon/journal_phase/dafny_to_rtl_pipeline/dafny_outputs/gpt-5.3-codex/Dafny_107.dfy,/u/mjha1/Proof2Silicon/journal_phase/dafny_to_rtl_pipeline/generated_python_raw/gpt-5.3-codex/Dafny_107,/u/mjha1/Proof2Silicon/journal_phase/dafny_to_rtl_pipeline/generated_python_raw/gpt-5.3-codex/Dafny_107-py,/u/mjha1/Proof2Silicon/journal_phase/dafny_to_rtl_pipeline/generated_python_raw/gpt-5.3-codex/Dafny_107-py/module_.py,/u/mjha1/Proof2Silicon/journal_phase/dafny_to_rtl_pipeline/generated_python/gpt-5.3-codex/Dafny_107.py,0,True,0.765,/u/mjha1/Proof2Silicon/journal_phase/dafny_to_rtl_pipeline/logs/dafny_to_python/gpt-5.3-codex/Dafny_107.log
gpt-5.3-codex,Dafny_114,False,/u/mjha1/Proof2Silicon/journal_phase/dafny_to_rtl_pipeline/dafny_outputs/gpt-5.3-codex/Dafny_114.dfy,/u/mjha1/Proof2Silicon/journal_phase/dafny_to_rtl_pipeline/generated_python_raw/gpt-5.3-codex/Dafny_114,/u/mjha1/Proof2Silicon/journal_phase/dafny_to_rtl_pipeline/generated_python_raw/gpt-5.3-codex/Dafny_114-py,/u/mjha1/Proof2Silicon/journal_phase/dafny_to_rtl_pipeline/generated_python_raw/gpt-5.3-codex/Dafny_114-py/module_.py,/u/mjha1/Proof2Silicon/journal_phase/dafny_to_rtl_pipeline/generated_python/gpt-5.3-codex/Dafny_114.py,0,True,0.793,/u/mjha1/Proof2Silicon/journal_phase/dafny_to_rtl_pipeline/logs/dafny_to_python/gpt-5.3-codex/Dafny_114.log
gpt-5.3-codex,Dafny_120_firstverified,True,/u/mjha1/Proof2Silicon/journal_phase/dafny_to_rtl_pipeline/dafny_outputs/gpt-5.3-codex/Dafny_120_firstverified.dfy,/u/mjha1/Proof2Silicon/journal_phase/dafny_to_rtl_pipeline/generated_python_raw/gpt-5.3-codex/Dafny_120_firstverified,/u/mjha1/Proof2Silicon/journal_phase/dafny_to_rtl_pipeline/generated_python_raw/gpt-5.3-codex/Dafny_120_firstverified-py,/u/mjha1/Proof2Silicon/journal_phase/dafny_to_rtl_pipeline/generated_python_raw/gpt-5.3-codex/Dafny_120_firstverified-py/module_.py,/u/mjha1/Proof2Silicon/journal_phase/dafny_to_rtl_pipeline/generated_python/gpt-5.3-codex/Dafny_120_firstverified.py,0,True,0.8,/u/mjha1/Proof2Silicon/journal_phase/dafny_to_rtl_pipeline/logs/dafny_to_python/gpt-5.3-codex/Dafny_120_firstverified.log
gpt-5.3-codex,Dafny_122_firstverified,True,/u/mjha1/Proof2Silicon/journal_phase/dafny_to_rtl_pipeline/dafny_outputs/gpt-5.3-codex/Dafny_122_firstverified.dfy,/u/mjha1/Proof2Silicon/journal_phase/dafny_to_rtl_pipeline/generated_python_raw/gpt-5.3-codex/Dafny_122_firstverified,/u/mjha1/Proof2Silicon/journal_phase/dafny_to_rtl_pipeline/generated_python_raw/gpt-5.3-codex/Dafny_122_firstverified-py,/u/mjha1/Proof2Silicon/journal_phase/dafny_to_rtl_pipeline/generated_python_raw/gpt-5.3-codex/Dafny_122_firstverified-py/module_.py,/u/mjha1/Proof2Silicon/journal_phase/dafny_to_rtl_pipeline/generated_python/gpt-5.3-codex/Dafny_122_firstverified.py,0,True,0.745,/u/mjha1/Proof2Silicon/journal_phase/dafny_to_rtl_pipeline/logs/dafny_to_python/gpt-5.3-codex/Dafny_122_firstverified.log
gpt-5.3-codex,Dafny_130_firstverified,True,/u/mjha1/Proof2Silicon/journal_phase/dafny_to_rtl_pipeline/dafny_outputs/gpt-5.3-codex/Dafny_130_firstverified.dfy,/u/mjha1/Proof2Silicon/journal_phase/dafny_to_rtl_pipeline/generated_python_raw/gpt-5.3-codex/Dafny_130_firstverified,/u/mjha1/Proof2Silicon/journal_phase/dafny_to_rtl_pipeline/generated_python_raw/gpt-5.3-codex/Dafny_130_firstverified-py,/u/mjha1/Proof2Silicon/journal_phase/dafny_to_rtl_pipeline/generated_python_raw/gpt-5.3-codex/Dafny_130_firstverified-py/module_.py,/u/mjha1/Proof2Silicon/journal_phase/dafny_to_rtl_pipeline/generated_python/gpt-5.3-codex/Dafny_130_firstverified.py,0,True,0.883,/u/mjha1/Proof2Silicon/journal_phase/dafny_to_rtl_pipeline/logs/dafny_to_python/gpt-5.3-codex/Dafny_130_firstverified.log
gpt-5.3-codex,Dafny_143,False,/u/mjha1/Proof2Silicon/journal_phase/dafny_to_rtl_pipeline/dafny_outputs/gpt-5.3-codex/Dafny_143.dfy,/u/mjha1/Proof2Silicon/journal_phase/dafny_to_rtl_pipeline/generated_python_raw/gpt-5.3-codex/Dafny_143,/u/mjha1/Proof2Silicon/journal_phase/dafny_to_rtl_pipeline/generated_python_raw/gpt-5.3-codex/Dafny_143-py,/u/mjha1/Proof2Silicon/journal_phase/dafny_to_rtl_pipeline/generated_python_raw/gpt-5.3-codex/Dafny_143-py/module_.py,/u/mjha1/Proof2Silicon/journal_phase/dafny_to_rtl_pipeline/generated_python/gpt-5.3-codex/Dafny_143.py,0,True,0.769,/u/mjha1/Proof2Silicon/journal_phase/dafny_to_rtl_pipeline/logs/dafny_to_python/gpt-5.3-codex/Dafny_143.log
gpt-5.3-codex,Dafny_155,False,/u/mjha1/Proof2Silicon/journal_phase/dafny_to_rtl_pipeline/dafny_outputs/gpt-5.3-codex/Dafny_155.dfy,/u/mjha1/Proof2Silicon/journal_phase/dafny_to_rtl_pipeline/generated_python_raw/gpt-5.3-codex/Dafny_155,/u/mjha1/Proof2Silicon/journal_phase/dafny_to_rtl_pipeline/generated_python_raw/gpt-5.3-codex/Dafny_155-py,/u/mjha1/Proof2Silicon/journal_phase/dafny_to_rtl_pipeline/generated_python_raw/gpt-5.3-codex/Dafny_155-py/module_.py,/u/mjha1/Proof2Silicon/journal_phase/dafny_to_rtl_pipeline/generated_python/gpt-5.3-codex/Dafny_155.py,0,True,0.783,/u/mjha1/Proof2Silicon/journal_phase/dafny_to_rtl_pipeline/logs/dafny_to_python/gpt-5.3-codex/Dafny_155.log
gpt-5.3-codex,Dafny_156_firstverified,True,/u/mjha1/Proof2Silicon/journal_phase/dafny_to_rtl_pipeline/dafny_outputs/gpt-5.3-codex/Dafny_156_firstverified.dfy,/u/mjha1/Proof2Silicon/journal_phase/dafny_to_rtl_pipeline/generated_python_raw/gpt-5.3-codex/Dafny_156_firstverified,/u/mjha1/Proof2Silicon/journal_phase/dafny_to_rtl_pipeline/generated_python_raw/gpt-5.3-codex/Dafny_156_firstverified-py,/u/mjha1/Proof2Silicon/journal_phase/dafny_to_rtl_pipeline/generated_python_raw/gpt-5.3-codex/Dafny_156_firstverified-py/module_.py,/u/mjha1/Proof2Silicon/journal_phase/dafny_to_rtl_pipeline/generated_python/gpt-5.3-codex/Dafny_156_firstverified.py,0,True,0.719,/u/mjha1/Proof2Silicon/journal_phase/dafny_to_rtl_pipeline/logs/dafny_to_python/gpt-5.3-codex/Dafny_156_firstverified.log
gpt-5.3-codex,Dafny_162_firstverified,True,/u/mjha1/Proof2Silicon/journal_phase/dafny_to_rtl_pipeline/dafny_outputs/gpt-5.3-codex/Dafny_162_firstverified.dfy,/u/mjha1/Proof2Silicon/journal_phase/dafny_to_rtl_pipeline/generated_python_raw/gpt-5.3-codex/Dafny_162_firstverified,/u/mjha1/Proof2Silicon/journal_phase/dafny_to_rtl_pipeline/generated_python_raw/gpt-5.3-codex/Dafny_162_firstverified-py,/u/mjha1/Proof2Silicon/journal_phase/dafny_to_rtl_pipeline/generated_python_raw/gpt-5.3-codex/Dafny_162_firstverified-py/module_.py,/u/mjha1/Proof2Silicon/journal_phase/dafny_to_rtl_pipeline/generated_python/gpt-5.3-codex/Dafny_162_firstverified.py,0,True,0.797,/u/mjha1/Proof2Silicon/journal_phase/dafny_to_rtl_pipeline/logs/dafny_to_python/gpt-5.3-codex/Dafny_162_firstverified.log
gpt-5.3-codex,Dafny_169_firstverified,True,/u/mjha1/Proof2Silicon/journal_phase/dafny_to_rtl_pipeline/dafny_outputs/gpt-5.3-codex/Dafny_169_firstverified.dfy,/u/mjha1/Proof2Silicon/journal_phase/dafny_to_rtl_pipeline/generated_python_raw/gpt-5.3-codex/Dafny_169_firstverified,/u/mjha1/Proof2Silicon/journal_phase/dafny_to_rtl_pipeline/generated_python_raw/gpt-5.3-codex/Dafny_169_firstverified-py,/u/mjha1/Proof2Silicon/journal_phase/dafny_to_rtl_pipeline/generated_python_raw/gpt-5.3-codex/Dafny_169_firstverified-py/module_.py,/u/mjha1/Proof2Silicon/journal_phase/dafny_to_rtl_pipeline/generated_python/gpt-5.3-codex/Dafny_169_firstverified.py,0,True,0.895,/u/mjha1/Proof2Silicon/journal_phase/dafny_to_rtl_pipeline/logs/dafny_to_python/gpt-5.3-codex/Dafny_169_firstverified.log
gpt-5.3-codex,Dafny_174_firstverified,True,/u/mjha1/Proof2Silicon/journal_phase/dafny_to_rtl_pipeline/dafny_outputs/gpt-5.3-codex/Dafny_174_firstverified.dfy,/u/mjha1/Proof2Silicon/journal_phase/dafny_to_rtl_pipeline/generated_python_raw/gpt-5.3-codex/Dafny_174_firstverified,/u/mjha1/Proof2Silicon/journal_phase/dafny_to_rtl_pipeline/generated_python_raw/gpt-5.3-codex/Dafny_174_firstverified-py,/u/mjha1/Proof2Silicon/journal_phase/dafny_to_rtl_pipeline/generated_python_raw/gpt-5.3-codex/Dafny_174_firstverified-py/module_.py,/u/mjha1/Proof2Silicon/journal_phase/dafny_to_rtl_pipeline/generated_python/gpt-5.3-codex/Dafny_174_firstverified.py,0,True,0.644,/u/mjha1/Proof2Silicon/journal_phase/dafny_to_rtl_pipeline/logs/dafny_to_python/gpt-5.3-codex/Dafny_174_firstverified.log
gpt-5.3-codex,Dafny_176_firstverified,True,/u/mjha1/Proof2Silicon/journal_phase/dafny_to_rtl_pipeline/dafny_outputs/gpt-5.3-codex/Dafny_176_firstverified.dfy,/u/mjha1/Proof2Silicon/journal_phase/dafny_to_rtl_pipeline/generated_python_raw/gpt-5.3-codex/Dafny_176_firstverified,/u/mjha1/Proof2Silicon/journal_phase/dafny_to_rtl_pipeline/generated_python_raw/gpt-5.3-codex/Dafny_176_firstverified-py,/u/mjha1/Proof2Silicon/journal_phase/dafny_to_rtl_pipeline/generated_python_raw/gpt-5.3-codex/Dafny_176_firstverified-py/module_.py,/u/mjha1/Proof2Silicon/journal_phase/dafny_to_rtl_pipeline/generated_python/gpt-5.3-codex/Dafny_176_firstverified.py,0,True,0.716,/u/mjha1/Proof2Silicon/journal_phase/dafny_to_rtl_pipeline/logs/dafny_to_python/gpt-5.3-codex/Dafny_176_firstverified.log
gpt-5.3-codex,Dafny_193_firstverified,True,/u/mjha1/Proof2Silicon/journal_phase/dafny_to_rtl_pipeline/dafny_outputs/gpt-5.3-codex/Dafny_193_firstverified.dfy,/u/mjha1/Proof2Silicon/journal_phase/dafny_to_rtl_pipeline/generated_python_raw/gpt-5.3-codex/Dafny_193_firstverified,/u/mjha1/Proof2Silicon/journal_phase/dafny_to_rtl_pipeline/generated_python_raw/gpt-5.3-codex/Dafny_193_firstverified-py,/u/mjha1/Proof2Silicon/journal_phase/dafny_to_rtl_pipeline/generated_python_raw/gpt-5.3-codex/Dafny_193_firstverified-py/module_.py,/u/mjha1/Proof2Silicon/journal_phase/dafny_to_rtl_pipeline/generated_python/gpt-5.3-codex/Dafny_193_firstverified.py,0,True,0.791,/u/mjha1/Proof2Silicon/journal_phase/dafny_to_rtl_pipeline/logs/dafny_to_python/gpt-5.3-codex/Dafny_193_firstverified.log
gpt-5.3-codex,Dafny_194_firstverified,True,/u/mjha1/Proof2Silicon/journal_phase/dafny_to_rtl_pipeline/dafny_outputs/gpt-5.3-codex/Dafny_194_firstverified.dfy,/u/mjha1/Proof2Silicon/journal_phase/dafny_to_rtl_pipeline/generated_python_raw/gpt-5.3-codex/Dafny_194_firstverified,/u/mjha1/Proof2Silicon/journal_phase/dafny_to_rtl_pipeline/generated_python_raw/gpt-5.3-codex/Dafny_194_firstverified-py,/u/mjha1/Proof2Silicon/journal_phase/dafny_to_rtl_pipeline/generated_python_raw/gpt-5.3-codex/Dafny_194_firstverified-py/module_.py,/u/mjha1/Proof2Silicon/journal_phase/dafny_to_rtl_pipeline/generated_python/gpt-5.3-codex/Dafny_194_firstverified.py,0,True,0.636,/u/mjha1/Proof2Silicon/journal_phase/dafny_to_rtl_pipeline/logs/dafny_to_python/gpt-5.3-codex/Dafny_194_firstverified.log
gpt-5.3-codex,Dafny_206,False,/u/mjha1/Proof2Silicon/journal_phase/dafny_to_rtl_pipeline/dafny_outputs/gpt-5.3-codex/Dafny_206.dfy,/u/mjha1/Proof2Silicon/journal_phase/dafny_to_rtl_pipeline/generated_python_raw/gpt-5.3-codex/Dafny_206,/u/mjha1/Proof2Silicon/journal_phase/dafny_to_rtl_pipeline/generated_python_raw/gpt-5.3-codex/Dafny_206-py,/u/mjha1/Proof2Silicon/journal_phase/dafny_to_rtl_pipeline/generated_python_raw/gpt-5.3-codex/Dafny_206-py/module_.py,/u/mjha1/Proof2Silicon/journal_phase/dafny_to_rtl_pipeline/generated_python/gpt-5.3-codex/Dafny_206.py,0,True,0.837,/u/mjha1/Proof2Silicon/journal_phase/dafny_to_rtl_pipeline/logs/dafny_to_python/gpt-5.3-codex/Dafny_206.log
gpt-5.3-codex,Dafny_207_firstverified,True,/u/mjha1/Proof2Silicon/journal_phase/dafny_to_rtl_pipeline/dafny_outputs/gpt-5.3-codex/Dafny_207_firstverified.dfy,/u/mjha1/Proof2Silicon/journal_phase/dafny_to_rtl_pipeline/generated_python_raw/gpt-5.3-codex/Dafny_207_firstverified,/u/mjha1/Proof2Silicon/journal_phase/dafny_to_rtl_pipeline/generated_python_raw/gpt-5.3-codex/Dafny_207_firstverified-py,/u/mjha1/Proof2Silicon/journal_phase/dafny_to_rtl_pipeline/generated_python_raw/gpt-5.3-codex/Dafny_207_firstverified-py/module_.py,/u/mjha1/Proof2Silicon/journal_phase/dafny_to_rtl_pipeline/generated_python/gpt-5.3-codex/Dafny_207_firstverified.py,0,True,0.775,/u/mjha1/Proof2Silicon/journal_phase/dafny_to_rtl_pipeline/logs/dafny_to_python/gpt-5.3-codex/Dafny_207_firstverified.log
gpt-5.3-codex,Dafny_225,False,/u/mjha1/Proof2Silicon/journal_phase/dafny_to_rtl_pipeline/dafny_outputs/gpt-5.3-codex/Dafny_225.dfy,/u/mjha1/Proof2Silicon/journal_phase/dafny_to_rtl_pipeline/generated_python_raw/gpt-5.3-codex/Dafny_225,/u/mjha1/Proof2Silicon/journal_phase/dafny_to_rtl_pipeline/generated_python_raw/gpt-5.3-codex/Dafny_225-py,/u/mjha1/Proof2Silicon/journal_phase/dafny_to_rtl_pipeline/generated_python_raw/gpt-5.3-codex/Dafny_225-py/module_.py,/u/mjha1/Proof2Silicon/journal_phase/dafny_to_rtl_pipeline/generated_python/gpt-5.3-codex/Dafny_225.py,0,True,0.832,/u/mjha1/Proof2Silicon/journal_phase/dafny_to_rtl_pipeline/logs/dafny_to_python/gpt-5.3-codex/Dafny_225.log
gpt-5.3-codex,Dafny_229_firstverified,True,/u/mjha1/Proof2Silicon/journal_phase/dafny_to_rtl_pipeline/dafny_outputs/gpt-5.3-codex/Dafny_229_firstverified.dfy,/u/mjha1/Proof2Silicon/journal_phase/dafny_to_rtl_pipeline/generated_python_raw/gpt-5.3-codex/Dafny_229_firstverified,/u/mjha1/Proof2Silicon/journal_phase/dafny_to_rtl_pipeline/generated_python_raw/gpt-5.3-codex/Dafny_229_firstverified-py,/u/mjha1/Proof2Silicon/journal_phase/dafny_to_rtl_pipeline/generated_python_raw/gpt-5.3-codex/Dafny_229_firstverified-py/module_.py,/u/mjha1/Proof2Silicon/journal_phase/dafny_to_rtl_pipeline/generated_python/gpt-5.3-codex/Dafny_229_firstverified.py,0,True,0.654,/u/mjha1/Proof2Silicon/journal_phase/dafny_to_rtl_pipeline/logs/dafny_to_python/gpt-5.3-codex/Dafny_229_firstverified.log
gpt-5.3-codex,Dafny_232_firstverified,True,/u/mjha1/Proof2Silicon/journal_phase/dafny_to_rtl_pipeline/dafny_outputs/gpt-5.3-codex/Dafny_232_firstverified.dfy,/u/mjha1/Proof2Silicon/journal_phase/dafny_to_rtl_pipeline/generated_python_raw/gpt-5.3-codex/Dafny_232_firstverified,/u/mjha1/Proof2Silicon/journal_phase/dafny_to_rtl_pipeline/generated_python_raw/gpt-5.3-codex/Dafny_232_firstverified-py,/u/mjha1/Proof2Silicon/journal_phase/dafny_to_rtl_pipeline/generated_python_raw/gpt-5.3-codex/Dafny_232_firstverified-py/module_.py,/u/mjha1/Proof2Silicon/journal_phase/dafny_to_rtl_pipeline/generated_python/gpt-5.3-codex/Dafny_232_firstverified.py,0,True,0.64,/u/mjha1/Proof2Silicon/journal_phase/dafny_to_rtl_pipeline/logs/dafny_to_python/gpt-5.3-codex/Dafny_232_firstverified.log
gpt-5.3-codex,Dafny_233_firstverified,True,/u/mjha1/Proof2Silicon/journal_phase/dafny_to_rtl_pipeline/dafny_outputs/gpt-5.3-codex/Dafny_233_firstverified.dfy,/u/mjha1/Proof2Silicon/journal_phase/dafny_to_rtl_pipeline/generated_python_raw/gpt-5.3-codex/Dafny_233_firstverified,/u/mjha1/Proof2Silicon/journal_phase/dafny_to_rtl_pipeline/generated_python_raw/gpt-5.3-codex/Dafny_233_firstverified-py,/u/mjha1/Proof2Silicon/journal_phase/dafny_to_rtl_pipeline/generated_python_raw/gpt-5.3-codex/Dafny_233_firstverified-py/module_.py,/u/mjha1/Proof2Silicon/journal_phase/dafny_to_rtl_pipeline/generated_python/gpt-5.3-codex/Dafny_233_firstverified.py,0,True,0.815,/u/mjha1/Proof2Silicon/journal_phase/dafny_to_rtl_pipeline/logs/dafny_to_python/gpt-5.3-codex/Dafny_233_firstverified.log
gpt-5.3-codex,Dafny_254_firstverified,True,/u/mjha1/Proof2Silicon/journal_phase/dafny_to_rtl_pipeline/dafny_outputs/gpt-5.3-codex/Dafny_254_firstverified.dfy,/u/mjha1/Proof2Silicon/journal_phase/dafny_to_rtl_pipeline/generated_python_raw/gpt-5.3-codex/Dafny_254_firstverified,/u/mjha1/Proof2Silicon/journal_phase/dafny_to_rtl_pipeline/generated_python_raw/gpt-5.3-codex/Dafny_254_firstverified-py,/u/mjha1/Proof2Silicon/journal_phase/dafny_to_rtl_pipeline/generated_python_raw/gpt-5.3-codex/Dafny_254_firstverified-py/module_.py,/u/mjha1/Proof2Silicon/journal_phase/dafny_to_rtl_pipeline/generated_python/gpt-5.3-codex/Dafny_254_firstverified.py,0,True,0.752,/u/mjha1/Proof2Silicon/journal_phase/dafny_to_rtl_pipeline/logs/dafny_to_python/gpt-5.3-codex/Dafny_254_firstverified.log
gpt-5.3-codex,Dafny_256,False,/u/mjha1/Proof2Silicon/journal_phase/dafny_to_rtl_pipeline/dafny_outputs/gpt-5.3-codex/Dafny_256.dfy,/u/mjha1/Proof2Silicon/journal_phase/dafny_to_rtl_pipeline/generated_python_raw/gpt-5.3-codex/Dafny_256,/u/mjha1/Proof2Silicon/journal_phase/dafny_to_rtl_pipeline/generated_python_raw/gpt-5.3-codex/Dafny_256-py,/u/mjha1/Proof2Silicon/journal_phase/dafny_to_rtl_pipeline/generated_python_raw/gpt-5.3-codex/Dafny_256-py/module_.py,/u/mjha1/Proof2Silicon/journal_phase/dafny_to_rtl_pipeline/generated_python/gpt-5.3-codex/Dafny_256.py,0,True,0.862,/u/mjha1/Proof2Silicon/journal_phase/dafny_to_rtl_pipeline/logs/dafny_to_python/gpt-5.3-codex/Dafny_256.log
gpt-5.3-codex,Dafny_260,False,/u/mjha1/Proof2Silicon/journal_phase/dafny_to_rtl_pipeline/dafny_outputs/gpt-5.3-codex/Dafny_260.dfy,/u/mjha1/Proof2Silicon/journal_phase/dafny_to_rtl_pipeline/generated_python_raw/gpt-5.3-codex/Dafny_260,/u/mjha1/Proof2Silicon/journal_phase/dafny_to_rtl_pipeline/generated_python_raw/gpt-5.3-codex/Dafny_260-py,/u/mjha1/Proof2Silicon/journal_phase/dafny_to_rtl_pipeline/generated_python_raw/gpt-5.3-codex/Dafny_260-py/module_.py,/u/mjha1/Proof2Silicon/journal_phase/dafny_to_rtl_pipeline/generated_python/gpt-5.3-codex/Dafny_260.py,0,True,0.748,/u/mjha1/Proof2Silicon/journal_phase/dafny_to_rtl_pipeline/logs/dafny_to_python/gpt-5.3-codex/Dafny_260.log
gpt-5.3-codex,Dafny_263,False,/u/mjha1/Proof2Silicon/journal_phase/dafny_to_rtl_pipeline/dafny_outputs/gpt-5.3-codex/Dafny_263.dfy,/u/mjha1/Proof2Silicon/journal_phase/dafny_to_rtl_pipeline/generated_python_raw/gpt-5.3-codex/Dafny_263,/u/mjha1/Proof2Silicon/journal_phase/dafny_to_rtl_pipeline/generated_python_raw/gpt-5.3-codex/Dafny_263-py,/u/mjha1/Proof2Silicon/journal_phase/dafny_to_rtl_pipeline/generated_python_raw/gpt-5.3-codex/Dafny_263-py/module_.py,/u/mjha1/Proof2Silicon/journal_phase/dafny_to_rtl_pipeline/generated_python/gpt-5.3-codex/Dafny_263.py,0,True,0.748,/u/mjha1/Proof2Silicon/journal_phase/dafny_to_rtl_pipeline/logs/dafny_to_python/gpt-5.3-codex/Dafny_263.log
gpt-5.3-codex,Dafny_264_firstverified,True,/u/mjha1/Proof2Silicon/journal_phase/dafny_to_rtl_pipeline/dafny_outputs/gpt-5.3-codex/Dafny_264_firstverified.dfy,/u/mjha1/Proof2Silicon/journal_phase/dafny_to_rtl_pipeline/generated_python_raw/gpt-5.3-codex/Dafny_264_firstverified,/u/mjha1/Proof2Silicon/journal_phase/dafny_to_rtl_pipeline/generated_python_raw/gpt-5.3-codex/Dafny_264_firstverified-py,/u/mjha1/Proof2Silicon/journal_phase/dafny_to_rtl_pipeline/generated_python_raw/gpt-5.3-codex/Dafny_264_firstverified-py/module_.py,/u/mjha1/Proof2Silicon/journal_phase/dafny_to_rtl_pipeline/generated_python/gpt-5.3-codex/Dafny_264_firstverified.py,0,True,0.674,/u/mjha1/Proof2Silicon/journal_phase/dafny_to_rtl_pipeline/logs/dafny_to_python/gpt-5.3-codex/Dafny_264_firstverified.log
gpt-5.3-codex,Dafny_267_firstverified,True,/u/mjha1/Proof2Silicon/journal_phase/dafny_to_rtl_pipeline/dafny_outputs/gpt-5.3-codex/Dafny_267_firstverified.dfy,/u/mjha1/Proof2Silicon/journal_phase/dafny_to_rtl_pipeline/generated_python_raw/gpt-5.3-codex/Dafny_267_firstverified,/u/mjha1/Proof2Silicon/journal_phase/dafny_to_rtl_pipeline/generated_python_raw/gpt-5.3-codex/Dafny_267_firstverified-py,/u/mjha1/Proof2Silicon/journal_phase/dafny_to_rtl_pipeline/generated_python_raw/gpt-5.3-codex/Dafny_267_firstverified-py/module_.py,/u/mjha1/Proof2Silicon/journal_phase/dafny_to_rtl_pipeline/generated_python/gpt-5.3-codex/Dafny_267_firstverified.py,0,True,0.653,/u/mjha1/Proof2Silicon/journal_phase/dafny_to_rtl_pipeline/logs/dafny_to_python/gpt-5.3-codex/Dafny_267_firstverified.log
gpt-5.3-codex,Dafny_279_firstverified,True,/u/mjha1/Proof2Silicon/journal_phase/dafny_to_rtl_pipeline/dafny_outputs/gpt-5.3-codex/Dafny_279_firstverified.dfy,/u/mjha1/Proof2Silicon/journal_phase/dafny_to_rtl_pipeline/generated_python_raw/gpt-5.3-codex/Dafny_279_firstverified,/u/mjha1/Proof2Silicon/journal_phase/dafny_to_rtl_pipeline/generated_python_raw/gpt-5.3-codex/Dafny_279_firstverified-py,/u/mjha1/Proof2Silicon/journal_phase/dafny_to_rtl_pipeline/generated_python_raw/gpt-5.3-codex/Dafny_279_firstverified-py/module_.py,/u/mjha1/Proof2Silicon/journal_phase/dafny_to_rtl_pipeline/generated_python/gpt-5.3-codex/Dafny_279_firstverified.py,0,True,0.704,/u/mjha1/Proof2Silicon/journal_phase/dafny_to_rtl_pipeline/logs/dafny_to_python/gpt-5.3-codex/Dafny_279_firstverified.log
gpt-5.3-codex,Dafny_283,False,/u/mjha1/Proof2Silicon/journal_phase/dafny_to_rtl_pipeline/dafny_outputs/gpt-5.3-codex/Dafny_283.dfy,/u/mjha1/Proof2Silicon/journal_phase/dafny_to_rtl_pipeline/generated_python_raw/gpt-5.3-codex/Dafny_283,/u/mjha1/Proof2Silicon/journal_phase/dafny_to_rtl_pipeline/generated_python_raw/gpt-5.3-codex/Dafny_283-py,/u/mjha1/Proof2Silicon/journal_phase/dafny_to_rtl_pipeline/generated_python_raw/gpt-5.3-codex/Dafny_283-py/module_.py,/u/mjha1/Proof2Silicon/journal_phase/dafny_to_rtl_pipeline/generated_python/gpt-5.3-codex/Dafny_283.py,0,True,0.682,/u/mjha1/Proof2Silicon/journal_phase/dafny_to_rtl_pipeline/logs/dafny_to_python/gpt-5.3-codex/Dafny_283.log
gpt-5.3-codex,Dafny_289_firstverified,True,/u/mjha1/Proof2Silicon/journal_phase/dafny_to_rtl_pipeline/dafny_outputs/gpt-5.3-codex/Dafny_289_firstverified.dfy,/u/mjha1/Proof2Silicon/journal_phase/dafny_to_rtl_pipeline/generated_python_raw/gpt-5.3-codex/Dafny_289_firstverified,/u/mjha1/Proof2Silicon/journal_phase/dafny_to_rtl_pipeline/generated_python_raw/gpt-5.3-codex/Dafny_289_firstverified-py,/u/mjha1/Proof2Silicon/journal_phase/dafny_to_rtl_pipeline/generated_python_raw/gpt-5.3-codex/Dafny_289_firstverified-py/module_.py,/u/mjha1/Proof2Silicon/journal_phase/dafny_to_rtl_pipeline/generated_python/gpt-5.3-codex/Dafny_289_firstverified.py,0,True,0.637,/u/mjha1/Proof2Silicon/journal_phase/dafny_to_rtl_pipeline/logs/dafny_to_python/gpt-5.3-codex/Dafny_289_firstverified.log
gpt-5.3-codex,Dafny_290,False,/u/mjha1/Proof2Silicon/journal_phase/dafny_to_rtl_pipeline/dafny_outputs/gpt-5.3-codex/Dafny_290.dfy,/u/mjha1/Proof2Silicon/journal_phase/dafny_to_rtl_pipeline/generated_python_raw/gpt-5.3-codex/Dafny_290,/u/mjha1/Proof2Silicon/journal_phase/dafny_to_rtl_pipeline/generated_python_raw/gpt-5.3-codex/Dafny_290-py,/u/mjha1/Proof2Silicon/journal_phase/dafny_to_rtl_pipeline/generated_python_raw/gpt-5.3-codex/Dafny_290-py/module_.py,/u/mjha1/Proof2Silicon/journal_phase/dafny_to_rtl_pipeline/generated_python/gpt-5.3-codex/Dafny_290.py,0,True,0.765,/u/mjha1/Proof2Silicon/journal_phase/dafny_to_rtl_pipeline/logs/dafny_to_python/gpt-5.3-codex/Dafny_290.log
gpt-5.3-codex,Dafny_293_firstverified,True,/u/mjha1/Proof2Silicon/journal_phase/dafny_to_rtl_pipeline/dafny_outputs/gpt-5.3-codex/Dafny_293_firstverified.dfy,/u/mjha1/Proof2Silicon/journal_phase/dafny_to_rtl_pipeline/generated_python_raw/gpt-5.3-codex/Dafny_293_firstverified,/u/mjha1/Proof2Silicon/journal_phase/dafny_to_rtl_pipeline/generated_python_raw/gpt-5.3-codex/Dafny_293_firstverified-py,/u/mjha1/Proof2Silicon/journal_phase/dafny_to_rtl_pipeline/generated_python_raw/gpt-5.3-codex/Dafny_293_firstverified-py/module_.py,/u/mjha1/Proof2Silicon/journal_phase/dafny_to_rtl_pipeline/generated_python/gpt-5.3-codex/Dafny_293_firstverified.py,0,True,0.722,/u/mjha1/Proof2Silicon/journal_phase/dafny_to_rtl_pipeline/logs/dafny_to_python/gpt-5.3-codex/Dafny_293_firstverified.log
gpt-5.3-codex,Dafny_299_firstverified,True,/u/mjha1/Proof2Silicon/journal_phase/dafny_to_rtl_pipeline/dafny_outputs/gpt-5.3-codex/Dafny_299_firstverified.dfy,/u/mjha1/Proof2Silicon/journal_phase/dafny_to_rtl_pipeline/generated_python_raw/gpt-5.3-codex/Dafny_299_firstverified,/u/mjha1/Proof2Silicon/journal_phase/dafny_to_rtl_pipeline/generated_python_raw/gpt-5.3-codex/Dafny_299_firstverified-py,/u/mjha1/Proof2Silicon/journal_phase/dafny_to_rtl_pipeline/generated_python_raw/gpt-5.3-codex/Dafny_299_firstverified-py/module_.py,/u/mjha1/Proof2Silicon/journal_phase/dafny_to_rtl_pipeline/generated_python/gpt-5.3-codex/Dafny_299_firstverified.py,0,True,0.798,/u/mjha1/Proof2Silicon/journal_phase/dafny_to_rtl_pipeline/logs/dafny_to_python/gpt-5.3-codex/Dafny_299_firstverified.log
gpt-5.3-codex,Dafny_303_firstverified,True,/u/mjha1/Proof2Silicon/journal_phase/dafny_to_rtl_pipeline/dafny_outputs/gpt-5.3-codex/Dafny_303_firstverified.dfy,/u/mjha1/Proof2Silicon/journal_phase/dafny_to_rtl_pipeline/generated_python_raw/gpt-5.3-codex/Dafny_303_firstverified,/u/mjha1/Proof2Silicon/journal_phase/dafny_to_rtl_pipeline/generated_python_raw/gpt-5.3-codex/Dafny_303_firstverified-py,/u/mjha1/Proof2Silicon/journal_phase/dafny_to_rtl_pipeline/generated_python_raw/gpt-5.3-codex/Dafny_303_firstverified-py/module_.py,/u/mjha1/Proof2Silicon/journal_phase/dafny_to_rtl_pipeline/generated_python/gpt-5.3-codex/Dafny_303_firstverified.py,0,True,0.639,/u/mjha1/Proof2Silicon/journal_phase/dafny_to_rtl_pipeline/logs/dafny_to_python/gpt-5.3-codex/Dafny_303_firstverified.log
gpt-5.3-codex,Dafny_311,False,/u/mjha1/Proof2Silicon/journal_phase/dafny_to_rtl_pipeline/dafny_outputs/gpt-5.3-codex/Dafny_311.dfy,/u/mjha1/Proof2Silicon/journal_phase/dafny_to_rtl_pipeline/generated_python_raw/gpt-5.3-codex/Dafny_311,/u/mjha1/Proof2Silicon/journal_phase/dafny_to_rtl_pipeline/generated_python_raw/gpt-5.3-codex/Dafny_311-py,/u/mjha1/Proof2Silicon/journal_phase/dafny_to_rtl_pipeline/generated_python_raw/gpt-5.3-codex/Dafny_311-py/module_.py,/u/mjha1/Proof2Silicon/journal_phase/dafny_to_rtl_pipeline/generated_python/gpt-5.3-codex/Dafny_311.py,0,True,0.794,/u/mjha1/Proof2Silicon/journal_phase/dafny_to_rtl_pipeline/logs/dafny_to_python/gpt-5.3-codex/Dafny_311.log
gpt-5.3-codex,Dafny_314,False,/u/mjha1/Proof2Silicon/journal_phase/dafny_to_rtl_pipeline/dafny_outputs/gpt-5.3-codex/Dafny_314.dfy,/u/mjha1/Proof2Silicon/journal_phase/dafny_to_rtl_pipeline/generated_python_raw/gpt-5.3-codex/Dafny_314,/u/mjha1/Proof2Silicon/journal_phase/dafny_to_rtl_pipeline/generated_python_raw/gpt-5.3-codex/Dafny_314-py,/u/mjha1/Proof2Silicon/journal_phase/dafny_to_rtl_pipeline/generated_python_raw/gpt-5.3-codex/Dafny_314-py/module_.py,/u/mjha1/Proof2Silicon/journal_phase/dafny_to_rtl_pipeline/generated_python/gpt-5.3-codex/Dafny_314.py,0,True,0.801,/u/mjha1/Proof2Silicon/journal_phase/dafny_to_rtl_pipeline/logs/dafny_to_python/gpt-5.3-codex/Dafny_314.log
gpt-5.3-codex,Dafny_320_firstverified,True,/u/mjha1/Proof2Silicon/journal_phase/dafny_to_rtl_pipeline/dafny_outputs/gpt-5.3-codex/Dafny_320_firstverified.dfy,/u/mjha1/Proof2Silicon/journal_phase/dafny_to_rtl_pipeline/generated_python_raw/gpt-5.3-codex/Dafny_320_firstverified,/u/mjha1/Proof2Silicon/journal_phase/dafny_to_rtl_pipeline/generated_python_raw/gpt-5.3-codex/Dafny_320_firstverified-py,/u/mjha1/Proof2Silicon/journal_phase/dafny_to_rtl_pipeline/generated_python_raw/gpt-5.3-codex/Dafny_320_firstverified-py/module_.py,/u/mjha1/Proof2Silicon/journal_phase/dafny_to_rtl_pipeline/generated_python/gpt-5.3-codex/Dafny_320_firstverified.py,0,True,0.717,/u/mjha1/Proof2Silicon/journal_phase/dafny_to_rtl_pipeline/logs/dafny_to_python/gpt-5.3-codex/Dafny_320_firstverified.log
gpt-5.3-codex,Dafny_321_firstverified,True,/u/mjha1/Proof2Silicon/journal_phase/dafny_to_rtl_pipeline/dafny_outputs/gpt-5.3-codex/Dafny_321_firstverified.dfy,/u/mjha1/Proof2Silicon/journal_phase/dafny_to_rtl_pipeline/generated_python_raw/gpt-5.3-codex/Dafny_321_firstverified,/u/mjha1/Proof2Silicon/journal_phase/dafny_to_rtl_pipeline/generated_python_raw/gpt-5.3-codex/Dafny_321_firstverified-py,/u/mjha1/Proof2Silicon/journal_phase/dafny_to_rtl_pipeline/generated_python_raw/gpt-5.3-codex/Dafny_321_firstverified-py/module_.py,/u/mjha1/Proof2Silicon/journal_phase/dafny_to_rtl_pipeline/generated_python/gpt-5.3-codex/Dafny_321_firstverified.py,0,True,0.866,/u/mjha1/Proof2Silicon/journal_phase/dafny_to_rtl_pipeline/logs/dafny_to_python/gpt-5.3-codex/Dafny_321_firstverified.log
gpt-5.3-codex,Dafny_322,False,/u/mjha1/Proof2Silicon/journal_phase/dafny_to_rtl_pipeline/dafny_outputs/gpt-5.3-codex/Dafny_322.dfy,/u/mjha1/Proof2Silicon/journal_phase/dafny_to_rtl_pipeline/generated_python_raw/gpt-5.3-codex/Dafny_322,/u/mjha1/Proof2Silicon/journal_phase/dafny_to_rtl_pipeline/generated_python_raw/gpt-5.3-codex/Dafny_322-py,/u/mjha1/Proof2Silicon/journal_phase/dafny_to_rtl_pipeline/generated_python_raw/gpt-5.3-codex/Dafny_322-py/module_.py,/u/mjha1/Proof2Silicon/journal_phase/dafny_to_rtl_pipeline/generated_python/gpt-5.3-codex/Dafny_322.py,0,True,0.77,/u/mjha1/Proof2Silicon/journal_phase/dafny_to_rtl_pipeline/logs/dafny_to_python/gpt-5.3-codex/Dafny_322.log
gpt-5.3-codex,Dafny_323_firstverified,True,/u/mjha1/Proof2Silicon/journal_phase/dafny_to_rtl_pipeline/dafny_outputs/gpt-5.3-codex/Dafny_323_firstverified.dfy,/u/mjha1/Proof2Silicon/journal_phase/dafny_to_rtl_pipeline/generated_python_raw/gpt-5.3-codex/Dafny_323_firstverified,/u/mjha1/Proof2Silicon/journal_phase/dafny_to_rtl_pipeline/generated_python_raw/gpt-5.3-codex/Dafny_323_firstverified-py,/u/mjha1/Proof2Silicon/journal_phase/dafny_to_rtl_pipeline/generated_python_raw/gpt-5.3-codex/Dafny_323_firstverified-py/module_.py,/u/mjha1/Proof2Silicon/journal_phase/dafny_to_rtl_pipeline/generated_python/gpt-5.3-codex/Dafny_323_firstverified.py,0,True,0.802,/u/mjha1/Proof2Silicon/journal_phase/dafny_to_rtl_pipeline/logs/dafny_to_python/gpt-5.3-codex/Dafny_323_firstverified.log
gpt-5.3-codex,Dafny_333,False,/u/mjha1/Proof2Silicon/journal_phase/dafny_to_rtl_pipeline/dafny_outputs/gpt-5.3-codex/Dafny_333.dfy,/u/mjha1/Proof2Silicon/journal_phase/dafny_to_rtl_pipeline/generated_python_raw/gpt-5.3-codex/Dafny_333,/u/mjha1/Proof2Silicon/journal_phase/dafny_to_rtl_pipeline/generated_python_raw/gpt-5.3-codex/Dafny_333-py,/u/mjha1/Proof2Silicon/journal_phase/dafny_to_rtl_pipeline/generated_python_raw/gpt-5.3-codex/Dafny_333-py/module_.py,/u/mjha1/Proof2Silicon/journal_phase/dafny_to_rtl_pipeline/generated_python/gpt-5.3-codex/Dafny_333.py,0,True,1.05,/u/mjha1/Proof2Silicon/journal_phase/dafny_to_rtl_pipeline/logs/dafny_to_python/gpt-5.3-codex/Dafny_333.log
gpt-5.3-codex,Dafny_355_firstverified,True,/u/mjha1/Proof2Silicon/journal_phase/dafny_to_rtl_pipeline/dafny_outputs/gpt-5.3-codex/Dafny_355_firstverified.dfy,/u/mjha1/Proof2Silicon/journal_phase/dafny_to_rtl_pipeline/generated_python_raw/gpt-5.3-codex/Dafny_355_firstverified,/u/mjha1/Proof2Silicon/journal_phase/dafny_to_rtl_pipeline/generated_python_raw/gpt-5.3-codex/Dafny_355_firstverified-py,/u/mjha1/Proof2Silicon/journal_phase/dafny_to_rtl_pipeline/generated_python_raw/gpt-5.3-codex/Dafny_355_firstverified-py/module_.py,/u/mjha1/Proof2Silicon/journal_phase/dafny_to_rtl_pipeline/generated_python/gpt-5.3-codex/Dafny_355_firstverified.py,0,True,0.665,/u/mjha1/Proof2Silicon/journal_phase/dafny_to_rtl_pipeline/logs/dafny_to_python/gpt-5.3-codex/Dafny_355_firstverified.log
gpt-5.3-codex,Dafny_357_firstverified,True,/u/mjha1/Proof2Silicon/journal_phase/dafny_to_rtl_pipeline/dafny_outputs/gpt-5.3-codex/Dafny_357_firstverified.dfy,/u/mjha1/Proof2Silicon/journal_phase/dafny_to_rtl_pipeline/generated_python_raw/gpt-5.3-codex/Dafny_357_firstverified,/u/mjha1/Proof2Silicon/journal_phase/dafny_to_rtl_pipeline/generated_python_raw/gpt-5.3-codex/Dafny_357_firstverified-py,/u/mjha1/Proof2Silicon/journal_phase/dafny_to_rtl_pipeline/generated_python_raw/gpt-5.3-codex/Dafny_357_firstverified-py/module_.py,/u/mjha1/Proof2Silicon/journal_phase/dafny_to_rtl_pipeline/generated_python/gpt-5.3-codex/Dafny_357_firstverified.py,0,True,0.783,/u/mjha1/Proof2Silicon/journal_phase/dafny_to_rtl_pipeline/logs/dafny_to_python/gpt-5.3-codex/Dafny_357_firstverified.log
gpt-5.3-codex,Dafny_365_firstverified,True,/u/mjha1/Proof2Silicon/journal_phase/dafny_to_rtl_pipeline/dafny_outputs/gpt-5.3-codex/Dafny_365_firstverified.dfy,/u/mjha1/Proof2Silicon/journal_phase/dafny_to_rtl_pipeline/generated_python_raw/gpt-5.3-codex/Dafny_365_firstverified,/u/mjha1/Proof2Silicon/journal_phase/dafny_to_rtl_pipeline/generated_python_raw/gpt-5.3-codex/Dafny_365_firstverified-py,/u/mjha1/Proof2Silicon/journal_phase/dafny_to_rtl_pipeline/generated_python_raw/gpt-5.3-codex/Dafny_365_firstverified-py/module_.py,/u/mjha1/Proof2Silicon/journal_phase/dafny_to_rtl_pipeline/generated_python/gpt-5.3-codex/Dafny_365_firstverified.py,0,True,0.797,/u/mjha1/Proof2Silicon/journal_phase/dafny_to_rtl_pipeline/logs/dafny_to_python/gpt-5.3-codex/Dafny_365_firstverified.log
gpt-5.3-codex,Dafny_372,False,/u/mjha1/Proof2Silicon/journal_phase/dafny_to_rtl_pipeline/dafny_outputs/gpt-5.3-codex/Dafny_372.dfy,/u/mjha1/Proof2Silicon/journal_phase/dafny_to_rtl_pipeline/generated_python_raw/gpt-5.3-codex/Dafny_372,/u/mjha1/Proof2Silicon/journal_phase/dafny_to_rtl_pipeline/generated_python_raw/gpt-5.3-codex/Dafny_372-py,/u/mjha1/Proof2Silicon/journal_phase/dafny_to_rtl_pipeline/generated_python_raw/gpt-5.3-codex/Dafny_372-py/module_.py,/u/mjha1/Proof2Silicon/journal_phase/dafny_to_rtl_pipeline/generated_python/gpt-5.3-codex/Dafny_372.py,0,True,0.795,/u/mjha1/Proof2Silicon/journal_phase/dafny_to_rtl_pipeline/logs/dafny_to_python/gpt-5.3-codex/Dafny_372.log
gpt-5.3-codex,Dafny_380,False,/u/mjha1/Proof2Silicon/journal_phase/dafny_to_rtl_pipeline/dafny_outputs/gpt-5.3-codex/Dafny_380.dfy,/u/mjha1/Proof2Silicon/journal_phase/dafny_to_rtl_pipeline/generated_python_raw/gpt-5.3-codex/Dafny_380,/u/mjha1/Proof2Silicon/journal_phase/dafny_to_rtl_pipeline/generated_python_raw/gpt-5.3-codex/Dafny_380-py,/u/mjha1/Proof2Silicon/journal_phase/dafny_to_rtl_pipeline/generated_python_raw/gpt-5.3-codex/Dafny_380-py/module_.py,/u/mjha1/Proof2Silicon/journal_phase/dafny_to_rtl_pipeline/generated_python/gpt-5.3-codex/Dafny_380.py,0,True,0.853,/u/mjha1/Proof2Silicon/journal_phase/dafny_to_rtl_pipeline/logs/dafny_to_python/gpt-5.3-codex/Dafny_380.log
gpt-5.3-codex,Dafny_387_firstverified,True,/u/mjha1/Proof2Silicon/journal_phase/dafny_to_rtl_pipeline/dafny_outputs/gpt-5.3-codex/Dafny_387_firstverified.dfy,/u/mjha1/Proof2Silicon/journal_phase/dafny_to_rtl_pipeline/generated_python_raw/gpt-5.3-codex/Dafny_387_firstverified,/u/mjha1/Proof2Silicon/journal_phase/dafny_to_rtl_pipeline/generated_python_raw/gpt-5.3-codex/Dafny_387_firstverified-py,/u/mjha1/Proof2Silicon/journal_phase/dafny_to_rtl_pipeline/generated_python_raw/gpt-5.3-codex/Dafny_387_firstverified-py/module_.py,/u/mjha1/Proof2Silicon/journal_phase/dafny_to_rtl_pipeline/generated_python/gpt-5.3-codex/Dafny_387_firstverified.py,0,True,0.688,/u/mjha1/Proof2Silicon/journal_phase/dafny_to_rtl_pipeline/logs/dafny_to_python/gpt-5.3-codex/Dafny_387_firstverified.log
gpt-5.3-codex,Dafny_392_firstverified,True,/u/mjha1/Proof2Silicon/journal_phase/dafny_to_rtl_pipeline/dafny_outputs/gpt-5.3-codex/Dafny_392_firstverified.dfy,/u/mjha1/Proof2Silicon/journal_phase/dafny_to_rtl_pipeline/generated_python_raw/gpt-5.3-codex/Dafny_392_firstverified,/u/mjha1/Proof2Silicon/journal_phase/dafny_to_rtl_pipeline/generated_python_raw/gpt-5.3-codex/Dafny_392_firstverified-py,/u/mjha1/Proof2Silicon/journal_phase/dafny_to_rtl_pipeline/generated_python_raw/gpt-5.3-codex/Dafny_392_firstverified-py/module_.py,/u/mjha1/Proof2Silicon/journal_phase/dafny_to_rtl_pipeline/generated_python/gpt-5.3-codex/Dafny_392_firstverified.py,0,True,0.763,/u/mjha1/Proof2Silicon/journal_phase/dafny_to_rtl_pipeline/logs/dafny_to_python/gpt-5.3-codex/Dafny_392_firstverified.log
gpt-5.3-codex,Dafny_399_firstverified,True,/u/mjha1/Proof2Silicon/journal_phase/dafny_to_rtl_pipeline/dafny_outputs/gpt-5.3-codex/Dafny_399_firstverified.dfy,/u/mjha1/Proof2Silicon/journal_phase/dafny_to_rtl_pipeline/generated_python_raw/gpt-5.3-codex/Dafny_399_firstverified,/u/mjha1/Proof2Silicon/journal_phase/dafny_to_rtl_pipeline/generated_python_raw/gpt-5.3-codex/Dafny_399_firstverified-py,/u/mjha1/Proof2Silicon/journal_phase/dafny_to_rtl_pipeline/generated_python_raw/gpt-5.3-codex/Dafny_399_firstverified-py/module_.py,/u/mjha1/Proof2Silicon/journal_phase/dafny_to_rtl_pipeline/generated_python/gpt-5.3-codex/Dafny_399_firstverified.py,0,True,0.583,/u/mjha1/Proof2Silicon/journal_phase/dafny_to_rtl_pipeline/logs/dafny_to_python/gpt-5.3-codex/Dafny_399_firstverified.log
gpt-5.3-codex,Dafny_400_firstverified,True,/u/mjha1/Proof2Silicon/journal_phase/dafny_to_rtl_pipeline/dafny_outputs/gpt-5.3-codex/Dafny_400_firstverified.dfy,/u/mjha1/Proof2Silicon/journal_phase/dafny_to_rtl_pipeline/generated_python_raw/gpt-5.3-codex/Dafny_400_firstverified,/u/mjha1/Proof2Silicon/journal_phase/dafny_to_rtl_pipeline/generated_python_raw/gpt-5.3-codex/Dafny_400_firstverified-py,/u/mjha1/Proof2Silicon/journal_phase/dafny_to_rtl_pipeline/generated_python_raw/gpt-5.3-codex/Dafny_400_firstverified-py/module_.py,/u/mjha1/Proof2Silicon/journal_phase/dafny_to_rtl_pipeline/generated_python/gpt-5.3-codex/Dafny_400_firstverified.py,0,True,0.794,/u/mjha1/Proof2Silicon/journal_phase/dafny_to_rtl_pipeline/logs/dafny_to_python/gpt-5.3-codex/Dafny_400_firstverified.log
gpt-5.3-codex,Dafny_413_firstverified,True,/u/mjha1/Proof2Silicon/journal_phase/dafny_to_rtl_pipeline/dafny_outputs/gpt-5.3-codex/Dafny_413_firstverified.dfy,/u/mjha1/Proof2Silicon/journal_phase/dafny_to_rtl_pipeline/generated_python_raw/gpt-5.3-codex/Dafny_413_firstverified,/u/mjha1/Proof2Silicon/journal_phase/dafny_to_rtl_pipeline/generated_python_raw/gpt-5.3-codex/Dafny_413_firstverified-py,/u/mjha1/Proof2Silicon/journal_phase/dafny_to_rtl_pipeline/generated_python_raw/gpt-5.3-codex/Dafny_413_firstverified-py/module_.py,/u/mjha1/Proof2Silicon/journal_phase/dafny_to_rtl_pipeline/generated_python/gpt-5.3-codex/Dafny_413_firstverified.py,0,True,0.83,/u/mjha1/Proof2Silicon/journal_phase/dafny_to_rtl_pipeline/logs/dafny_to_python/gpt-5.3-codex/Dafny_413_firstverified.log
gpt-5.3-codex,Dafny_426_firstverified,True,/u/mjha1/Proof2Silicon/journal_phase/dafny_to_rtl_pipeline/dafny_outputs/gpt-5.3-codex/Dafny_426_firstverified.dfy,/u/mjha1/Proof2Silicon/journal_phase/dafny_to_rtl_pipeline/generated_python_raw/gpt-5.3-codex/Dafny_426_firstverified,/u/mjha1/Proof2Silicon/journal_phase/dafny_to_rtl_pipeline/generated_python_raw/gpt-5.3-codex/Dafny_426_firstverified-py,/u/mjha1/Proof2Silicon/journal_phase/dafny_to_rtl_pipeline/generated_python_raw/gpt-5.3-codex/Dafny_426_firstverified-py/module_.py,/u/mjha1/Proof2Silicon/journal_phase/dafny_to_rtl_pipeline/generated_python/gpt-5.3-codex/Dafny_426_firstverified.py,0,True,0.819,/u/mjha1/Proof2Silicon/journal_phase/dafny_to_rtl_pipeline/logs/dafny_to_python/gpt-5.3-codex/Dafny_426_firstverified.log
gpt-5.3-codex,Dafny_427_firstverified,True,/u/mjha1/Proof2Silicon/journal_phase/dafny_to_rtl_pipeline/dafny_outputs/gpt-5.3-codex/Dafny_427_firstverified.dfy,/u/mjha1/Proof2Silicon/journal_phase/dafny_to_rtl_pipeline/generated_python_raw/gpt-5.3-codex/Dafny_427_firstverified,/u/mjha1/Proof2Silicon/journal_phase/dafny_to_rtl_pipeline/generated_python_raw/gpt-5.3-codex/Dafny_427_firstverified-py,/u/mjha1/Proof2Silicon/journal_phase/dafny_to_rtl_pipeline/generated_python_raw/gpt-5.3-codex/Dafny_427_firstverified-py/module_.py,/u/mjha1/Proof2Silicon/journal_phase/dafny_to_rtl_pipeline/generated_python/gpt-5.3-codex/Dafny_427_firstverified.py,0,True,0.746,/u/mjha1/Proof2Silicon/journal_phase/dafny_to_rtl_pipeline/logs/dafny_to_python/gpt-5.3-codex/Dafny_427_firstverified.log
gpt-5.3-codex,Dafny_437_firstverified,True,/u/mjha1/Proof2Silicon/journal_phase/dafny_to_rtl_pipeline/dafny_outputs/gpt-5.3-codex/Dafny_437_firstverified.dfy,/u/mjha1/Proof2Silicon/journal_phase/dafny_to_rtl_pipeline/generated_python_raw/gpt-5.3-codex/Dafny_437_firstverified,/u/mjha1/Proof2Silicon/journal_phase/dafny_to_rtl_pipeline/generated_python_raw/gpt-5.3-codex/Dafny_437_firstverified-py,/u/mjha1/Proof2Silicon/journal_phase/dafny_to_rtl_pipeline/generated_python_raw/gpt-5.3-codex/Dafny_437_firstverified-py/module_.py,/u/mjha1/Proof2Silicon/journal_phase/dafny_to_rtl_pipeline/generated_python/gpt-5.3-codex/Dafny_437_firstverified.py,0,True,0.784,/u/mjha1/Proof2Silicon/journal_phase/dafny_to_rtl_pipeline/logs/dafny_to_python/gpt-5.3-codex/Dafny_437_firstverified.log
gpt-5.3-codex,Dafny_450,False,/u/mjha1/Proof2Silicon/journal_phase/dafny_to_rtl_pipeline/dafny_outputs/gpt-5.3-codex/Dafny_450.dfy,/u/mjha1/Proof2Silicon/journal_phase/dafny_to_rtl_pipeline/generated_python_raw/gpt-5.3-codex/Dafny_450,/u/mjha1/Proof2Silicon/journal_phase/dafny_to_rtl_pipeline/generated_python_raw/gpt-5.3-codex/Dafny_450-py,/u/mjha1/Proof2Silicon/journal_phase/dafny_to_rtl_pipeline/generated_python_raw/gpt-5.3-codex/Dafny_450-py/module_.py,/u/mjha1/Proof2Silicon/journal_phase/dafny_to_rtl_pipeline/generated_python/gpt-5.3-codex/Dafny_450.py,0,True,0.757,/u/mjha1/Proof2Silicon/journal_phase/dafny_to_rtl_pipeline/logs/dafny_to_python/gpt-5.3-codex/Dafny_450.log
gpt-5.3-codex,Dafny_452_firstverified,True,/u/mjha1/Proof2Silicon/journal_phase/dafny_to_rtl_pipeline/dafny_outputs/gpt-5.3-codex/Dafny_452_firstverified.dfy,/u/mjha1/Proof2Silicon/journal_phase/dafny_to_rtl_pipeline/generated_python_raw/gpt-5.3-codex/Dafny_452_firstverified,/u/mjha1/Proof2Silicon/journal_phase/dafny_to_rtl_pipeline/generated_python_raw/gpt-5.3-codex/Dafny_452_firstverified-py,/u/mjha1/Proof2Silicon/journal_phase/dafny_to_rtl_pipeline/generated_python_raw/gpt-5.3-codex/Dafny_452_firstverified-py/module_.py,/u/mjha1/Proof2Silicon/journal_phase/dafny_to_rtl_pipeline/generated_python/gpt-5.3-codex/Dafny_452_firstverified.py,0,True,0.846,/u/mjha1/Proof2Silicon/journal_phase/dafny_to_rtl_pipeline/logs/dafny_to_python/gpt-5.3-codex/Dafny_452_firstverified.log
gpt-5.3-codex,Dafny_458_firstverified,True,/u/mjha1/Proof2Silicon/journal_phase/dafny_to_rtl_pipeline/dafny_outputs/gpt-5.3-codex/Dafny_458_firstverified.dfy,/u/mjha1/Proof2Silicon/journal_phase/dafny_to_rtl_pipeline/generated_python_raw/gpt-5.3-codex/Dafny_458_firstverified,/u/mjha1/Proof2Silicon/journal_phase/dafny_to_rtl_pipeline/generated_python_raw/gpt-5.3-codex/Dafny_458_firstverified-py,/u/mjha1/Proof2Silicon/journal_phase/dafny_to_rtl_pipeline/generated_python_raw/gpt-5.3-codex/Dafny_458_firstverified-py/module_.py,/u/mjha1/Proof2Silicon/journal_phase/dafny_to_rtl_pipeline/generated_python/gpt-5.3-codex/Dafny_458_firstverified.py,0,True,0.859,/u/mjha1/Proof2Silicon/journal_phase/dafny_to_rtl_pipeline/logs/dafny_to_python/gpt-5.3-codex/Dafny_458_firstverified.log
gpt-5.3-codex,Dafny_459_firstverified,True,/u/mjha1/Proof2Silicon/journal_phase/dafny_to_rtl_pipeline/dafny_outputs/gpt-5.3-codex/Dafny_459_firstverified.dfy,/u/mjha1/Proof2Silicon/journal_phase/dafny_to_rtl_pipeline/generated_python_raw/gpt-5.3-codex/Dafny_459_firstverified,/u/mjha1/Proof2Silicon/journal_phase/dafny_to_rtl_pipeline/generated_python_raw/gpt-5.3-codex/Dafny_459_firstverified-py,/u/mjha1/Proof2Silicon/journal_phase/dafny_to_rtl_pipeline/generated_python_raw/gpt-5.3-codex/Dafny_459_firstverified-py/module_.py,/u/mjha1/Proof2Silicon/journal_phase/dafny_to_rtl_pipeline/generated_python/gpt-5.3-codex/Dafny_459_firstverified.py,0,True,0.729,/u/mjha1/Proof2Silicon/journal_phase/dafny_to_rtl_pipeline/logs/dafny_to_python/gpt-5.3-codex/Dafny_459_firstverified.log
gpt-5.3-codex,Dafny_465_firstverified,True,/u/mjha1/Proof2Silicon/journal_phase/dafny_to_rtl_pipeline/dafny_outputs/gpt-5.3-codex/Dafny_465_firstverified.dfy,/u/mjha1/Proof2Silicon/journal_phase/dafny_to_rtl_pipeline/generated_python_raw/gpt-5.3-codex/Dafny_465_firstverified,/u/mjha1/Proof2Silicon/journal_phase/dafny_to_rtl_pipeline/generated_python_raw/gpt-5.3-codex/Dafny_465_firstverified-py,/u/mjha1/Proof2Silicon/journal_phase/dafny_to_rtl_pipeline/generated_python_raw/gpt-5.3-codex/Dafny_465_firstverified-py/module_.py,/u/mjha1/Proof2Silicon/journal_phase/dafny_to_rtl_pipeline/generated_python/gpt-5.3-codex/Dafny_465_firstverified.py,0,True,0.806,/u/mjha1/Proof2Silicon/journal_phase/dafny_to_rtl_pipeline/logs/dafny_to_python/gpt-5.3-codex/Dafny_465_firstverified.log
gpt-5.3-codex,Dafny_471_firstverified,True,/u/mjha1/Proof2Silicon/journal_phase/dafny_to_rtl_pipeline/dafny_outputs/gpt-5.3-codex/Dafny_471_firstverified.dfy,/u/mjha1/Proof2Silicon/journal_phase/dafny_to_rtl_pipeline/generated_python_raw/gpt-5.3-codex/Dafny_471_firstverified,/u/mjha1/Proof2Silicon/journal_phase/dafny_to_rtl_pipeline/generated_python_raw/gpt-5.3-codex/Dafny_471_firstverified-py,/u/mjha1/Proof2Silicon/journal_phase/dafny_to_rtl_pipeline/generated_python_raw/gpt-5.3-codex/Dafny_471_firstverified-py/module_.py,/u/mjha1/Proof2Silicon/journal_phase/dafny_to_rtl_pipeline/generated_python/gpt-5.3-codex/Dafny_471_firstverified.py,0,True,0.727,/u/mjha1/Proof2Silicon/journal_phase/dafny_to_rtl_pipeline/logs/dafny_to_python/gpt-5.3-codex/Dafny_471_firstverified.log
gpt-5.3-codex,Dafny_475,False,/u/mjha1/Proof2Silicon/journal_phase/dafny_to_rtl_pipeline/dafny_outputs/gpt-5.3-codex/Dafny_475.dfy,/u/mjha1/Proof2Silicon/journal_phase/dafny_to_rtl_pipeline/generated_python_raw/gpt-5.3-codex/Dafny_475,/u/mjha1/Proof2Silicon/journal_phase/dafny_to_rtl_pipeline/generated_python_raw/gpt-5.3-codex/Dafny_475-py,/u/mjha1/Proof2Silicon/journal_phase/dafny_to_rtl_pipeline/generated_python_raw/gpt-5.3-codex/Dafny_475-py/module_.py,/u/mjha1/Proof2Silicon/journal_phase/dafny_to_rtl_pipeline/generated_python/gpt-5.3-codex/Dafny_475.py,0,True,0.799,/u/mjha1/Proof2Silicon/journal_phase/dafny_to_rtl_pipeline/logs/dafny_to_python/gpt-5.3-codex/Dafny_475.log
gpt-5.3-codex,Dafny_481_firstverified,True,/u/mjha1/Proof2Silicon/journal_phase/dafny_to_rtl_pipeline/dafny_outputs/gpt-5.3-codex/Dafny_481_firstverified.dfy,/u/mjha1/Proof2Silicon/journal_phase/dafny_to_rtl_pipeline/generated_python_raw/gpt-5.3-codex/Dafny_481_firstverified,/u/mjha1/Proof2Silicon/journal_phase/dafny_to_rtl_pipeline/generated_python_raw/gpt-5.3-codex/Dafny_481_firstverified-py,/u/mjha1/Proof2Silicon/journal_phase/dafny_to_rtl_pipeline/generated_python_raw/gpt-5.3-codex/Dafny_481_firstverified-py/module_.py,/u/mjha1/Proof2Silicon/journal_phase/dafny_to_rtl_pipeline/generated_python/gpt-5.3-codex/Dafny_481_firstverified.py,0,True,0.676,/u/mjha1/Proof2Silicon/journal_phase/dafny_to_rtl_pipeline/logs/dafny_to_python/gpt-5.3-codex/Dafny_481_firstverified.log
gpt-5.3-codex,Dafny_484,False,/u/mjha1/Proof2Silicon/journal_phase/dafny_to_rtl_pipeline/dafny_outputs/gpt-5.3-codex/Dafny_484.dfy,/u/mjha1/Proof2Silicon/journal_phase/dafny_to_rtl_pipeline/generated_python_raw/gpt-5.3-codex/Dafny_484,/u/mjha1/Proof2Silicon/journal_phase/dafny_to_rtl_pipeline/generated_python_raw/gpt-5.3-codex/Dafny_484-py,/u/mjha1/Proof2Silicon/journal_phase/dafny_to_rtl_pipeline/generated_python_raw/gpt-5.3-codex/Dafny_484-py/module_.py,/u/mjha1/Proof2Silicon/journal_phase/dafny_to_rtl_pipeline/generated_python/gpt-5.3-codex/Dafny_484.py,0,True,0.86,/u/mjha1/Proof2Silicon/journal_phase/dafny_to_rtl_pipeline/logs/dafny_to_python/gpt-5.3-codex/Dafny_484.log
gpt-5.3-codex,Dafny_488_firstverified,True,/u/mjha1/Proof2Silicon/journal_phase/dafny_to_rtl_pipeline/dafny_outputs/gpt-5.3-codex/Dafny_488_firstverified.dfy,/u/mjha1/Proof2Silicon/journal_phase/dafny_to_rtl_pipeline/generated_python_raw/gpt-5.3-codex/Dafny_488_firstverified,/u/mjha1/Proof2Silicon/journal_phase/dafny_to_rtl_pipeline/generated_python_raw/gpt-5.3-codex/Dafny_488_firstverified-py,/u/mjha1/Proof2Silicon/journal_phase/dafny_to_rtl_pipeline/generated_python_raw/gpt-5.3-codex/Dafny_488_firstverified-py/module_.py,/u/mjha1/Proof2Silicon/journal_phase/dafny_to_rtl_pipeline/generated_python/gpt-5.3-codex/Dafny_488_firstverified.py,0,True,0.816,/u/mjha1/Proof2Silicon/journal_phase/dafny_to_rtl_pipeline/logs/dafny_to_python/gpt-5.3-codex/Dafny_488_firstverified.log
gpt-5.3-codex,Dafny_500,False,/u/mjha1/Proof2Silicon/journal_phase/dafny_to_rtl_pipeline/dafny_outputs/gpt-5.3-codex/Dafny_500.dfy,/u/mjha1/Proof2Silicon/journal_phase/dafny_to_rtl_pipeline/generated_python_raw/gpt-5.3-codex/Dafny_500,/u/mjha1/Proof2Silicon/journal_phase/dafny_to_rtl_pipeline/generated_python_raw/gpt-5.3-codex/Dafny_500-py,/u/mjha1/Proof2Silicon/journal_phase/dafny_to_rtl_pipeline/generated_python_raw/gpt-5.3-codex/Dafny_500-py/module_.py,/u/mjha1/Proof2Silicon/journal_phase/dafny_to_rtl_pipeline/generated_python/gpt-5.3-codex/Dafny_500.py,0,True,0.807,/u/mjha1/Proof2Silicon/journal_phase/dafny_to_rtl_pipeline/logs/dafny_to_python/gpt-5.3-codex/Dafny_500.log
gpt-5.3-codex,Dafny_501_firstverified,True,/u/mjha1/Proof2Silicon/journal_phase/dafny_to_rtl_pipeline/dafny_outputs/gpt-5.3-codex/Dafny_501_firstverified.dfy,/u/mjha1/Proof2Silicon/journal_phase/dafny_to_rtl_pipeline/generated_python_raw/gpt-5.3-codex/Dafny_501_firstverified,/u/mjha1/Proof2Silicon/journal_phase/dafny_to_rtl_pipeline/generated_python_raw/gpt-5.3-codex/Dafny_501_firstverified-py,/u/mjha1/Proof2Silicon/journal_phase/dafny_to_rtl_pipeline/generated_python_raw/gpt-5.3-codex/Dafny_501_firstverified-py/module_.py,/u/mjha1/Proof2Silicon/journal_phase/dafny_to_rtl_pipeline/generated_python/gpt-5.3-codex/Dafny_501_firstverified.py,0,True,0.906,/u/mjha1/Proof2Silicon/journal_phase/dafny_to_rtl_pipeline/logs/dafny_to_python/gpt-5.3-codex/Dafny_501_firstverified.log
gpt-5.3-codex,Dafny_502_firstverified,True,/u/mjha1/Proof2Silicon/journal_phase/dafny_to_rtl_pipeline/dafny_outputs/gpt-5.3-codex/Dafny_502_firstverified.dfy,/u/mjha1/Proof2Silicon/journal_phase/dafny_to_rtl_pipeline/generated_python_raw/gpt-5.3-codex/Dafny_502_firstverified,/u/mjha1/Proof2Silicon/journal_phase/dafny_to_rtl_pipeline/generated_python_raw/gpt-5.3-codex/Dafny_502_firstverified-py,/u/mjha1/Proof2Silicon/journal_phase/dafny_to_rtl_pipeline/generated_python_raw/gpt-5.3-codex/Dafny_502_firstverified-py/module_.py,/u/mjha1/Proof2Silicon/journal_phase/dafny_to_rtl_pipeline/generated_python/gpt-5.3-codex/Dafny_502_firstverified.py,0,True,0.803,/u/mjha1/Proof2Silicon/journal_phase/dafny_to_rtl_pipeline/logs/dafny_to_python/gpt-5.3-codex/Dafny_502_firstverified.log
gpt-5.3-codex,Dafny_503_firstverified,True,/u/mjha1/Proof2Silicon/journal_phase/dafny_to_rtl_pipeline/dafny_outputs/gpt-5.3-codex/Dafny_503_firstverified.dfy,/u/mjha1/Proof2Silicon/journal_phase/dafny_to_rtl_pipeline/generated_python_raw/gpt-5.3-codex/Dafny_503_firstverified,/u/mjha1/Proof2Silicon/journal_phase/dafny_to_rtl_pipeline/generated_python_raw/gpt-5.3-codex/Dafny_503_firstverified-py,/u/mjha1/Proof2Silicon/journal_phase/dafny_to_rtl_pipeline/generated_python_raw/gpt-5.3-codex/Dafny_503_firstverified-py/module_.py,/u/mjha1/Proof2Silicon/journal_phase/dafny_to_rtl_pipeline/generated_python/gpt-5.3-codex/Dafny_503_firstverified.py,0,True,0.865,/u/mjha1/Proof2Silicon/journal_phase/dafny_to_rtl_pipeline/logs/dafny_to_python/gpt-5.3-codex/Dafny_503_firstverified.log
gpt-5.3-codex,Dafny_505_firstverified,True,/u/mjha1/Proof2Silicon/journal_phase/dafny_to_rtl_pipeline/dafny_outputs/gpt-5.3-codex/Dafny_505_firstverified.dfy,/u/mjha1/Proof2Silicon/journal_phase/dafny_to_rtl_pipeline/generated_python_raw/gpt-5.3-codex/Dafny_505_firstverified,/u/mjha1/Proof2Silicon/journal_phase/dafny_to_rtl_pipeline/generated_python_raw/gpt-5.3-codex/Dafny_505_firstverified-py,/u/mjha1/Proof2Silicon/journal_phase/dafny_to_rtl_pipeline/generated_python_raw/gpt-5.3-codex/Dafny_505_firstverified-py/module_.py,/u/mjha1/Proof2Silicon/journal_phase/dafny_to_rtl_pipeline/generated_python/gpt-5.3-codex/Dafny_505_firstverified.py,0,True,0.635,/u/mjha1/Proof2Silicon/journal_phase/dafny_to_rtl_pipeline/logs/dafny_to_python/gpt-5.3-codex/Dafny_505_firstverified.log
gpt-5.3-codex,Dafny_510,False,/u/mjha1/Proof2Silicon/journal_phase/dafny_to_rtl_pipeline/dafny_outputs/gpt-5.3-codex/Dafny_510.dfy,/u/mjha1/Proof2Silicon/journal_phase/dafny_to_rtl_pipeline/generated_python_raw/gpt-5.3-codex/Dafny_510,/u/mjha1/Proof2Silicon/journal_phase/dafny_to_rtl_pipeline/generated_python_raw/gpt-5.3-codex/Dafny_510-py,/u/mjha1/Proof2Silicon/journal_phase/dafny_to_rtl_pipeline/generated_python_raw/gpt-5.3-codex/Dafny_510-py/module_.py,/u/mjha1/Proof2Silicon/journal_phase/dafny_to_rtl_pipeline/generated_python/gpt-5.3-codex/Dafny_510.py,0,True,0.769,/u/mjha1/Proof2Silicon/journal_phase/dafny_to_rtl_pipeline/logs/dafny_to_python/gpt-5.3-codex/Dafny_510.log
gpt-5.3-codex,Dafny_518_firstverified,True,/u/mjha1/Proof2Silicon/journal_phase/dafny_to_rtl_pipeline/dafny_outputs/gpt-5.3-codex/Dafny_518_firstverified.dfy,/u/mjha1/Proof2Silicon/journal_phase/dafny_to_rtl_pipeline/generated_python_raw/gpt-5.3-codex/Dafny_518_firstverified,/u/mjha1/Proof2Silicon/journal_phase/dafny_to_rtl_pipeline/generated_python_raw/gpt-5.3-codex/Dafny_518_firstverified-py,/u/mjha1/Proof2Silicon/journal_phase/dafny_to_rtl_pipeline/generated_python_raw/gpt-5.3-codex/Dafny_518_firstverified-py/module_.py,/u/mjha1/Proof2Silicon/journal_phase/dafny_to_rtl_pipeline/generated_python/gpt-5.3-codex/Dafny_518_firstverified.py,0,True,0.798,/u/mjha1/Proof2Silicon/journal_phase/dafny_to_rtl_pipeline/logs/dafny_to_python/gpt-5.3-codex/Dafny_518_firstverified.log
gpt-5.3-codex,Dafny_536_firstverified,True,/u/mjha1/Proof2Silicon/journal_phase/dafny_to_rtl_pipeline/dafny_outputs/gpt-5.3-codex/Dafny_536_firstverified.dfy,/u/mjha1/Proof2Silicon/journal_phase/dafny_to_rtl_pipeline/generated_python_raw/gpt-5.3-codex/Dafny_536_firstverified,/u/mjha1/Proof2Silicon/journal_phase/dafny_to_rtl_pipeline/generated_python_raw/gpt-5.3-codex/Dafny_536_firstverified-py,/u/mjha1/Proof2Silicon/journal_phase/dafny_to_rtl_pipeline/generated_python_raw/gpt-5.3-codex/Dafny_536_firstverified-py/module_.py,/u/mjha1/Proof2Silicon/journal_phase/dafny_to_rtl_pipeline/generated_python/gpt-5.3-codex/Dafny_536_firstverified.py,0,True,0.801,/u/mjha1/Proof2Silicon/journal_phase/dafny_to_rtl_pipeline/logs/dafny_to_python/gpt-5.3-codex/Dafny_536_firstverified.log
gpt-5.3-codex,Dafny_537_firstverified,True,/u/mjha1/Proof2Silicon/journal_phase/dafny_to_rtl_pipeline/dafny_outputs/gpt-5.3-codex/Dafny_537_firstverified.dfy,/u/mjha1/Proof2Silicon/journal_phase/dafny_to_rtl_pipeline/generated_python_raw/gpt-5.3-codex/Dafny_537_firstverified,/u/mjha1/Proof2Silicon/journal_phase/dafny_to_rtl_pipeline/generated_python_raw/gpt-5.3-codex/Dafny_537_firstverified-py,/u/mjha1/Proof2Silicon/journal_phase/dafny_to_rtl_pipeline/generated_python_raw/gpt-5.3-codex/Dafny_537_firstverified-py/module_.py,/u/mjha1/Proof2Silicon/journal_phase/dafny_to_rtl_pipeline/generated_python/gpt-5.3-codex/Dafny_537_firstverified.py,0,True,0.714,/u/mjha1/Proof2Silicon/journal_phase/dafny_to_rtl_pipeline/logs/dafny_to_python/gpt-5.3-codex/Dafny_537_firstverified.log
gpt-5.3-codex,Dafny_539_firstverified,True,/u/mjha1/Proof2Silicon/journal_phase/dafny_to_rtl_pipeline/dafny_outputs/gpt-5.3-codex/Dafny_539_firstverified.dfy,/u/mjha1/Proof2Silicon/journal_phase/dafny_to_rtl_pipeline/generated_python_raw/gpt-5.3-codex/Dafny_539_firstverified,/u/mjha1/Proof2Silicon/journal_phase/dafny_to_rtl_pipeline/generated_python_raw/gpt-5.3-codex/Dafny_539_firstverified-py,/u/mjha1/Proof2Silicon/journal_phase/dafny_to_rtl_pipeline/generated_python_raw/gpt-5.3-codex/Dafny_539_firstverified-py/module_.py,/u/mjha1/Proof2Silicon/journal_phase/dafny_to_rtl_pipeline/generated_python/gpt-5.3-codex/Dafny_539_firstverified.py,0,True,0.883,/u/mjha1/Proof2Silicon/journal_phase/dafny_to_rtl_pipeline/logs/dafny_to_python/gpt-5.3-codex/Dafny_539_firstverified.log
gpt-5.3-codex,Dafny_542_firstverified,True,/u/mjha1/Proof2Silicon/journal_phase/dafny_to_rtl_pipeline/dafny_outputs/gpt-5.3-codex/Dafny_542_firstverified.dfy,/u/mjha1/Proof2Silicon/journal_phase/dafny_to_rtl_pipeline/generated_python_raw/gpt-5.3-codex/Dafny_542_firstverified,/u/mjha1/Proof2Silicon/journal_phase/dafny_to_rtl_pipeline/generated_python_raw/gpt-5.3-codex/Dafny_542_firstverified-py,/u/mjha1/Proof2Silicon/journal_phase/dafny_to_rtl_pipeline/generated_python_raw/gpt-5.3-codex/Dafny_542_firstverified-py/module_.py,/u/mjha1/Proof2Silicon/journal_phase/dafny_to_rtl_pipeline/generated_python/gpt-5.3-codex/Dafny_542_firstverified.py,0,True,0.669,/u/mjha1/Proof2Silicon/journal_phase/dafny_to_rtl_pipeline/logs/dafny_to_python/gpt-5.3-codex/Dafny_542_firstverified.log
gpt-5.3-codex,Dafny_546_firstverified,True,/u/mjha1/Proof2Silicon/journal_phase/dafny_to_rtl_pipeline/dafny_outputs/gpt-5.3-codex/Dafny_546_firstverified.dfy,/u/mjha1/Proof2Silicon/journal_phase/dafny_to_rtl_pipeline/generated_python_raw/gpt-5.3-codex/Dafny_546_firstverified,/u/mjha1/Proof2Silicon/journal_phase/dafny_to_rtl_pipeline/generated_python_raw/gpt-5.3-codex/Dafny_546_firstverified-py,/u/mjha1/Proof2Silicon/journal_phase/dafny_to_rtl_pipeline/generated_python_raw/gpt-5.3-codex/Dafny_546_firstverified-py/module_.py,/u/mjha1/Proof2Silicon/journal_phase/dafny_to_rtl_pipeline/generated_python/gpt-5.3-codex/Dafny_546_firstverified.py,0,True,0.795,/u/mjha1/Proof2Silicon/journal_phase/dafny_to_rtl_pipeline/logs/dafny_to_python/gpt-5.3-codex/Dafny_546_firstverified.log
gpt-5.3-codex,Dafny_554,False,/u/mjha1/Proof2Silicon/journal_phase/dafny_to_rtl_pipeline/dafny_outputs/gpt-5.3-codex/Dafny_554.dfy,/u/mjha1/Proof2Silicon/journal_phase/dafny_to_rtl_pipeline/generated_python_raw/gpt-5.3-codex/Dafny_554,/u/mjha1/Proof2Silicon/journal_phase/dafny_to_rtl_pipeline/generated_python_raw/gpt-5.3-codex/Dafny_554-py,/u/mjha1/Proof2Silicon/journal_phase/dafny_to_rtl_pipeline/generated_python_raw/gpt-5.3-codex/Dafny_554-py/module_.py,/u/mjha1/Proof2Silicon/journal_phase/dafny_to_rtl_pipeline/generated_python/gpt-5.3-codex/Dafny_554.py,0,True,0.772,/u/mjha1/Proof2Silicon/journal_phase/dafny_to_rtl_pipeline/logs/dafny_to_python/gpt-5.3-codex/Dafny_554.log
gpt-5.3-codex,Dafny_556,False,/u/mjha1/Proof2Silicon/journal_phase/dafny_to_rtl_pipeline/dafny_outputs/gpt-5.3-codex/Dafny_556.dfy,/u/mjha1/Proof2Silicon/journal_phase/dafny_to_rtl_pipeline/generated_python_raw/gpt-5.3-codex/Dafny_556,/u/mjha1/Proof2Silicon/journal_phase/dafny_to_rtl_pipeline/generated_python_raw/gpt-5.3-codex/Dafny_556-py,/u/mjha1/Proof2Silicon/journal_phase/dafny_to_rtl_pipeline/generated_python_raw/gpt-5.3-codex/Dafny_556-py/module_.py,/u/mjha1/Proof2Silicon/journal_phase/dafny_to_rtl_pipeline/generated_python/gpt-5.3-codex/Dafny_556.py,0,True,0.799,/u/mjha1/Proof2Silicon/journal_phase/dafny_to_rtl_pipeline/logs/dafny_to_python/gpt-5.3-codex/Dafny_556.log
gpt-5.3-codex,Dafny_561_firstverified,True,/u/mjha1/Proof2Silicon/journal_phase/dafny_to_rtl_pipeline/dafny_outputs/gpt-5.3-codex/Dafny_561_firstverified.dfy,/u/mjha1/Proof2Silicon/journal_phase/dafny_to_rtl_pipeline/generated_python_raw/gpt-5.3-codex/Dafny_561_firstverified,/u/mjha1/Proof2Silicon/journal_phase/dafny_to_rtl_pipeline/generated_python_raw/gpt-5.3-codex/Dafny_561_firstverified-py,/u/mjha1/Proof2Silicon/journal_phase/dafny_to_rtl_pipeline/generated_python_raw/gpt-5.3-codex/Dafny_561_firstverified-py/module_.py,/u/mjha1/Proof2Silicon/journal_phase/dafny_to_rtl_pipeline/generated_python/gpt-5.3-codex/Dafny_561_firstverified.py,0,True,0.754,/u/mjha1/Proof2Silicon/journal_phase/dafny_to_rtl_pipeline/logs/dafny_to_python/gpt-5.3-codex/Dafny_561_firstverified.log
gpt-5.3-codex,Dafny_62_firstverified,True,/u/mjha1/Proof2Silicon/journal_phase/dafny_to_rtl_pipeline/dafny_outputs/gpt-5.3-codex/Dafny_62_firstverified.dfy,/u/mjha1/Proof2Silicon/journal_phase/dafny_to_rtl_pipeline/generated_python_raw/gpt-5.3-codex/Dafny_62_firstverified,/u/mjha1/Proof2Silicon/journal_phase/dafny_to_rtl_pipeline/generated_python_raw/gpt-5.3-codex/Dafny_62_firstverified-py,/u/mjha1/Proof2Silicon/journal_phase/dafny_to_rtl_pipeline/generated_python_raw/gpt-5.3-codex/Dafny_62_firstverified-py/module_.py,/u/mjha1/Proof2Silicon/journal_phase/dafny_to_rtl_pipeline/generated_python/gpt-5.3-codex/Dafny_62_firstverified.py,0,True,0.73,/u/mjha1/Proof2Silicon/journal_phase/dafny_to_rtl_pipeline/logs/dafny_to_python/gpt-5.3-codex/Dafny_62_firstverified.log
gpt-5.3-codex,Dafny_64_firstverified,True,/u/mjha1/Proof2Silicon/journal_phase/dafny_to_rtl_pipeline/dafny_outputs/gpt-5.3-codex/Dafny_64_firstverified.dfy,/u/mjha1/Proof2Silicon/journal_phase/dafny_to_rtl_pipeline/generated_python_raw/gpt-5.3-codex/Dafny_64_firstverified,/u/mjha1/Proof2Silicon/journal_phase/dafny_to_rtl_pipeline/generated_python_raw/gpt-5.3-codex/Dafny_64_firstverified-py,/u/mjha1/Proof2Silicon/journal_phase/dafny_to_rtl_pipeline/generated_python_raw/gpt-5.3-codex/Dafny_64_firstverified-py/module_.py,/u/mjha1/Proof2Silicon/journal_phase/dafny_to_rtl_pipeline/generated_python/gpt-5.3-codex/Dafny_64_firstverified.py,0,True,0.732,/u/mjha1/Proof2Silicon/journal_phase/dafny_to_rtl_pipeline/logs/dafny_to_python/gpt-5.3-codex/Dafny_64_firstverified.log
gpt-5.3-codex,Dafny_65_firstverified,True,/u/mjha1/Proof2Silicon/journal_phase/dafny_to_rtl_pipeline/dafny_outputs/gpt-5.3-codex/Dafny_65_firstverified.dfy,/u/mjha1/Proof2Silicon/journal_phase/dafny_to_rtl_pipeline/generated_python_raw/gpt-5.3-codex/Dafny_65_firstverified,/u/mjha1/Proof2Silicon/journal_phase/dafny_to_rtl_pipeline/generated_python_raw/gpt-5.3-codex/Dafny_65_firstverified-py,/u/mjha1/Proof2Silicon/journal_phase/dafny_to_rtl_pipeline/generated_python_raw/gpt-5.3-codex/Dafny_65_firstverified-py/module_.py,/u/mjha1/Proof2Silicon/journal_phase/dafny_to_rtl_pipeline/generated_python/gpt-5.3-codex/Dafny_65_firstverified.py,0,True,0.675,/u/mjha1/Proof2Silicon/journal_phase/dafny_to_rtl_pipeline/logs/dafny_to_python/gpt-5.3-codex/Dafny_65_firstverified.log
gpt-5.3-codex,Dafny_67_firstverified,True,/u/mjha1/Proof2Silicon/journal_phase/dafny_to_rtl_pipeline/dafny_outputs/gpt-5.3-codex/Dafny_67_firstverified.dfy,/u/mjha1/Proof2Silicon/journal_phase/dafny_to_rtl_pipeline/generated_python_raw/gpt-5.3-codex/Dafny_67_firstverified,/u/mjha1/Proof2Silicon/journal_phase/dafny_to_rtl_pipeline/generated_python_raw/gpt-5.3-codex/Dafny_67_firstverified-py,/u/mjha1/Proof2Silicon/journal_phase/dafny_to_rtl_pipeline/generated_python_raw/gpt-5.3-codex/Dafny_67_firstverified-py/module_.py,/u/mjha1/Proof2Silicon/journal_phase/dafny_to_rtl_pipeline/generated_python/gpt-5.3-codex/Dafny_67_firstverified.py,0,True,0.71,/u/mjha1/Proof2Silicon/journal_phase/dafny_to_rtl_pipeline/logs/dafny_to_python/gpt-5.3-codex/Dafny_67_firstverified.log
gpt-5.3-codex,Dafny_71_firstverified,True,/u/mjha1/Proof2Silicon/journal_phase/dafny_to_rtl_pipeline/dafny_outputs/gpt-5.3-codex/Dafny_71_firstverified.dfy,/u/mjha1/Proof2Silicon/journal_phase/dafny_to_rtl_pipeline/generated_python_raw/gpt-5.3-codex/Dafny_71_firstverified,/u/mjha1/Proof2Silicon/journal_phase/dafny_to_rtl_pipeline/generated_python_raw/gpt-5.3-codex/Dafny_71_firstverified-py,/u/mjha1/Proof2Silicon/journal_phase/dafny_to_rtl_pipeline/generated_python_raw/gpt-5.3-codex/Dafny_71_firstverified-py/module_.py,/u/mjha1/Proof2Silicon/journal_phase/dafny_to_rtl_pipeline/generated_python/gpt-5.3-codex/Dafny_71_firstverified.py,0,True,0.666,/u/mjha1/Proof2Silicon/journal_phase/dafny_to_rtl_pipeline/logs/dafny_to_python/gpt-5.3-codex/Dafny_71_firstverified.log
gpt-5.3-codex,Dafny_78_firstverified,True,/u/mjha1/Proof2Silicon/journal_phase/dafny_to_rtl_pipeline/dafny_outputs/gpt-5.3-codex/Dafny_78_firstverified.dfy,/u/mjha1/Proof2Silicon/journal_phase/dafny_to_rtl_pipeline/generated_python_raw/gpt-5.3-codex/Dafny_78_firstverified,/u/mjha1/Proof2Silicon/journal_phase/dafny_to_rtl_pipeline/generated_python_raw/gpt-5.3-codex/Dafny_78_firstverified-py,/u/mjha1/Proof2Silicon/journal_phase/dafny_to_rtl_pipeline/generated_python_raw/gpt-5.3-codex/Dafny_78_firstverified-py/module_.py,/u/mjha1/Proof2Silicon/journal_phase/dafny_to_rtl_pipeline/generated_python/gpt-5.3-codex/Dafny_78_firstverified.py,0,True,0.781,/u/mjha1/Proof2Silicon/journal_phase/dafny_to_rtl_pipeline/logs/dafny_to_python/gpt-5.3-codex/Dafny_78_firstverified.log
gpt-5.3-codex,Dafny_91_firstverified,True,/u/mjha1/Proof2Silicon/journal_phase/dafny_to_rtl_pipeline/dafny_outputs/gpt-5.3-codex/Dafny_91_firstverified.dfy,/u/mjha1/Proof2Silicon/journal_phase/dafny_to_rtl_pipeline/generated_python_raw/gpt-5.3-codex/Dafny_91_firstverified,/u/mjha1/Proof2Silicon/journal_phase/dafny_to_rtl_pipeline/generated_python_raw/gpt-5.3-codex/Dafny_91_firstverified-py,/u/mjha1/Proof2Silicon/journal_phase/dafny_to_rtl_pipeline/generated_python_raw/gpt-5.3-codex/Dafny_91_firstverified-py/module_.py,/u/mjha1/Proof2Silicon/journal_phase/dafny_to_rtl_pipeline/generated_python/gpt-5.3-codex/Dafny_91_firstverified.py,0,True,0.863,/u/mjha1/Proof2Silicon/journal_phase/dafny_to_rtl_pipeline/logs/dafny_to_python/gpt-5.3-codex/Dafny_91_firstverified.log
gpt-5.3-codex,Dafny_96_firstverified,True,/u/mjha1/Proof2Silicon/journal_phase/dafny_to_rtl_pipeline/dafny_outputs/gpt-5.3-codex/Dafny_96_firstverified.dfy,/u/mjha1/Proof2Silicon/journal_phase/dafny_to_rtl_pipeline/generated_python_raw/gpt-5.3-codex/Dafny_96_firstverified,/u/mjha1/Proof2Silicon/journal_phase/dafny_to_rtl_pipeline/generated_python_raw/gpt-5.3-codex/Dafny_96_firstverified-py,/u/mjha1/Proof2Silicon/journal_phase/dafny_to_rtl_pipeline/generated_python_raw/gpt-5.3-codex/Dafny_96_firstverified-py/module_.py,/u/mjha1/Proof2Silicon/journal_phase/dafny_to_rtl_pipeline/generated_python/gpt-5.3-codex/Dafny_96_firstverified.py,0,True,0.653,/u/mjha1/Proof2Silicon/journal_phase/dafny_to_rtl_pipeline/logs/dafny_to_python/gpt-5.3-codex/Dafny_96_firstverified.log
gpt-5.3-codex,Dafny_99_firstverified,True,/u/mjha1/Proof2Silicon/journal_phase/dafny_to_rtl_pipeline/dafny_outputs/gpt-5.3-codex/Dafny_99_firstverified.dfy,/u/mjha1/Proof2Silicon/journal_phase/dafny_to_rtl_pipeline/generated_python_raw/gpt-5.3-codex/Dafny_99_firstverified,/u/mjha1/Proof2Silicon/journal_phase/dafny_to_rtl_pipeline/generated_python_raw/gpt-5.3-codex/Dafny_99_firstverified-py,/u/mjha1/Proof2Silicon/journal_phase/dafny_to_rtl_pipeline/generated_python_raw/gpt-5.3-codex/Dafny_99_firstverified-py/module_.py,/u/mjha1/Proof2Silicon/journal_phase/dafny_to_rtl_pipeline/generated_python/gpt-5.3-codex/Dafny_99_firstverified.py,0,True,0.768,/u/mjha1/Proof2Silicon/journal_phase/dafny_to_rtl_pipeline/logs/dafny_to_python/gpt-5.3-codex/Dafny_99_firstverified.log
