2026-03-18 03:29:35,576 - INFO - Starting execution...
2026-03-18 03:29:35,576 - INFO - Processing folders in /mnt/shared/gpfs/home/manvij2/journal_phase/test_folder_one
2026-03-18 03:29:55,135 - INFO - Processing subfolder: /mnt/shared/gpfs/home/manvij2/journal_phase/test_folder_one/Dafny(55)
2026-03-18 03:29:55,136 - INFO - Prompt preview for Dafny(55): The provided Dafny code defines a method `ToArray` that converts a sequence `xs` of type `T` into an array `a`. The method ensures that the resulting array is a fresh allocation, matches the length of...
2026-03-18 03:29:55,138 - INFO - Starting training for Dafny(55)
2026-03-18 03:29:55,138 - INFO - Starting/Resuming SLM training with sequence-level policy gradient...
2026-03-18 03:29:55,164 - INFO - Created checkpoint directory at: /mnt/shared/gpfs/home/manvij2/checkpoints/run_CHK
2026-03-18 03:29:55,164 - INFO - 
Starting Epoch 1/5
2026-03-18 03:29:55,164 - INFO - Processing batch 1/1
2026-03-18 03:30:07,280 - ERROR - Error while processing subfolder Dafny(55): CUDA out of memory. Tried to allocate 20.00 MiB. GPU 0 has a total capacity of 79.18 GiB of which 15.19 GiB is free. Including non-PyTorch memory, this process has 63.98 GiB memory in use. 63.34 GiB allowed; Of the allocated memory 61.81 GiB is allocated by PyTorch, and 1.52 GiB is reserved by PyTorch but unallocated. If reserved but unallocated memory is large try setting PYTORCH_CUDA_ALLOC_CONF=expandable_segments:True to avoid fragmentation.  See documentation for Memory Management  (https://pytorch.org/docs/stable/notes/cuda.html#environment-variables)
Traceback (most recent call last):
  File "/mnt/shared/gpfs/home/manvij2/journal_phase/CODEBASE/main.py", line 102, in process_one_subfolder
    total_rewards, successful_examples = train_slm_with_grpo(
                                         ^^^^^^^^^^^^^^^^^^^^
  File "/mnt/shared/gpfs/home/manvij2/journal_phase/CODEBASE/preface_rl/slm.py", line 563, in train_slm_with_grpo
    ) = generate_instruction_with_logprobs(
        ^^^^^^^^^^^^^^^^^^^^^^^^^^^^^^^^^^^
  File "/mnt/shared/gpfs/home/manvij2/journal_phase/CODEBASE/preface_rl/slm.py", line 246, in generate_instruction_with_logprobs
    logits, _ = slm_pg(input_ids=input_ids, attention_mask=attention_mask)
                ^^^^^^^^^^^^^^^^^^^^^^^^^^^^^^^^^^^^^^^^^^^^^^^^^^^^^^^^^^
  File "/mnt/shared/gpfs/home/manvij2/dafny/lib/python3.12/site-packages/torch/nn/modules/module.py", line 1739, in _wrapped_call_impl
    return self._call_impl(*args, **kwargs)
           ^^^^^^^^^^^^^^^^^^^^^^^^^^^^^^^^
  File "/mnt/shared/gpfs/home/manvij2/dafny/lib/python3.12/site-packages/torch/nn/modules/module.py", line 1750, in _call_impl
    return forward_call(*args, **kwargs)
           ^^^^^^^^^^^^^^^^^^^^^^^^^^^^^
  File "/mnt/shared/gpfs/home/manvij2/journal_phase/CODEBASE/preface_rl/slm.py", line 211, in forward
    outputs = self.model(
              ^^^^^^^^^^^
  File "/mnt/shared/gpfs/home/manvij2/dafny/lib/python3.12/site-packages/torch/nn/modules/module.py", line 1739, in _wrapped_call_impl
    return self._call_impl(*args, **kwargs)
           ^^^^^^^^^^^^^^^^^^^^^^^^^^^^^^^^
  File "/mnt/shared/gpfs/home/manvij2/dafny/lib/python3.12/site-packages/torch/nn/modules/module.py", line 1750, in _call_impl
    return forward_call(*args, **kwargs)
           ^^^^^^^^^^^^^^^^^^^^^^^^^^^^^
  File "/mnt/shared/gpfs/home/manvij2/dafny/lib/python3.12/site-packages/peft/peft_model.py", line 1756, in forward
    return self.base_model(
           ^^^^^^^^^^^^^^^^
  File "/mnt/shared/gpfs/home/manvij2/dafny/lib/python3.12/site-packages/torch/nn/modules/module.py", line 1739, in _wrapped_call_impl
    return self._call_impl(*args, **kwargs)
           ^^^^^^^^^^^^^^^^^^^^^^^^^^^^^^^^
  File "/mnt/shared/gpfs/home/manvij2/dafny/lib/python3.12/site-packages/torch/nn/modules/module.py", line 1750, in _call_impl
    return forward_call(*args, **kwargs)
           ^^^^^^^^^^^^^^^^^^^^^^^^^^^^^
  File "/mnt/shared/gpfs/home/manvij2/dafny/lib/python3.12/site-packages/peft/tuners/tuners_utils.py", line 193, in forward
    return self.model.forward(*args, **kwargs)
           ^^^^^^^^^^^^^^^^^^^^^^^^^^^^^^^^^^^
  File "/mnt/shared/gpfs/home/manvij2/dafny/lib/python3.12/site-packages/transformers/utils/generic.py", line 918, in wrapper
    output = func(self, *args, **kwargs)
             ^^^^^^^^^^^^^^^^^^^^^^^^^^^
  File "/mnt/shared/gpfs/home/manvij2/dafny/lib/python3.12/site-packages/transformers/models/qwen2/modeling_qwen2.py", line 449, in forward
    outputs: BaseModelOutputWithPast = self.model(
                                       ^^^^^^^^^^^
  File "/mnt/shared/gpfs/home/manvij2/dafny/lib/python3.12/site-packages/torch/nn/modules/module.py", line 1739, in _wrapped_call_impl
    return self._call_impl(*args, **kwargs)
           ^^^^^^^^^^^^^^^^^^^^^^^^^^^^^^^^
  File "/mnt/shared/gpfs/home/manvij2/dafny/lib/python3.12/site-packages/torch/nn/modules/module.py", line 1750, in _call_impl
    return forward_call(*args, **kwargs)
           ^^^^^^^^^^^^^^^^^^^^^^^^^^^^^
  File "/mnt/shared/gpfs/home/manvij2/dafny/lib/python3.12/site-packages/transformers/utils/generic.py", line 1072, in wrapper
    outputs = func(self, *args, **kwargs)
              ^^^^^^^^^^^^^^^^^^^^^^^^^^^
  File "/mnt/shared/gpfs/home/manvij2/dafny/lib/python3.12/site-packages/transformers/models/qwen2/modeling_qwen2.py", line 384, in forward
    hidden_states = decoder_layer(
                    ^^^^^^^^^^^^^^
  File "/mnt/shared/gpfs/home/manvij2/dafny/lib/python3.12/site-packages/transformers/modeling_layers.py", line 94, in __call__
    return super().__call__(*args, **kwargs)
           ^^^^^^^^^^^^^^^^^^^^^^^^^^^^^^^^^
  File "/mnt/shared/gpfs/home/manvij2/dafny/lib/python3.12/site-packages/torch/nn/modules/module.py", line 1739, in _wrapped_call_impl
    return self._call_impl(*args, **kwargs)
           ^^^^^^^^^^^^^^^^^^^^^^^^^^^^^^^^
  File "/mnt/shared/gpfs/home/manvij2/dafny/lib/python3.12/site-packages/torch/nn/modules/module.py", line 1750, in _call_impl
    return forward_call(*args, **kwargs)
           ^^^^^^^^^^^^^^^^^^^^^^^^^^^^^
  File "/mnt/shared/gpfs/home/manvij2/dafny/lib/python3.12/site-packages/transformers/utils/generic.py", line 1031, in wrapped_forward
    output = orig_forward(*args, **kwargs)
             ^^^^^^^^^^^^^^^^^^^^^^^^^^^^^
  File "/mnt/shared/gpfs/home/manvij2/dafny/lib/python3.12/site-packages/transformers/utils/deprecation.py", line 172, in wrapped_func
    return func(*args, **kwargs)
           ^^^^^^^^^^^^^^^^^^^^^
  File "/mnt/shared/gpfs/home/manvij2/dafny/lib/python3.12/site-packages/transformers/models/qwen2/modeling_qwen2.py", line 249, in forward
    hidden_states = self.mlp(hidden_states)
                    ^^^^^^^^^^^^^^^^^^^^^^^
  File "/mnt/shared/gpfs/home/manvij2/dafny/lib/python3.12/site-packages/torch/nn/modules/module.py", line 1739, in _wrapped_call_impl
    return self._call_impl(*args, **kwargs)
           ^^^^^^^^^^^^^^^^^^^^^^^^^^^^^^^^
  File "/mnt/shared/gpfs/home/manvij2/dafny/lib/python3.12/site-packages/torch/nn/modules/module.py", line 1750, in _call_impl
    return forward_call(*args, **kwargs)
           ^^^^^^^^^^^^^^^^^^^^^^^^^^^^^
  File "/mnt/shared/gpfs/home/manvij2/dafny/lib/python3.12/site-packages/transformers/models/qwen2/modeling_qwen2.py", line 46, in forward
    down_proj = self.down_proj(self.act_fn(self.gate_proj(x)) * self.up_proj(x))
                                                                ^^^^^^^^^^^^^^^
  File "/mnt/shared/gpfs/home/manvij2/dafny/lib/python3.12/site-packages/torch/nn/modules/module.py", line 1739, in _wrapped_call_impl
    return self._call_impl(*args, **kwargs)
           ^^^^^^^^^^^^^^^^^^^^^^^^^^^^^^^^
  File "/mnt/shared/gpfs/home/manvij2/dafny/lib/python3.12/site-packages/torch/nn/modules/module.py", line 1750, in _call_impl
    return forward_call(*args, **kwargs)
           ^^^^^^^^^^^^^^^^^^^^^^^^^^^^^
  File "/mnt/shared/gpfs/home/manvij2/dafny/lib/python3.12/site-packages/peft/tuners/lora/bnb.py", line 232, in forward
    result = self.base_layer(x, *args, **kwargs)
             ^^^^^^^^^^^^^^^^^^^^^^^^^^^^^^^^^^^
  File "/mnt/shared/gpfs/home/manvij2/dafny/lib/python3.12/site-packages/torch/nn/modules/module.py", line 1739, in _wrapped_call_impl
    return self._call_impl(*args, **kwargs)
           ^^^^^^^^^^^^^^^^^^^^^^^^^^^^^^^^
  File "/mnt/shared/gpfs/home/manvij2/dafny/lib/python3.12/site-packages/torch/nn/modules/module.py", line 1750, in _call_impl
    return forward_call(*args, **kwargs)
           ^^^^^^^^^^^^^^^^^^^^^^^^^^^^^
  File "/mnt/shared/gpfs/home/manvij2/dafny/lib/python3.12/site-packages/bitsandbytes/nn/modules.py", line 990, in forward
    out = bnb.matmul(x, self.weight, bias=self.bias, state=self.state)
          ^^^^^^^^^^^^^^^^^^^^^^^^^^^^^^^^^^^^^^^^^^^^^^^^^^^^^^^^^^^^
  File "/mnt/shared/gpfs/home/manvij2/dafny/lib/python3.12/site-packages/bitsandbytes/autograd/_functions.py", line 509, in matmul
    return MatMul8bitLt.apply(A, B, out, bias, state)
           ^^^^^^^^^^^^^^^^^^^^^^^^^^^^^^^^^^^^^^^^^^
  File "/mnt/shared/gpfs/home/manvij2/dafny/lib/python3.12/site-packages/torch/autograd/function.py", line 575, in apply
    return super().apply(*args, **kwargs)  # type: ignore[misc]
           ^^^^^^^^^^^^^^^^^^^^^^^^^^^^^^
  File "/mnt/shared/gpfs/home/manvij2/dafny/lib/python3.12/site-packages/bitsandbytes/autograd/_functions.py", line 373, in forward
    output = F.int8_mm_dequant(out32, SCA, state.SCB, bias=bias).to(A.dtype)
             ^^^^^^^^^^^^^^^^^^^^^^^^^^^^^^^^^^^^^^^^^^^^^^^^^^^^^^^^^^^^^^^
torch.OutOfMemoryError: CUDA out of memory. Tried to allocate 20.00 MiB. GPU 0 has a total capacity of 79.18 GiB of which 15.19 GiB is free. Including non-PyTorch memory, this process has 63.98 GiB memory in use. 63.34 GiB allowed; Of the allocated memory 61.81 GiB is allocated by PyTorch, and 1.52 GiB is reserved by PyTorch but unallocated. If reserved but unallocated memory is large try setting PYTORCH_CUDA_ALLOC_CONF=expandable_segments:True to avoid fragmentation.  See documentation for Memory Management  (https://pytorch.org/docs/stable/notes/cuda.html#environment-variables)
2026-03-18 03:30:10,093 - INFO - Saving final results...
2026-03-18 03:30:10,097 - INFO - Training completed successfully!
2026-03-18 03:39:34,676 - INFO - Starting execution...
2026-03-18 03:39:34,676 - INFO - Processing folders in /mnt/shared/gpfs/home/manvij2/journal_phase/test_folder_one
2026-03-18 03:39:52,449 - INFO - Processing subfolder: /mnt/shared/gpfs/home/manvij2/journal_phase/test_folder_one/Dafny(55)
2026-03-18 03:39:52,450 - INFO - Prompt preview for Dafny(55): The provided Dafny code defines a method `ToArray` that converts a sequence `xs` of type `T` into an array `a`. The method ensures that the resulting array is a fresh allocation, matches the length of...
2026-03-18 03:39:52,454 - INFO - Starting training for Dafny(55)
2026-03-18 03:39:52,455 - INFO - Starting/Resuming SLM training with sequence-level policy gradient...
2026-03-18 03:39:52,481 - INFO - Created checkpoint directory at: /mnt/shared/gpfs/home/manvij2/checkpoints/run_CHK
2026-03-18 03:39:52,481 - INFO - 
Starting Epoch 1/5
2026-03-18 03:39:52,481 - INFO - Processing batch 1/1
2026-03-18 03:40:08,934 - ERROR - Error while processing subfolder Dafny(55): CUDA out of memory. Tried to allocate 20.00 MiB. GPU 0 has a total capacity of 79.18 GiB of which 15.19 GiB is free. Including non-PyTorch memory, this process has 63.99 GiB memory in use. 63.34 GiB allowed; Of the allocated memory 61.84 GiB is allocated by PyTorch, and 1.50 GiB is reserved by PyTorch but unallocated. If reserved but unallocated memory is large try setting PYTORCH_CUDA_ALLOC_CONF=expandable_segments:True to avoid fragmentation.  See documentation for Memory Management  (https://pytorch.org/docs/stable/notes/cuda.html#environment-variables)
Traceback (most recent call last):
  File "/mnt/shared/gpfs/home/manvij2/journal_phase/CODEBASE/main.py", line 102, in process_one_subfolder
    total_rewards, successful_examples = train_slm_with_grpo(
                                         ^^^^^^^^^^^^^^^^^^^^
  File "/mnt/shared/gpfs/home/manvij2/journal_phase/CODEBASE/preface_rl/slm.py", line 564, in train_slm_with_grpo
    ) = generate_instruction_with_logprobs(
        ^^^^^^^^^^^^^^^^^^^^^^^^^^^^^^^^^^^
  File "/mnt/shared/gpfs/home/manvij2/journal_phase/CODEBASE/preface_rl/slm.py", line 247, in generate_instruction_with_logprobs
    logits, _ = slm_pg(input_ids=input_ids, attention_mask=attention_mask)
                ^^^^^^^^^^^^^^^^^^^^^^^^^^^^^^^^^^^^^^^^^^^^^^^^^^^^^^^^^^
  File "/mnt/shared/gpfs/home/manvij2/dafny/lib/python3.12/site-packages/torch/nn/modules/module.py", line 1739, in _wrapped_call_impl
    return self._call_impl(*args, **kwargs)
           ^^^^^^^^^^^^^^^^^^^^^^^^^^^^^^^^
  File "/mnt/shared/gpfs/home/manvij2/dafny/lib/python3.12/site-packages/torch/nn/modules/module.py", line 1750, in _call_impl
    return forward_call(*args, **kwargs)
           ^^^^^^^^^^^^^^^^^^^^^^^^^^^^^
  File "/mnt/shared/gpfs/home/manvij2/journal_phase/CODEBASE/preface_rl/slm.py", line 212, in forward
    outputs = self.model(
              ^^^^^^^^^^^
  File "/mnt/shared/gpfs/home/manvij2/dafny/lib/python3.12/site-packages/torch/nn/modules/module.py", line 1739, in _wrapped_call_impl
    return self._call_impl(*args, **kwargs)
           ^^^^^^^^^^^^^^^^^^^^^^^^^^^^^^^^
  File "/mnt/shared/gpfs/home/manvij2/dafny/lib/python3.12/site-packages/torch/nn/modules/module.py", line 1750, in _call_impl
    return forward_call(*args, **kwargs)
           ^^^^^^^^^^^^^^^^^^^^^^^^^^^^^
  File "/mnt/shared/gpfs/home/manvij2/dafny/lib/python3.12/site-packages/peft/peft_model.py", line 1756, in forward
    return self.base_model(
           ^^^^^^^^^^^^^^^^
  File "/mnt/shared/gpfs/home/manvij2/dafny/lib/python3.12/site-packages/torch/nn/modules/module.py", line 1739, in _wrapped_call_impl
    return self._call_impl(*args, **kwargs)
           ^^^^^^^^^^^^^^^^^^^^^^^^^^^^^^^^
  File "/mnt/shared/gpfs/home/manvij2/dafny/lib/python3.12/site-packages/torch/nn/modules/module.py", line 1750, in _call_impl
    return forward_call(*args, **kwargs)
           ^^^^^^^^^^^^^^^^^^^^^^^^^^^^^
  File "/mnt/shared/gpfs/home/manvij2/dafny/lib/python3.12/site-packages/peft/tuners/tuners_utils.py", line 193, in forward
    return self.model.forward(*args, **kwargs)
           ^^^^^^^^^^^^^^^^^^^^^^^^^^^^^^^^^^^
  File "/mnt/shared/gpfs/home/manvij2/dafny/lib/python3.12/site-packages/transformers/utils/generic.py", line 918, in wrapper
    output = func(self, *args, **kwargs)
             ^^^^^^^^^^^^^^^^^^^^^^^^^^^
  File "/mnt/shared/gpfs/home/manvij2/dafny/lib/python3.12/site-packages/transformers/models/qwen2/modeling_qwen2.py", line 449, in forward
    outputs: BaseModelOutputWithPast = self.model(
                                       ^^^^^^^^^^^
  File "/mnt/shared/gpfs/home/manvij2/dafny/lib/python3.12/site-packages/torch/nn/modules/module.py", line 1739, in _wrapped_call_impl
    return self._call_impl(*args, **kwargs)
           ^^^^^^^^^^^^^^^^^^^^^^^^^^^^^^^^
  File "/mnt/shared/gpfs/home/manvij2/dafny/lib/python3.12/site-packages/torch/nn/modules/module.py", line 1750, in _call_impl
    return forward_call(*args, **kwargs)
           ^^^^^^^^^^^^^^^^^^^^^^^^^^^^^
  File "/mnt/shared/gpfs/home/manvij2/dafny/lib/python3.12/site-packages/transformers/utils/generic.py", line 1072, in wrapper
    outputs = func(self, *args, **kwargs)
              ^^^^^^^^^^^^^^^^^^^^^^^^^^^
  File "/mnt/shared/gpfs/home/manvij2/dafny/lib/python3.12/site-packages/transformers/models/qwen2/modeling_qwen2.py", line 384, in forward
    hidden_states = decoder_layer(
                    ^^^^^^^^^^^^^^
  File "/mnt/shared/gpfs/home/manvij2/dafny/lib/python3.12/site-packages/transformers/modeling_layers.py", line 94, in __call__
    return super().__call__(*args, **kwargs)
           ^^^^^^^^^^^^^^^^^^^^^^^^^^^^^^^^^
  File "/mnt/shared/gpfs/home/manvij2/dafny/lib/python3.12/site-packages/torch/nn/modules/module.py", line 1739, in _wrapped_call_impl
    return self._call_impl(*args, **kwargs)
           ^^^^^^^^^^^^^^^^^^^^^^^^^^^^^^^^
  File "/mnt/shared/gpfs/home/manvij2/dafny/lib/python3.12/site-packages/torch/nn/modules/module.py", line 1750, in _call_impl
    return forward_call(*args, **kwargs)
           ^^^^^^^^^^^^^^^^^^^^^^^^^^^^^
  File "/mnt/shared/gpfs/home/manvij2/dafny/lib/python3.12/site-packages/transformers/utils/generic.py", line 1031, in wrapped_forward
    output = orig_forward(*args, **kwargs)
             ^^^^^^^^^^^^^^^^^^^^^^^^^^^^^
  File "/mnt/shared/gpfs/home/manvij2/dafny/lib/python3.12/site-packages/transformers/utils/deprecation.py", line 172, in wrapped_func
    return func(*args, **kwargs)
           ^^^^^^^^^^^^^^^^^^^^^
  File "/mnt/shared/gpfs/home/manvij2/dafny/lib/python3.12/site-packages/transformers/models/qwen2/modeling_qwen2.py", line 249, in forward
    hidden_states = self.mlp(hidden_states)
                    ^^^^^^^^^^^^^^^^^^^^^^^
  File "/mnt/shared/gpfs/home/manvij2/dafny/lib/python3.12/site-packages/torch/nn/modules/module.py", line 1739, in _wrapped_call_impl
    return self._call_impl(*args, **kwargs)
           ^^^^^^^^^^^^^^^^^^^^^^^^^^^^^^^^
  File "/mnt/shared/gpfs/home/manvij2/dafny/lib/python3.12/site-packages/torch/nn/modules/module.py", line 1750, in _call_impl
    return forward_call(*args, **kwargs)
           ^^^^^^^^^^^^^^^^^^^^^^^^^^^^^
  File "/mnt/shared/gpfs/home/manvij2/dafny/lib/python3.12/site-packages/transformers/models/qwen2/modeling_qwen2.py", line 46, in forward
    down_proj = self.down_proj(self.act_fn(self.gate_proj(x)) * self.up_proj(x))
                                           ^^^^^^^^^^^^^^^^^
  File "/mnt/shared/gpfs/home/manvij2/dafny/lib/python3.12/site-packages/torch/nn/modules/module.py", line 1739, in _wrapped_call_impl
    return self._call_impl(*args, **kwargs)
           ^^^^^^^^^^^^^^^^^^^^^^^^^^^^^^^^
  File "/mnt/shared/gpfs/home/manvij2/dafny/lib/python3.12/site-packages/torch/nn/modules/module.py", line 1750, in _call_impl
    return forward_call(*args, **kwargs)
           ^^^^^^^^^^^^^^^^^^^^^^^^^^^^^
  File "/mnt/shared/gpfs/home/manvij2/dafny/lib/python3.12/site-packages/peft/tuners/lora/bnb.py", line 232, in forward
    result = self.base_layer(x, *args, **kwargs)
             ^^^^^^^^^^^^^^^^^^^^^^^^^^^^^^^^^^^
  File "/mnt/shared/gpfs/home/manvij2/dafny/lib/python3.12/site-packages/torch/nn/modules/module.py", line 1739, in _wrapped_call_impl
    return self._call_impl(*args, **kwargs)
           ^^^^^^^^^^^^^^^^^^^^^^^^^^^^^^^^
  File "/mnt/shared/gpfs/home/manvij2/dafny/lib/python3.12/site-packages/torch/nn/modules/module.py", line 1750, in _call_impl
    return forward_call(*args, **kwargs)
           ^^^^^^^^^^^^^^^^^^^^^^^^^^^^^
  File "/mnt/shared/gpfs/home/manvij2/dafny/lib/python3.12/site-packages/bitsandbytes/nn/modules.py", line 990, in forward
    out = bnb.matmul(x, self.weight, bias=self.bias, state=self.state)
          ^^^^^^^^^^^^^^^^^^^^^^^^^^^^^^^^^^^^^^^^^^^^^^^^^^^^^^^^^^^^
  File "/mnt/shared/gpfs/home/manvij2/dafny/lib/python3.12/site-packages/bitsandbytes/autograd/_functions.py", line 509, in matmul
    return MatMul8bitLt.apply(A, B, out, bias, state)
           ^^^^^^^^^^^^^^^^^^^^^^^^^^^^^^^^^^^^^^^^^^
  File "/mnt/shared/gpfs/home/manvij2/dafny/lib/python3.12/site-packages/torch/autograd/function.py", line 575, in apply
    return super().apply(*args, **kwargs)  # type: ignore[misc]
           ^^^^^^^^^^^^^^^^^^^^^^^^^^^^^^
  File "/mnt/shared/gpfs/home/manvij2/dafny/lib/python3.12/site-packages/bitsandbytes/autograd/_functions.py", line 373, in forward
    output = F.int8_mm_dequant(out32, SCA, state.SCB, bias=bias).to(A.dtype)
             ^^^^^^^^^^^^^^^^^^^^^^^^^^^^^^^^^^^^^^^^^^^^^^^^^^^^^^^^^^^^^^^
torch.OutOfMemoryError: CUDA out of memory. Tried to allocate 20.00 MiB. GPU 0 has a total capacity of 79.18 GiB of which 15.19 GiB is free. Including non-PyTorch memory, this process has 63.99 GiB memory in use. 63.34 GiB allowed; Of the allocated memory 61.84 GiB is allocated by PyTorch, and 1.50 GiB is reserved by PyTorch but unallocated. If reserved but unallocated memory is large try setting PYTORCH_CUDA_ALLOC_CONF=expandable_segments:True to avoid fragmentation.  See documentation for Memory Management  (https://pytorch.org/docs/stable/notes/cuda.html#environment-variables)
2026-03-18 03:40:11,803 - INFO - Saving final results...
2026-03-18 03:40:11,806 - INFO - Training completed successfully!
2026-03-18 03:42:59,942 - INFO - Starting execution...
2026-03-18 03:42:59,942 - INFO - Processing folders in /mnt/shared/gpfs/home/manvij2/journal_phase/test_folder_one
2026-03-18 03:43:16,552 - INFO - Processing subfolder: /mnt/shared/gpfs/home/manvij2/journal_phase/test_folder_one/Dafny(55)
2026-03-18 03:43:16,552 - INFO - Prompt preview for Dafny(55): The provided Dafny code defines a method `ToArray` that converts a sequence `xs` of type `T` into an array `a`. The method ensures that the resulting array is a fresh allocation, matches the length of...
2026-03-18 03:43:16,553 - INFO - Starting training for Dafny(55)
2026-03-18 03:43:16,553 - INFO - Starting/Resuming SLM training with sequence-level policy gradient...
2026-03-18 03:43:16,579 - INFO - Created checkpoint directory at: /mnt/shared/gpfs/home/manvij2/checkpoints/run_CHK
2026-03-18 03:43:16,579 - INFO - 
Starting Epoch 1/5
2026-03-18 03:43:16,579 - INFO - Processing batch 1/1
2026-03-18 03:43:26,265 - ERROR - Error while processing subfolder Dafny(55): CUDA out of memory. Tried to allocate 20.00 MiB. GPU 0 has a total capacity of 79.18 GiB of which 15.19 GiB is free. Including non-PyTorch memory, this process has 63.98 GiB memory in use. 63.34 GiB allowed; Of the allocated memory 61.83 GiB is allocated by PyTorch, and 1.50 GiB is reserved by PyTorch but unallocated. If reserved but unallocated memory is large try setting PYTORCH_CUDA_ALLOC_CONF=expandable_segments:True to avoid fragmentation.  See documentation for Memory Management  (https://pytorch.org/docs/stable/notes/cuda.html#environment-variables)
Traceback (most recent call last):
  File "/mnt/shared/gpfs/home/manvij2/journal_phase/CODEBASE/main.py", line 102, in process_one_subfolder
    total_rewards, successful_examples = train_slm_with_grpo(
                                         ^^^^^^^^^^^^^^^^^^^^
  File "/mnt/shared/gpfs/home/manvij2/journal_phase/CODEBASE/preface_rl/slm.py", line 564, in train_slm_with_grpo
    ) = generate_instruction_with_logprobs(
        ^^^^^^^^^^^^^^^^^^^^^^^^^^^^^^^^^^^
  File "/mnt/shared/gpfs/home/manvij2/journal_phase/CODEBASE/preface_rl/slm.py", line 247, in generate_instruction_with_logprobs
    logits, _ = slm_pg(input_ids=input_ids, attention_mask=attention_mask)
                ^^^^^^^^^^^^^^^^^^^^^^^^^^^^^^^^^^^^^^^^^^^^^^^^^^^^^^^^^^
  File "/mnt/shared/gpfs/home/manvij2/dafny/lib/python3.12/site-packages/torch/nn/modules/module.py", line 1739, in _wrapped_call_impl
    return self._call_impl(*args, **kwargs)
           ^^^^^^^^^^^^^^^^^^^^^^^^^^^^^^^^
  File "/mnt/shared/gpfs/home/manvij2/dafny/lib/python3.12/site-packages/torch/nn/modules/module.py", line 1750, in _call_impl
    return forward_call(*args, **kwargs)
           ^^^^^^^^^^^^^^^^^^^^^^^^^^^^^
  File "/mnt/shared/gpfs/home/manvij2/journal_phase/CODEBASE/preface_rl/slm.py", line 212, in forward
    outputs = self.model(
              ^^^^^^^^^^^
  File "/mnt/shared/gpfs/home/manvij2/dafny/lib/python3.12/site-packages/torch/nn/modules/module.py", line 1739, in _wrapped_call_impl
    return self._call_impl(*args, **kwargs)
           ^^^^^^^^^^^^^^^^^^^^^^^^^^^^^^^^
  File "/mnt/shared/gpfs/home/manvij2/dafny/lib/python3.12/site-packages/torch/nn/modules/module.py", line 1750, in _call_impl
    return forward_call(*args, **kwargs)
           ^^^^^^^^^^^^^^^^^^^^^^^^^^^^^
  File "/mnt/shared/gpfs/home/manvij2/dafny/lib/python3.12/site-packages/peft/peft_model.py", line 1756, in forward
    return self.base_model(
           ^^^^^^^^^^^^^^^^
  File "/mnt/shared/gpfs/home/manvij2/dafny/lib/python3.12/site-packages/torch/nn/modules/module.py", line 1739, in _wrapped_call_impl
    return self._call_impl(*args, **kwargs)
           ^^^^^^^^^^^^^^^^^^^^^^^^^^^^^^^^
  File "/mnt/shared/gpfs/home/manvij2/dafny/lib/python3.12/site-packages/torch/nn/modules/module.py", line 1750, in _call_impl
    return forward_call(*args, **kwargs)
           ^^^^^^^^^^^^^^^^^^^^^^^^^^^^^
  File "/mnt/shared/gpfs/home/manvij2/dafny/lib/python3.12/site-packages/peft/tuners/tuners_utils.py", line 193, in forward
    return self.model.forward(*args, **kwargs)
           ^^^^^^^^^^^^^^^^^^^^^^^^^^^^^^^^^^^
  File "/mnt/shared/gpfs/home/manvij2/dafny/lib/python3.12/site-packages/transformers/utils/generic.py", line 918, in wrapper
    output = func(self, *args, **kwargs)
             ^^^^^^^^^^^^^^^^^^^^^^^^^^^
  File "/mnt/shared/gpfs/home/manvij2/dafny/lib/python3.12/site-packages/transformers/models/qwen2/modeling_qwen2.py", line 449, in forward
    outputs: BaseModelOutputWithPast = self.model(
                                       ^^^^^^^^^^^
  File "/mnt/shared/gpfs/home/manvij2/dafny/lib/python3.12/site-packages/torch/nn/modules/module.py", line 1739, in _wrapped_call_impl
    return self._call_impl(*args, **kwargs)
           ^^^^^^^^^^^^^^^^^^^^^^^^^^^^^^^^
  File "/mnt/shared/gpfs/home/manvij2/dafny/lib/python3.12/site-packages/torch/nn/modules/module.py", line 1750, in _call_impl
    return forward_call(*args, **kwargs)
           ^^^^^^^^^^^^^^^^^^^^^^^^^^^^^
  File "/mnt/shared/gpfs/home/manvij2/dafny/lib/python3.12/site-packages/transformers/utils/generic.py", line 1072, in wrapper
    outputs = func(self, *args, **kwargs)
              ^^^^^^^^^^^^^^^^^^^^^^^^^^^
  File "/mnt/shared/gpfs/home/manvij2/dafny/lib/python3.12/site-packages/transformers/models/qwen2/modeling_qwen2.py", line 384, in forward
    hidden_states = decoder_layer(
                    ^^^^^^^^^^^^^^
  File "/mnt/shared/gpfs/home/manvij2/dafny/lib/python3.12/site-packages/transformers/modeling_layers.py", line 94, in __call__
    return super().__call__(*args, **kwargs)
           ^^^^^^^^^^^^^^^^^^^^^^^^^^^^^^^^^
  File "/mnt/shared/gpfs/home/manvij2/dafny/lib/python3.12/site-packages/torch/nn/modules/module.py", line 1739, in _wrapped_call_impl
    return self._call_impl(*args, **kwargs)
           ^^^^^^^^^^^^^^^^^^^^^^^^^^^^^^^^
  File "/mnt/shared/gpfs/home/manvij2/dafny/lib/python3.12/site-packages/torch/nn/modules/module.py", line 1750, in _call_impl
    return forward_call(*args, **kwargs)
           ^^^^^^^^^^^^^^^^^^^^^^^^^^^^^
  File "/mnt/shared/gpfs/home/manvij2/dafny/lib/python3.12/site-packages/transformers/utils/generic.py", line 1031, in wrapped_forward
    output = orig_forward(*args, **kwargs)
             ^^^^^^^^^^^^^^^^^^^^^^^^^^^^^
  File "/mnt/shared/gpfs/home/manvij2/dafny/lib/python3.12/site-packages/transformers/utils/deprecation.py", line 172, in wrapped_func
    return func(*args, **kwargs)
           ^^^^^^^^^^^^^^^^^^^^^
  File "/mnt/shared/gpfs/home/manvij2/dafny/lib/python3.12/site-packages/transformers/models/qwen2/modeling_qwen2.py", line 249, in forward
    hidden_states = self.mlp(hidden_states)
                    ^^^^^^^^^^^^^^^^^^^^^^^
  File "/mnt/shared/gpfs/home/manvij2/dafny/lib/python3.12/site-packages/torch/nn/modules/module.py", line 1739, in _wrapped_call_impl
    return self._call_impl(*args, **kwargs)
           ^^^^^^^^^^^^^^^^^^^^^^^^^^^^^^^^
  File "/mnt/shared/gpfs/home/manvij2/dafny/lib/python3.12/site-packages/torch/nn/modules/module.py", line 1750, in _call_impl
    return forward_call(*args, **kwargs)
           ^^^^^^^^^^^^^^^^^^^^^^^^^^^^^
  File "/mnt/shared/gpfs/home/manvij2/dafny/lib/python3.12/site-packages/transformers/models/qwen2/modeling_qwen2.py", line 46, in forward
    down_proj = self.down_proj(self.act_fn(self.gate_proj(x)) * self.up_proj(x))
                                           ^^^^^^^^^^^^^^^^^
  File "/mnt/shared/gpfs/home/manvij2/dafny/lib/python3.12/site-packages/torch/nn/modules/module.py", line 1739, in _wrapped_call_impl
    return self._call_impl(*args, **kwargs)
           ^^^^^^^^^^^^^^^^^^^^^^^^^^^^^^^^
  File "/mnt/shared/gpfs/home/manvij2/dafny/lib/python3.12/site-packages/torch/nn/modules/module.py", line 1750, in _call_impl
    return forward_call(*args, **kwargs)
           ^^^^^^^^^^^^^^^^^^^^^^^^^^^^^
  File "/mnt/shared/gpfs/home/manvij2/dafny/lib/python3.12/site-packages/peft/tuners/lora/bnb.py", line 232, in forward
    result = self.base_layer(x, *args, **kwargs)
             ^^^^^^^^^^^^^^^^^^^^^^^^^^^^^^^^^^^
  File "/mnt/shared/gpfs/home/manvij2/dafny/lib/python3.12/site-packages/torch/nn/modules/module.py", line 1739, in _wrapped_call_impl
    return self._call_impl(*args, **kwargs)
           ^^^^^^^^^^^^^^^^^^^^^^^^^^^^^^^^
  File "/mnt/shared/gpfs/home/manvij2/dafny/lib/python3.12/site-packages/torch/nn/modules/module.py", line 1750, in _call_impl
    return forward_call(*args, **kwargs)
           ^^^^^^^^^^^^^^^^^^^^^^^^^^^^^
  File "/mnt/shared/gpfs/home/manvij2/dafny/lib/python3.12/site-packages/bitsandbytes/nn/modules.py", line 990, in forward
    out = bnb.matmul(x, self.weight, bias=self.bias, state=self.state)
          ^^^^^^^^^^^^^^^^^^^^^^^^^^^^^^^^^^^^^^^^^^^^^^^^^^^^^^^^^^^^
  File "/mnt/shared/gpfs/home/manvij2/dafny/lib/python3.12/site-packages/bitsandbytes/autograd/_functions.py", line 509, in matmul
    return MatMul8bitLt.apply(A, B, out, bias, state)
           ^^^^^^^^^^^^^^^^^^^^^^^^^^^^^^^^^^^^^^^^^^
  File "/mnt/shared/gpfs/home/manvij2/dafny/lib/python3.12/site-packages/torch/autograd/function.py", line 575, in apply
    return super().apply(*args, **kwargs)  # type: ignore[misc]
           ^^^^^^^^^^^^^^^^^^^^^^^^^^^^^^
  File "/mnt/shared/gpfs/home/manvij2/dafny/lib/python3.12/site-packages/bitsandbytes/autograd/_functions.py", line 368, in forward
    out32 = F.int8_linear_matmul(CA, state.CB)
            ^^^^^^^^^^^^^^^^^^^^^^^^^^^^^^^^^^
  File "/mnt/shared/gpfs/home/manvij2/dafny/lib/python3.12/site-packages/bitsandbytes/functional.py", line 2342, in int8_linear_matmul
    out = torch.empty(shapeC, device=A.device, dtype=dtype)
          ^^^^^^^^^^^^^^^^^^^^^^^^^^^^^^^^^^^^^^^^^^^^^^^^^
torch.OutOfMemoryError: CUDA out of memory. Tried to allocate 20.00 MiB. GPU 0 has a total capacity of 79.18 GiB of which 15.19 GiB is free. Including non-PyTorch memory, this process has 63.98 GiB memory in use. 63.34 GiB allowed; Of the allocated memory 61.83 GiB is allocated by PyTorch, and 1.50 GiB is reserved by PyTorch but unallocated. If reserved but unallocated memory is large try setting PYTORCH_CUDA_ALLOC_CONF=expandable_segments:True to avoid fragmentation.  See documentation for Memory Management  (https://pytorch.org/docs/stable/notes/cuda.html#environment-variables)
2026-03-18 03:43:29,007 - INFO - Saving final results...
2026-03-18 03:43:29,012 - INFO - Training completed successfully!
2026-03-18 03:46:09,080 - INFO - Starting execution...
2026-03-18 03:46:09,080 - INFO - Processing folders in /mnt/shared/gpfs/home/manvij2/journal_phase/test_folder_one
2026-03-18 03:46:25,864 - INFO - Processing subfolder: /mnt/shared/gpfs/home/manvij2/journal_phase/test_folder_one/Dafny(55)
2026-03-18 03:46:25,865 - INFO - Prompt preview for Dafny(55): The provided Dafny code defines a method `ToArray` that converts a sequence `xs` of type `T` into an array `a`. The method ensures that the resulting array is a fresh allocation, matches the length of...
2026-03-18 03:46:25,866 - INFO - Starting training for Dafny(55)
2026-03-18 03:46:25,866 - INFO - Starting/Resuming SLM training with sequence-level policy gradient...
2026-03-18 03:46:25,895 - INFO - Created checkpoint directory at: /mnt/shared/gpfs/home/manvij2/checkpoints/run_CHK
2026-03-18 03:46:25,895 - INFO - 
Starting Epoch 1/5
2026-03-18 03:46:25,895 - INFO - Processing batch 1/1
2026-03-18 03:46:29,156 - ERROR - Error while processing subfolder Dafny(55): CUDA out of memory. Tried to allocate 20.00 MiB. GPU 0 has a total capacity of 23.60 GiB of which 4.44 GiB is free. Including non-PyTorch memory, this process has 19.15 GiB memory in use. 18.88 GiB allowed; Of the allocated memory 18.50 GiB is allocated by PyTorch, and 386.10 MiB is reserved by PyTorch but unallocated. If reserved but unallocated memory is large try setting PYTORCH_CUDA_ALLOC_CONF=expandable_segments:True to avoid fragmentation.  See documentation for Memory Management  (https://pytorch.org/docs/stable/notes/cuda.html#environment-variables)
Traceback (most recent call last):
  File "/mnt/shared/gpfs/home/manvij2/journal_phase/CODEBASE/main.py", line 102, in process_one_subfolder
    total_rewards, successful_examples = train_slm_with_grpo(
                                         ^^^^^^^^^^^^^^^^^^^^
  File "/mnt/shared/gpfs/home/manvij2/journal_phase/CODEBASE/preface_rl/slm.py", line 564, in train_slm_with_grpo
    ) = generate_instruction_with_logprobs(
        ^^^^^^^^^^^^^^^^^^^^^^^^^^^^^^^^^^^
  File "/mnt/shared/gpfs/home/manvij2/journal_phase/CODEBASE/preface_rl/slm.py", line 247, in generate_instruction_with_logprobs
    logits, _ = slm_pg(input_ids=input_ids, attention_mask=attention_mask)
                ^^^^^^^^^^^^^^^^^^^^^^^^^^^^^^^^^^^^^^^^^^^^^^^^^^^^^^^^^^
  File "/mnt/shared/gpfs/home/manvij2/dafny/lib/python3.12/site-packages/torch/nn/modules/module.py", line 1739, in _wrapped_call_impl
    return self._call_impl(*args, **kwargs)
           ^^^^^^^^^^^^^^^^^^^^^^^^^^^^^^^^
  File "/mnt/shared/gpfs/home/manvij2/dafny/lib/python3.12/site-packages/torch/nn/modules/module.py", line 1750, in _call_impl
    return forward_call(*args, **kwargs)
           ^^^^^^^^^^^^^^^^^^^^^^^^^^^^^
  File "/mnt/shared/gpfs/home/manvij2/journal_phase/CODEBASE/preface_rl/slm.py", line 212, in forward
    outputs = self.model(
              ^^^^^^^^^^^
  File "/mnt/shared/gpfs/home/manvij2/dafny/lib/python3.12/site-packages/torch/nn/modules/module.py", line 1739, in _wrapped_call_impl
    return self._call_impl(*args, **kwargs)
           ^^^^^^^^^^^^^^^^^^^^^^^^^^^^^^^^
  File "/mnt/shared/gpfs/home/manvij2/dafny/lib/python3.12/site-packages/torch/nn/modules/module.py", line 1750, in _call_impl
    return forward_call(*args, **kwargs)
           ^^^^^^^^^^^^^^^^^^^^^^^^^^^^^
  File "/mnt/shared/gpfs/home/manvij2/dafny/lib/python3.12/site-packages/peft/peft_model.py", line 1756, in forward
    return self.base_model(
           ^^^^^^^^^^^^^^^^
  File "/mnt/shared/gpfs/home/manvij2/dafny/lib/python3.12/site-packages/torch/nn/modules/module.py", line 1739, in _wrapped_call_impl
    return self._call_impl(*args, **kwargs)
           ^^^^^^^^^^^^^^^^^^^^^^^^^^^^^^^^
  File "/mnt/shared/gpfs/home/manvij2/dafny/lib/python3.12/site-packages/torch/nn/modules/module.py", line 1750, in _call_impl
    return forward_call(*args, **kwargs)
           ^^^^^^^^^^^^^^^^^^^^^^^^^^^^^
  File "/mnt/shared/gpfs/home/manvij2/dafny/lib/python3.12/site-packages/peft/tuners/tuners_utils.py", line 193, in forward
    return self.model.forward(*args, **kwargs)
           ^^^^^^^^^^^^^^^^^^^^^^^^^^^^^^^^^^^
  File "/mnt/shared/gpfs/home/manvij2/dafny/lib/python3.12/site-packages/transformers/utils/generic.py", line 918, in wrapper
    output = func(self, *args, **kwargs)
             ^^^^^^^^^^^^^^^^^^^^^^^^^^^
  File "/mnt/shared/gpfs/home/manvij2/dafny/lib/python3.12/site-packages/transformers/models/qwen2/modeling_qwen2.py", line 449, in forward
    outputs: BaseModelOutputWithPast = self.model(
                                       ^^^^^^^^^^^
  File "/mnt/shared/gpfs/home/manvij2/dafny/lib/python3.12/site-packages/torch/nn/modules/module.py", line 1739, in _wrapped_call_impl
    return self._call_impl(*args, **kwargs)
           ^^^^^^^^^^^^^^^^^^^^^^^^^^^^^^^^
  File "/mnt/shared/gpfs/home/manvij2/dafny/lib/python3.12/site-packages/torch/nn/modules/module.py", line 1750, in _call_impl
    return forward_call(*args, **kwargs)
           ^^^^^^^^^^^^^^^^^^^^^^^^^^^^^
  File "/mnt/shared/gpfs/home/manvij2/dafny/lib/python3.12/site-packages/transformers/utils/generic.py", line 1072, in wrapper
    outputs = func(self, *args, **kwargs)
              ^^^^^^^^^^^^^^^^^^^^^^^^^^^
  File "/mnt/shared/gpfs/home/manvij2/dafny/lib/python3.12/site-packages/transformers/models/qwen2/modeling_qwen2.py", line 384, in forward
    hidden_states = decoder_layer(
                    ^^^^^^^^^^^^^^
  File "/mnt/shared/gpfs/home/manvij2/dafny/lib/python3.12/site-packages/transformers/modeling_layers.py", line 94, in __call__
    return super().__call__(*args, **kwargs)
           ^^^^^^^^^^^^^^^^^^^^^^^^^^^^^^^^^
  File "/mnt/shared/gpfs/home/manvij2/dafny/lib/python3.12/site-packages/torch/nn/modules/module.py", line 1739, in _wrapped_call_impl
    return self._call_impl(*args, **kwargs)
           ^^^^^^^^^^^^^^^^^^^^^^^^^^^^^^^^
  File "/mnt/shared/gpfs/home/manvij2/dafny/lib/python3.12/site-packages/torch/nn/modules/module.py", line 1750, in _call_impl
    return forward_call(*args, **kwargs)
           ^^^^^^^^^^^^^^^^^^^^^^^^^^^^^
  File "/mnt/shared/gpfs/home/manvij2/dafny/lib/python3.12/site-packages/transformers/utils/generic.py", line 1031, in wrapped_forward
    output = orig_forward(*args, **kwargs)
             ^^^^^^^^^^^^^^^^^^^^^^^^^^^^^
  File "/mnt/shared/gpfs/home/manvij2/dafny/lib/python3.12/site-packages/transformers/utils/deprecation.py", line 172, in wrapped_func
    return func(*args, **kwargs)
           ^^^^^^^^^^^^^^^^^^^^^
  File "/mnt/shared/gpfs/home/manvij2/dafny/lib/python3.12/site-packages/transformers/models/qwen2/modeling_qwen2.py", line 249, in forward
    hidden_states = self.mlp(hidden_states)
                    ^^^^^^^^^^^^^^^^^^^^^^^
  File "/mnt/shared/gpfs/home/manvij2/dafny/lib/python3.12/site-packages/torch/nn/modules/module.py", line 1739, in _wrapped_call_impl
    return self._call_impl(*args, **kwargs)
           ^^^^^^^^^^^^^^^^^^^^^^^^^^^^^^^^
  File "/mnt/shared/gpfs/home/manvij2/dafny/lib/python3.12/site-packages/torch/nn/modules/module.py", line 1750, in _call_impl
    return forward_call(*args, **kwargs)
           ^^^^^^^^^^^^^^^^^^^^^^^^^^^^^
  File "/mnt/shared/gpfs/home/manvij2/dafny/lib/python3.12/site-packages/transformers/models/qwen2/modeling_qwen2.py", line 46, in forward
    down_proj = self.down_proj(self.act_fn(self.gate_proj(x)) * self.up_proj(x))
                                           ^^^^^^^^^^^^^^^^^
  File "/mnt/shared/gpfs/home/manvij2/dafny/lib/python3.12/site-packages/torch/nn/modules/module.py", line 1739, in _wrapped_call_impl
    return self._call_impl(*args, **kwargs)
           ^^^^^^^^^^^^^^^^^^^^^^^^^^^^^^^^
  File "/mnt/shared/gpfs/home/manvij2/dafny/lib/python3.12/site-packages/torch/nn/modules/module.py", line 1750, in _call_impl
    return forward_call(*args, **kwargs)
           ^^^^^^^^^^^^^^^^^^^^^^^^^^^^^
  File "/mnt/shared/gpfs/home/manvij2/dafny/lib/python3.12/site-packages/peft/tuners/lora/bnb.py", line 232, in forward
    result = self.base_layer(x, *args, **kwargs)
             ^^^^^^^^^^^^^^^^^^^^^^^^^^^^^^^^^^^
  File "/mnt/shared/gpfs/home/manvij2/dafny/lib/python3.12/site-packages/torch/nn/modules/module.py", line 1739, in _wrapped_call_impl
    return self._call_impl(*args, **kwargs)
           ^^^^^^^^^^^^^^^^^^^^^^^^^^^^^^^^
  File "/mnt/shared/gpfs/home/manvij2/dafny/lib/python3.12/site-packages/torch/nn/modules/module.py", line 1750, in _call_impl
    return forward_call(*args, **kwargs)
           ^^^^^^^^^^^^^^^^^^^^^^^^^^^^^
  File "/mnt/shared/gpfs/home/manvij2/dafny/lib/python3.12/site-packages/bitsandbytes/nn/modules.py", line 990, in forward
    out = bnb.matmul(x, self.weight, bias=self.bias, state=self.state)
          ^^^^^^^^^^^^^^^^^^^^^^^^^^^^^^^^^^^^^^^^^^^^^^^^^^^^^^^^^^^^
  File "/mnt/shared/gpfs/home/manvij2/dafny/lib/python3.12/site-packages/bitsandbytes/autograd/_functions.py", line 509, in matmul
    return MatMul8bitLt.apply(A, B, out, bias, state)
           ^^^^^^^^^^^^^^^^^^^^^^^^^^^^^^^^^^^^^^^^^^
  File "/mnt/shared/gpfs/home/manvij2/dafny/lib/python3.12/site-packages/torch/autograd/function.py", line 575, in apply
    return super().apply(*args, **kwargs)  # type: ignore[misc]
           ^^^^^^^^^^^^^^^^^^^^^^^^^^^^^^
  File "/mnt/shared/gpfs/home/manvij2/dafny/lib/python3.12/site-packages/bitsandbytes/autograd/_functions.py", line 380, in forward
    output = output.addmm(subA, state.subB)
             ^^^^^^^^^^^^^^^^^^^^^^^^^^^^^^
torch.OutOfMemoryError: CUDA out of memory. Tried to allocate 20.00 MiB. GPU 0 has a total capacity of 23.60 GiB of which 4.44 GiB is free. Including non-PyTorch memory, this process has 19.15 GiB memory in use. 18.88 GiB allowed; Of the allocated memory 18.50 GiB is allocated by PyTorch, and 386.10 MiB is reserved by PyTorch but unallocated. If reserved but unallocated memory is large try setting PYTORCH_CUDA_ALLOC_CONF=expandable_segments:True to avoid fragmentation.  See documentation for Memory Management  (https://pytorch.org/docs/stable/notes/cuda.html#environment-variables)
2026-03-18 03:46:31,212 - INFO - Saving final results...
2026-03-18 03:46:31,214 - INFO - Training completed successfully!
2026-03-18 03:51:28,226 - INFO - Starting execution...
2026-03-18 03:51:28,227 - INFO - Processing folders in /mnt/shared/gpfs/home/manvij2/journal_phase/test_folder_one
2026-03-18 03:51:44,027 - INFO - Processing subfolder: /mnt/shared/gpfs/home/manvij2/journal_phase/test_folder_one/Dafny(55)
2026-03-18 03:51:44,027 - INFO - Prompt preview for Dafny(55): The provided Dafny code defines a method `ToArray` that converts a sequence `xs` of type `T` into an array `a`. The method ensures that the resulting array is a fresh allocation, matches the length of...
2026-03-18 03:51:44,028 - INFO - Starting training for Dafny(55)
2026-03-18 03:51:44,028 - INFO - Starting/Resuming SLM training with sequence-level policy gradient...
2026-03-18 03:51:44,057 - INFO - Created checkpoint directory at: /mnt/shared/gpfs/home/manvij2/checkpoints/run_CHK
2026-03-18 03:51:44,057 - INFO - 
Starting Epoch 1/5
2026-03-18 03:51:44,057 - INFO - Processing batch 1/1
2026-03-18 03:51:46,982 - ERROR - Error while processing subfolder Dafny(55): CUDA out of memory. Tried to allocate 20.00 MiB. GPU 0 has a total capacity of 23.60 GiB of which 4.44 GiB is free. Including non-PyTorch memory, this process has 19.15 GiB memory in use. 18.88 GiB allowed; Of the allocated memory 18.49 GiB is allocated by PyTorch, and 385.08 MiB is reserved by PyTorch but unallocated. If reserved but unallocated memory is large try setting PYTORCH_CUDA_ALLOC_CONF=expandable_segments:True to avoid fragmentation.  See documentation for Memory Management  (https://pytorch.org/docs/stable/notes/cuda.html#environment-variables)
Traceback (most recent call last):
  File "/mnt/shared/gpfs/home/manvij2/journal_phase/CODEBASE/main.py", line 102, in process_one_subfolder
    total_rewards, successful_examples = train_slm_with_grpo(
                                         ^^^^^^^^^^^^^^^^^^^^
  File "/mnt/shared/gpfs/home/manvij2/journal_phase/CODEBASE/preface_rl/slm.py", line 571, in train_slm_with_grpo
    ) = generate_instruction_with_logprobs(
        ^^^^^^^^^^^^^^^^^^^^^^^^^^^^^^^^^^^
  File "/mnt/shared/gpfs/home/manvij2/journal_phase/CODEBASE/preface_rl/slm.py", line 254, in generate_instruction_with_logprobs
    logits, _ = slm_pg(input_ids=input_ids, attention_mask=attention_mask)
                ^^^^^^^^^^^^^^^^^^^^^^^^^^^^^^^^^^^^^^^^^^^^^^^^^^^^^^^^^^
  File "/mnt/shared/gpfs/home/manvij2/dafny/lib/python3.12/site-packages/torch/nn/modules/module.py", line 1739, in _wrapped_call_impl
    return self._call_impl(*args, **kwargs)
           ^^^^^^^^^^^^^^^^^^^^^^^^^^^^^^^^
  File "/mnt/shared/gpfs/home/manvij2/dafny/lib/python3.12/site-packages/torch/nn/modules/module.py", line 1750, in _call_impl
    return forward_call(*args, **kwargs)
           ^^^^^^^^^^^^^^^^^^^^^^^^^^^^^
  File "/mnt/shared/gpfs/home/manvij2/journal_phase/CODEBASE/preface_rl/slm.py", line 219, in forward
    outputs = self.model(
              ^^^^^^^^^^^
  File "/mnt/shared/gpfs/home/manvij2/dafny/lib/python3.12/site-packages/torch/nn/modules/module.py", line 1739, in _wrapped_call_impl
    return self._call_impl(*args, **kwargs)
           ^^^^^^^^^^^^^^^^^^^^^^^^^^^^^^^^
  File "/mnt/shared/gpfs/home/manvij2/dafny/lib/python3.12/site-packages/torch/nn/modules/module.py", line 1750, in _call_impl
    return forward_call(*args, **kwargs)
           ^^^^^^^^^^^^^^^^^^^^^^^^^^^^^
  File "/mnt/shared/gpfs/home/manvij2/dafny/lib/python3.12/site-packages/peft/peft_model.py", line 1756, in forward
    return self.base_model(
           ^^^^^^^^^^^^^^^^
  File "/mnt/shared/gpfs/home/manvij2/dafny/lib/python3.12/site-packages/torch/nn/modules/module.py", line 1739, in _wrapped_call_impl
    return self._call_impl(*args, **kwargs)
           ^^^^^^^^^^^^^^^^^^^^^^^^^^^^^^^^
  File "/mnt/shared/gpfs/home/manvij2/dafny/lib/python3.12/site-packages/torch/nn/modules/module.py", line 1750, in _call_impl
    return forward_call(*args, **kwargs)
           ^^^^^^^^^^^^^^^^^^^^^^^^^^^^^
  File "/mnt/shared/gpfs/home/manvij2/dafny/lib/python3.12/site-packages/peft/tuners/tuners_utils.py", line 193, in forward
    return self.model.forward(*args, **kwargs)
           ^^^^^^^^^^^^^^^^^^^^^^^^^^^^^^^^^^^
  File "/mnt/shared/gpfs/home/manvij2/dafny/lib/python3.12/site-packages/transformers/utils/generic.py", line 918, in wrapper
    output = func(self, *args, **kwargs)
             ^^^^^^^^^^^^^^^^^^^^^^^^^^^
  File "/mnt/shared/gpfs/home/manvij2/dafny/lib/python3.12/site-packages/transformers/models/qwen2/modeling_qwen2.py", line 449, in forward
    outputs: BaseModelOutputWithPast = self.model(
                                       ^^^^^^^^^^^
  File "/mnt/shared/gpfs/home/manvij2/dafny/lib/python3.12/site-packages/torch/nn/modules/module.py", line 1739, in _wrapped_call_impl
    return self._call_impl(*args, **kwargs)
           ^^^^^^^^^^^^^^^^^^^^^^^^^^^^^^^^
  File "/mnt/shared/gpfs/home/manvij2/dafny/lib/python3.12/site-packages/torch/nn/modules/module.py", line 1750, in _call_impl
    return forward_call(*args, **kwargs)
           ^^^^^^^^^^^^^^^^^^^^^^^^^^^^^
  File "/mnt/shared/gpfs/home/manvij2/dafny/lib/python3.12/site-packages/transformers/utils/generic.py", line 1072, in wrapper
    outputs = func(self, *args, **kwargs)
              ^^^^^^^^^^^^^^^^^^^^^^^^^^^
  File "/mnt/shared/gpfs/home/manvij2/dafny/lib/python3.12/site-packages/transformers/models/qwen2/modeling_qwen2.py", line 384, in forward
    hidden_states = decoder_layer(
                    ^^^^^^^^^^^^^^
  File "/mnt/shared/gpfs/home/manvij2/dafny/lib/python3.12/site-packages/transformers/modeling_layers.py", line 94, in __call__
    return super().__call__(*args, **kwargs)
           ^^^^^^^^^^^^^^^^^^^^^^^^^^^^^^^^^
  File "/mnt/shared/gpfs/home/manvij2/dafny/lib/python3.12/site-packages/torch/nn/modules/module.py", line 1739, in _wrapped_call_impl
    return self._call_impl(*args, **kwargs)
           ^^^^^^^^^^^^^^^^^^^^^^^^^^^^^^^^
  File "/mnt/shared/gpfs/home/manvij2/dafny/lib/python3.12/site-packages/torch/nn/modules/module.py", line 1750, in _call_impl
    return forward_call(*args, **kwargs)
           ^^^^^^^^^^^^^^^^^^^^^^^^^^^^^
  File "/mnt/shared/gpfs/home/manvij2/dafny/lib/python3.12/site-packages/transformers/utils/generic.py", line 1031, in wrapped_forward
    output = orig_forward(*args, **kwargs)
             ^^^^^^^^^^^^^^^^^^^^^^^^^^^^^
  File "/mnt/shared/gpfs/home/manvij2/dafny/lib/python3.12/site-packages/transformers/utils/deprecation.py", line 172, in wrapped_func
    return func(*args, **kwargs)
           ^^^^^^^^^^^^^^^^^^^^^
  File "/mnt/shared/gpfs/home/manvij2/dafny/lib/python3.12/site-packages/transformers/models/qwen2/modeling_qwen2.py", line 249, in forward
    hidden_states = self.mlp(hidden_states)
                    ^^^^^^^^^^^^^^^^^^^^^^^
  File "/mnt/shared/gpfs/home/manvij2/dafny/lib/python3.12/site-packages/torch/nn/modules/module.py", line 1739, in _wrapped_call_impl
    return self._call_impl(*args, **kwargs)
           ^^^^^^^^^^^^^^^^^^^^^^^^^^^^^^^^
  File "/mnt/shared/gpfs/home/manvij2/dafny/lib/python3.12/site-packages/torch/nn/modules/module.py", line 1750, in _call_impl
    return forward_call(*args, **kwargs)
           ^^^^^^^^^^^^^^^^^^^^^^^^^^^^^
  File "/mnt/shared/gpfs/home/manvij2/dafny/lib/python3.12/site-packages/transformers/models/qwen2/modeling_qwen2.py", line 46, in forward
    down_proj = self.down_proj(self.act_fn(self.gate_proj(x)) * self.up_proj(x))
                                           ^^^^^^^^^^^^^^^^^
  File "/mnt/shared/gpfs/home/manvij2/dafny/lib/python3.12/site-packages/torch/nn/modules/module.py", line 1739, in _wrapped_call_impl
    return self._call_impl(*args, **kwargs)
           ^^^^^^^^^^^^^^^^^^^^^^^^^^^^^^^^
  File "/mnt/shared/gpfs/home/manvij2/dafny/lib/python3.12/site-packages/torch/nn/modules/module.py", line 1750, in _call_impl
    return forward_call(*args, **kwargs)
           ^^^^^^^^^^^^^^^^^^^^^^^^^^^^^
  File "/mnt/shared/gpfs/home/manvij2/dafny/lib/python3.12/site-packages/peft/tuners/lora/bnb.py", line 232, in forward
    result = self.base_layer(x, *args, **kwargs)
             ^^^^^^^^^^^^^^^^^^^^^^^^^^^^^^^^^^^
  File "/mnt/shared/gpfs/home/manvij2/dafny/lib/python3.12/site-packages/torch/nn/modules/module.py", line 1739, in _wrapped_call_impl
    return self._call_impl(*args, **kwargs)
           ^^^^^^^^^^^^^^^^^^^^^^^^^^^^^^^^
  File "/mnt/shared/gpfs/home/manvij2/dafny/lib/python3.12/site-packages/torch/nn/modules/module.py", line 1750, in _call_impl
    return forward_call(*args, **kwargs)
           ^^^^^^^^^^^^^^^^^^^^^^^^^^^^^
  File "/mnt/shared/gpfs/home/manvij2/dafny/lib/python3.12/site-packages/bitsandbytes/nn/modules.py", line 990, in forward
    out = bnb.matmul(x, self.weight, bias=self.bias, state=self.state)
          ^^^^^^^^^^^^^^^^^^^^^^^^^^^^^^^^^^^^^^^^^^^^^^^^^^^^^^^^^^^^
  File "/mnt/shared/gpfs/home/manvij2/dafny/lib/python3.12/site-packages/bitsandbytes/autograd/_functions.py", line 509, in matmul
    return MatMul8bitLt.apply(A, B, out, bias, state)
           ^^^^^^^^^^^^^^^^^^^^^^^^^^^^^^^^^^^^^^^^^^
  File "/mnt/shared/gpfs/home/manvij2/dafny/lib/python3.12/site-packages/torch/autograd/function.py", line 575, in apply
    return super().apply(*args, **kwargs)  # type: ignore[misc]
           ^^^^^^^^^^^^^^^^^^^^^^^^^^^^^^
  File "/mnt/shared/gpfs/home/manvij2/dafny/lib/python3.12/site-packages/bitsandbytes/autograd/_functions.py", line 373, in forward
    output = F.int8_mm_dequant(out32, SCA, state.SCB, bias=bias).to(A.dtype)
             ^^^^^^^^^^^^^^^^^^^^^^^^^^^^^^^^^^^^^^^^^^^^^^^^^^^^^^^^^^^^^^^
torch.OutOfMemoryError: CUDA out of memory. Tried to allocate 20.00 MiB. GPU 0 has a total capacity of 23.60 GiB of which 4.44 GiB is free. Including non-PyTorch memory, this process has 19.15 GiB memory in use. 18.88 GiB allowed; Of the allocated memory 18.49 GiB is allocated by PyTorch, and 385.08 MiB is reserved by PyTorch but unallocated. If reserved but unallocated memory is large try setting PYTORCH_CUDA_ALLOC_CONF=expandable_segments:True to avoid fragmentation.  See documentation for Memory Management  (https://pytorch.org/docs/stable/notes/cuda.html#environment-variables)
2026-03-18 03:51:49,059 - INFO - Saving final results...
2026-03-18 03:51:49,062 - INFO - Training completed successfully!
2026-03-18 03:54:13,909 - INFO - Starting execution...
2026-03-18 03:54:13,909 - INFO - Processing folders in /mnt/shared/gpfs/home/manvij2/journal_phase/test_folder_one
2026-03-18 03:54:30,796 - INFO - Processing subfolder: /mnt/shared/gpfs/home/manvij2/journal_phase/test_folder_one/Dafny(55)
2026-03-18 03:54:30,797 - INFO - Prompt preview for Dafny(55): The provided Dafny code defines a method `ToArray` that converts a sequence `xs` of type `T` into an array `a`. The method ensures that the resulting array is a fresh allocation, matches the length of...
2026-03-18 03:54:30,798 - INFO - Starting training for Dafny(55)
2026-03-18 03:54:30,798 - INFO - Starting/Resuming SLM training with sequence-level policy gradient...
2026-03-18 03:54:30,826 - INFO - Created checkpoint directory at: /mnt/shared/gpfs/home/manvij2/checkpoints/run_CHK
2026-03-18 03:54:30,826 - INFO - 
Starting Epoch 1/5
2026-03-18 03:54:30,826 - INFO - Processing batch 1/1
2026-03-18 03:54:36,378 - ERROR - Error while processing subfolder Dafny(55): CUDA out of memory. Tried to allocate 2.00 MiB. GPU 0 has a total capacity of 44.39 GiB of which 8.37 GiB is free. Including non-PyTorch memory, this process has 36.01 GiB memory in use. 35.51 GiB allowed; Of the allocated memory 34.66 GiB is allocated by PyTorch, and 878.91 MiB is reserved by PyTorch but unallocated. If reserved but unallocated memory is large try setting PYTORCH_CUDA_ALLOC_CONF=expandable_segments:True to avoid fragmentation.  See documentation for Memory Management  (https://pytorch.org/docs/stable/notes/cuda.html#environment-variables)
Traceback (most recent call last):
  File "/mnt/shared/gpfs/home/manvij2/journal_phase/CODEBASE/main.py", line 102, in process_one_subfolder
    total_rewards, successful_examples = train_slm_with_grpo(
                                         ^^^^^^^^^^^^^^^^^^^^
  File "/mnt/shared/gpfs/home/manvij2/journal_phase/CODEBASE/preface_rl/slm.py", line 571, in train_slm_with_grpo
    ) = generate_instruction_with_logprobs(
        ^^^^^^^^^^^^^^^^^^^^^^^^^^^^^^^^^^^
  File "/mnt/shared/gpfs/home/manvij2/journal_phase/CODEBASE/preface_rl/slm.py", line 254, in generate_instruction_with_logprobs
    logits, _ = slm_pg(input_ids=input_ids, attention_mask=attention_mask)
                ^^^^^^^^^^^^^^^^^^^^^^^^^^^^^^^^^^^^^^^^^^^^^^^^^^^^^^^^^^
  File "/mnt/shared/gpfs/home/manvij2/dafny/lib/python3.12/site-packages/torch/nn/modules/module.py", line 1739, in _wrapped_call_impl
    return self._call_impl(*args, **kwargs)
           ^^^^^^^^^^^^^^^^^^^^^^^^^^^^^^^^
  File "/mnt/shared/gpfs/home/manvij2/dafny/lib/python3.12/site-packages/torch/nn/modules/module.py", line 1750, in _call_impl
    return forward_call(*args, **kwargs)
           ^^^^^^^^^^^^^^^^^^^^^^^^^^^^^
  File "/mnt/shared/gpfs/home/manvij2/journal_phase/CODEBASE/preface_rl/slm.py", line 219, in forward
    outputs = self.model(
              ^^^^^^^^^^^
  File "/mnt/shared/gpfs/home/manvij2/dafny/lib/python3.12/site-packages/torch/nn/modules/module.py", line 1739, in _wrapped_call_impl
    return self._call_impl(*args, **kwargs)
           ^^^^^^^^^^^^^^^^^^^^^^^^^^^^^^^^
  File "/mnt/shared/gpfs/home/manvij2/dafny/lib/python3.12/site-packages/torch/nn/modules/module.py", line 1750, in _call_impl
    return forward_call(*args, **kwargs)
           ^^^^^^^^^^^^^^^^^^^^^^^^^^^^^
  File "/mnt/shared/gpfs/home/manvij2/dafny/lib/python3.12/site-packages/peft/peft_model.py", line 1756, in forward
    return self.base_model(
           ^^^^^^^^^^^^^^^^
  File "/mnt/shared/gpfs/home/manvij2/dafny/lib/python3.12/site-packages/torch/nn/modules/module.py", line 1739, in _wrapped_call_impl
    return self._call_impl(*args, **kwargs)
           ^^^^^^^^^^^^^^^^^^^^^^^^^^^^^^^^
  File "/mnt/shared/gpfs/home/manvij2/dafny/lib/python3.12/site-packages/torch/nn/modules/module.py", line 1750, in _call_impl
    return forward_call(*args, **kwargs)
           ^^^^^^^^^^^^^^^^^^^^^^^^^^^^^
  File "/mnt/shared/gpfs/home/manvij2/dafny/lib/python3.12/site-packages/peft/tuners/tuners_utils.py", line 193, in forward
    return self.model.forward(*args, **kwargs)
           ^^^^^^^^^^^^^^^^^^^^^^^^^^^^^^^^^^^
  File "/mnt/shared/gpfs/home/manvij2/dafny/lib/python3.12/site-packages/transformers/utils/generic.py", line 918, in wrapper
    output = func(self, *args, **kwargs)
             ^^^^^^^^^^^^^^^^^^^^^^^^^^^
  File "/mnt/shared/gpfs/home/manvij2/dafny/lib/python3.12/site-packages/transformers/models/qwen2/modeling_qwen2.py", line 449, in forward
    outputs: BaseModelOutputWithPast = self.model(
                                       ^^^^^^^^^^^
  File "/mnt/shared/gpfs/home/manvij2/dafny/lib/python3.12/site-packages/torch/nn/modules/module.py", line 1739, in _wrapped_call_impl
    return self._call_impl(*args, **kwargs)
           ^^^^^^^^^^^^^^^^^^^^^^^^^^^^^^^^
  File "/mnt/shared/gpfs/home/manvij2/dafny/lib/python3.12/site-packages/torch/nn/modules/module.py", line 1750, in _call_impl
    return forward_call(*args, **kwargs)
           ^^^^^^^^^^^^^^^^^^^^^^^^^^^^^
  File "/mnt/shared/gpfs/home/manvij2/dafny/lib/python3.12/site-packages/transformers/utils/generic.py", line 1072, in wrapper
    outputs = func(self, *args, **kwargs)
              ^^^^^^^^^^^^^^^^^^^^^^^^^^^
  File "/mnt/shared/gpfs/home/manvij2/dafny/lib/python3.12/site-packages/transformers/models/qwen2/modeling_qwen2.py", line 384, in forward
    hidden_states = decoder_layer(
                    ^^^^^^^^^^^^^^
  File "/mnt/shared/gpfs/home/manvij2/dafny/lib/python3.12/site-packages/transformers/modeling_layers.py", line 94, in __call__
    return super().__call__(*args, **kwargs)
           ^^^^^^^^^^^^^^^^^^^^^^^^^^^^^^^^^
  File "/mnt/shared/gpfs/home/manvij2/dafny/lib/python3.12/site-packages/torch/nn/modules/module.py", line 1739, in _wrapped_call_impl
    return self._call_impl(*args, **kwargs)
           ^^^^^^^^^^^^^^^^^^^^^^^^^^^^^^^^
  File "/mnt/shared/gpfs/home/manvij2/dafny/lib/python3.12/site-packages/torch/nn/modules/module.py", line 1750, in _call_impl
    return forward_call(*args, **kwargs)
           ^^^^^^^^^^^^^^^^^^^^^^^^^^^^^
  File "/mnt/shared/gpfs/home/manvij2/dafny/lib/python3.12/site-packages/transformers/utils/generic.py", line 1031, in wrapped_forward
    output = orig_forward(*args, **kwargs)
             ^^^^^^^^^^^^^^^^^^^^^^^^^^^^^
  File "/mnt/shared/gpfs/home/manvij2/dafny/lib/python3.12/site-packages/transformers/utils/deprecation.py", line 172, in wrapped_func
    return func(*args, **kwargs)
           ^^^^^^^^^^^^^^^^^^^^^
  File "/mnt/shared/gpfs/home/manvij2/dafny/lib/python3.12/site-packages/transformers/models/qwen2/modeling_qwen2.py", line 234, in forward
    hidden_states, _ = self.self_attn(
                       ^^^^^^^^^^^^^^^
  File "/mnt/shared/gpfs/home/manvij2/dafny/lib/python3.12/site-packages/torch/nn/modules/module.py", line 1739, in _wrapped_call_impl
    return self._call_impl(*args, **kwargs)
           ^^^^^^^^^^^^^^^^^^^^^^^^^^^^^^^^
  File "/mnt/shared/gpfs/home/manvij2/dafny/lib/python3.12/site-packages/torch/nn/modules/module.py", line 1750, in _call_impl
    return forward_call(*args, **kwargs)
           ^^^^^^^^^^^^^^^^^^^^^^^^^^^^^
  File "/mnt/shared/gpfs/home/manvij2/dafny/lib/python3.12/site-packages/transformers/utils/deprecation.py", line 172, in wrapped_func
    return func(*args, **kwargs)
           ^^^^^^^^^^^^^^^^^^^^^
  File "/mnt/shared/gpfs/home/manvij2/dafny/lib/python3.12/site-packages/transformers/models/qwen2/modeling_qwen2.py", line 182, in forward
    attn_output = self.o_proj(attn_output)
                  ^^^^^^^^^^^^^^^^^^^^^^^^
  File "/mnt/shared/gpfs/home/manvij2/dafny/lib/python3.12/site-packages/torch/nn/modules/module.py", line 1739, in _wrapped_call_impl
    return self._call_impl(*args, **kwargs)
           ^^^^^^^^^^^^^^^^^^^^^^^^^^^^^^^^
  File "/mnt/shared/gpfs/home/manvij2/dafny/lib/python3.12/site-packages/torch/nn/modules/module.py", line 1750, in _call_impl
    return forward_call(*args, **kwargs)
           ^^^^^^^^^^^^^^^^^^^^^^^^^^^^^
  File "/mnt/shared/gpfs/home/manvij2/dafny/lib/python3.12/site-packages/peft/tuners/lora/bnb.py", line 232, in forward
    result = self.base_layer(x, *args, **kwargs)
             ^^^^^^^^^^^^^^^^^^^^^^^^^^^^^^^^^^^
  File "/mnt/shared/gpfs/home/manvij2/dafny/lib/python3.12/site-packages/torch/nn/modules/module.py", line 1739, in _wrapped_call_impl
    return self._call_impl(*args, **kwargs)
           ^^^^^^^^^^^^^^^^^^^^^^^^^^^^^^^^
  File "/mnt/shared/gpfs/home/manvij2/dafny/lib/python3.12/site-packages/torch/nn/modules/module.py", line 1750, in _call_impl
    return forward_call(*args, **kwargs)
           ^^^^^^^^^^^^^^^^^^^^^^^^^^^^^
  File "/mnt/shared/gpfs/home/manvij2/dafny/lib/python3.12/site-packages/bitsandbytes/nn/modules.py", line 990, in forward
    out = bnb.matmul(x, self.weight, bias=self.bias, state=self.state)
          ^^^^^^^^^^^^^^^^^^^^^^^^^^^^^^^^^^^^^^^^^^^^^^^^^^^^^^^^^^^^
  File "/mnt/shared/gpfs/home/manvij2/dafny/lib/python3.12/site-packages/bitsandbytes/autograd/_functions.py", line 509, in matmul
    return MatMul8bitLt.apply(A, B, out, bias, state)
           ^^^^^^^^^^^^^^^^^^^^^^^^^^^^^^^^^^^^^^^^^^
  File "/mnt/shared/gpfs/home/manvij2/dafny/lib/python3.12/site-packages/torch/autograd/function.py", line 575, in apply
    return super().apply(*args, **kwargs)  # type: ignore[misc]
           ^^^^^^^^^^^^^^^^^^^^^^^^^^^^^^
  File "/mnt/shared/gpfs/home/manvij2/dafny/lib/python3.12/site-packages/bitsandbytes/autograd/_functions.py", line 326, in forward
    CA, SCA, outlier_cols = F.int8_vectorwise_quant(A.to(torch.float16), threshold=state.threshold)
                            ^^^^^^^^^^^^^^^^^^^^^^^^^^^^^^^^^^^^^^^^^^^^^^^^^^^^^^^^^^^^^^^^^^^^^^^
  File "/mnt/shared/gpfs/home/manvij2/dafny/lib/python3.12/site-packages/bitsandbytes/functional.py", line 2784, in int8_vectorwise_quant
    outliers = A.abs() >= threshold
               ^^^^^^^
torch.OutOfMemoryError: CUDA out of memory. Tried to allocate 2.00 MiB. GPU 0 has a total capacity of 44.39 GiB of which 8.37 GiB is free. Including non-PyTorch memory, this process has 36.01 GiB memory in use. 35.51 GiB allowed; Of the allocated memory 34.66 GiB is allocated by PyTorch, and 878.91 MiB is reserved by PyTorch but unallocated. If reserved but unallocated memory is large try setting PYTORCH_CUDA_ALLOC_CONF=expandable_segments:True to avoid fragmentation.  See documentation for Memory Management  (https://pytorch.org/docs/stable/notes/cuda.html#environment-variables)
2026-03-18 03:54:39,034 - INFO - Saving final results...
2026-03-18 03:54:39,036 - INFO - Training completed successfully!
2026-03-18 03:57:50,703 - INFO - Starting execution...
2026-03-18 03:57:50,703 - INFO - Processing folders in /mnt/shared/gpfs/home/manvij2/journal_phase/test_folder_one
2026-03-18 03:58:06,185 - INFO - Processing subfolder: /mnt/shared/gpfs/home/manvij2/journal_phase/test_folder_one/Dafny(55)
2026-03-18 03:58:06,186 - INFO - Prompt preview for Dafny(55): The provided Dafny code defines a method `ToArray` that converts a sequence `xs` of type `T` into an array `a`. The method ensures that the resulting array is a fresh allocation, matches the length of...
2026-03-18 03:58:06,187 - INFO - Starting training for Dafny(55)
2026-03-18 03:58:06,187 - INFO - Starting/Resuming SLM training with sequence-level policy gradient...
2026-03-18 03:58:06,215 - INFO - Created checkpoint directory at: /mnt/shared/gpfs/home/manvij2/checkpoints/run_CHK
2026-03-18 03:58:06,215 - INFO - 
Starting Epoch 1/5
2026-03-18 03:58:06,215 - INFO - Processing batch 1/1
2026-03-18 03:58:11,663 - ERROR - Error while processing subfolder Dafny(55): CUDA out of memory. Tried to allocate 20.00 MiB. GPU 0 has a total capacity of 44.39 GiB of which 8.38 GiB is free. Including non-PyTorch memory, this process has 36.00 GiB memory in use. 35.51 GiB allowed; Of the allocated memory 34.66 GiB is allocated by PyTorch, and 863.46 MiB is reserved by PyTorch but unallocated. If reserved but unallocated memory is large try setting PYTORCH_CUDA_ALLOC_CONF=expandable_segments:True to avoid fragmentation.  See documentation for Memory Management  (https://pytorch.org/docs/stable/notes/cuda.html#environment-variables)
Traceback (most recent call last):
  File "/mnt/shared/gpfs/home/manvij2/journal_phase/CODEBASE/main.py", line 102, in process_one_subfolder
    total_rewards, successful_examples = train_slm_with_grpo(
                                         ^^^^^^^^^^^^^^^^^^^^
  File "/mnt/shared/gpfs/home/manvij2/journal_phase/CODEBASE/preface_rl/slm.py", line 571, in train_slm_with_grpo
    ) = generate_instruction_with_logprobs(
        ^^^^^^^^^^^^^^^^^^^^^^^^^^^^^^^^^^^
  File "/mnt/shared/gpfs/home/manvij2/journal_phase/CODEBASE/preface_rl/slm.py", line 254, in generate_instruction_with_logprobs
    logits, _ = slm_pg(input_ids=input_ids, attention_mask=attention_mask)
                ^^^^^^^^^^^^^^^^^^^^^^^^^^^^^^^^^^^^^^^^^^^^^^^^^^^^^^^^^^
  File "/mnt/shared/gpfs/home/manvij2/dafny/lib/python3.12/site-packages/torch/nn/modules/module.py", line 1739, in _wrapped_call_impl
    return self._call_impl(*args, **kwargs)
           ^^^^^^^^^^^^^^^^^^^^^^^^^^^^^^^^
  File "/mnt/shared/gpfs/home/manvij2/dafny/lib/python3.12/site-packages/torch/nn/modules/module.py", line 1750, in _call_impl
    return forward_call(*args, **kwargs)
           ^^^^^^^^^^^^^^^^^^^^^^^^^^^^^
  File "/mnt/shared/gpfs/home/manvij2/journal_phase/CODEBASE/preface_rl/slm.py", line 219, in forward
    outputs = self.model(
              ^^^^^^^^^^^
  File "/mnt/shared/gpfs/home/manvij2/dafny/lib/python3.12/site-packages/torch/nn/modules/module.py", line 1739, in _wrapped_call_impl
    return self._call_impl(*args, **kwargs)
           ^^^^^^^^^^^^^^^^^^^^^^^^^^^^^^^^
  File "/mnt/shared/gpfs/home/manvij2/dafny/lib/python3.12/site-packages/torch/nn/modules/module.py", line 1750, in _call_impl
    return forward_call(*args, **kwargs)
           ^^^^^^^^^^^^^^^^^^^^^^^^^^^^^
  File "/mnt/shared/gpfs/home/manvij2/dafny/lib/python3.12/site-packages/peft/peft_model.py", line 1756, in forward
    return self.base_model(
           ^^^^^^^^^^^^^^^^
  File "/mnt/shared/gpfs/home/manvij2/dafny/lib/python3.12/site-packages/torch/nn/modules/module.py", line 1739, in _wrapped_call_impl
    return self._call_impl(*args, **kwargs)
           ^^^^^^^^^^^^^^^^^^^^^^^^^^^^^^^^
  File "/mnt/shared/gpfs/home/manvij2/dafny/lib/python3.12/site-packages/torch/nn/modules/module.py", line 1750, in _call_impl
    return forward_call(*args, **kwargs)
           ^^^^^^^^^^^^^^^^^^^^^^^^^^^^^
  File "/mnt/shared/gpfs/home/manvij2/dafny/lib/python3.12/site-packages/peft/tuners/tuners_utils.py", line 193, in forward
    return self.model.forward(*args, **kwargs)
           ^^^^^^^^^^^^^^^^^^^^^^^^^^^^^^^^^^^
  File "/mnt/shared/gpfs/home/manvij2/dafny/lib/python3.12/site-packages/transformers/utils/generic.py", line 918, in wrapper
    output = func(self, *args, **kwargs)
             ^^^^^^^^^^^^^^^^^^^^^^^^^^^
  File "/mnt/shared/gpfs/home/manvij2/dafny/lib/python3.12/site-packages/transformers/models/qwen2/modeling_qwen2.py", line 449, in forward
    outputs: BaseModelOutputWithPast = self.model(
                                       ^^^^^^^^^^^
  File "/mnt/shared/gpfs/home/manvij2/dafny/lib/python3.12/site-packages/torch/nn/modules/module.py", line 1739, in _wrapped_call_impl
    return self._call_impl(*args, **kwargs)
           ^^^^^^^^^^^^^^^^^^^^^^^^^^^^^^^^
  File "/mnt/shared/gpfs/home/manvij2/dafny/lib/python3.12/site-packages/torch/nn/modules/module.py", line 1750, in _call_impl
    return forward_call(*args, **kwargs)
           ^^^^^^^^^^^^^^^^^^^^^^^^^^^^^
  File "/mnt/shared/gpfs/home/manvij2/dafny/lib/python3.12/site-packages/transformers/utils/generic.py", line 1072, in wrapper
    outputs = func(self, *args, **kwargs)
              ^^^^^^^^^^^^^^^^^^^^^^^^^^^
  File "/mnt/shared/gpfs/home/manvij2/dafny/lib/python3.12/site-packages/transformers/models/qwen2/modeling_qwen2.py", line 384, in forward
    hidden_states = decoder_layer(
                    ^^^^^^^^^^^^^^
  File "/mnt/shared/gpfs/home/manvij2/dafny/lib/python3.12/site-packages/transformers/modeling_layers.py", line 94, in __call__
    return super().__call__(*args, **kwargs)
           ^^^^^^^^^^^^^^^^^^^^^^^^^^^^^^^^^
  File "/mnt/shared/gpfs/home/manvij2/dafny/lib/python3.12/site-packages/torch/nn/modules/module.py", line 1739, in _wrapped_call_impl
    return self._call_impl(*args, **kwargs)
           ^^^^^^^^^^^^^^^^^^^^^^^^^^^^^^^^
  File "/mnt/shared/gpfs/home/manvij2/dafny/lib/python3.12/site-packages/torch/nn/modules/module.py", line 1750, in _call_impl
    return forward_call(*args, **kwargs)
           ^^^^^^^^^^^^^^^^^^^^^^^^^^^^^
  File "/mnt/shared/gpfs/home/manvij2/dafny/lib/python3.12/site-packages/transformers/utils/generic.py", line 1031, in wrapped_forward
    output = orig_forward(*args, **kwargs)
             ^^^^^^^^^^^^^^^^^^^^^^^^^^^^^
  File "/mnt/shared/gpfs/home/manvij2/dafny/lib/python3.12/site-packages/transformers/utils/deprecation.py", line 172, in wrapped_func
    return func(*args, **kwargs)
           ^^^^^^^^^^^^^^^^^^^^^
  File "/mnt/shared/gpfs/home/manvij2/dafny/lib/python3.12/site-packages/transformers/models/qwen2/modeling_qwen2.py", line 249, in forward
    hidden_states = self.mlp(hidden_states)
                    ^^^^^^^^^^^^^^^^^^^^^^^
  File "/mnt/shared/gpfs/home/manvij2/dafny/lib/python3.12/site-packages/torch/nn/modules/module.py", line 1739, in _wrapped_call_impl
    return self._call_impl(*args, **kwargs)
           ^^^^^^^^^^^^^^^^^^^^^^^^^^^^^^^^
  File "/mnt/shared/gpfs/home/manvij2/dafny/lib/python3.12/site-packages/torch/nn/modules/module.py", line 1750, in _call_impl
    return forward_call(*args, **kwargs)
           ^^^^^^^^^^^^^^^^^^^^^^^^^^^^^
  File "/mnt/shared/gpfs/home/manvij2/dafny/lib/python3.12/site-packages/transformers/models/qwen2/modeling_qwen2.py", line 46, in forward
    down_proj = self.down_proj(self.act_fn(self.gate_proj(x)) * self.up_proj(x))
                                           ^^^^^^^^^^^^^^^^^
  File "/mnt/shared/gpfs/home/manvij2/dafny/lib/python3.12/site-packages/torch/nn/modules/module.py", line 1739, in _wrapped_call_impl
    return self._call_impl(*args, **kwargs)
           ^^^^^^^^^^^^^^^^^^^^^^^^^^^^^^^^
  File "/mnt/shared/gpfs/home/manvij2/dafny/lib/python3.12/site-packages/torch/nn/modules/module.py", line 1750, in _call_impl
    return forward_call(*args, **kwargs)
           ^^^^^^^^^^^^^^^^^^^^^^^^^^^^^
  File "/mnt/shared/gpfs/home/manvij2/dafny/lib/python3.12/site-packages/peft/tuners/lora/bnb.py", line 232, in forward
    result = self.base_layer(x, *args, **kwargs)
             ^^^^^^^^^^^^^^^^^^^^^^^^^^^^^^^^^^^
  File "/mnt/shared/gpfs/home/manvij2/dafny/lib/python3.12/site-packages/torch/nn/modules/module.py", line 1739, in _wrapped_call_impl
    return self._call_impl(*args, **kwargs)
           ^^^^^^^^^^^^^^^^^^^^^^^^^^^^^^^^
  File "/mnt/shared/gpfs/home/manvij2/dafny/lib/python3.12/site-packages/torch/nn/modules/module.py", line 1750, in _call_impl
    return forward_call(*args, **kwargs)
           ^^^^^^^^^^^^^^^^^^^^^^^^^^^^^
  File "/mnt/shared/gpfs/home/manvij2/dafny/lib/python3.12/site-packages/bitsandbytes/nn/modules.py", line 990, in forward
    out = bnb.matmul(x, self.weight, bias=self.bias, state=self.state)
          ^^^^^^^^^^^^^^^^^^^^^^^^^^^^^^^^^^^^^^^^^^^^^^^^^^^^^^^^^^^^
  File "/mnt/shared/gpfs/home/manvij2/dafny/lib/python3.12/site-packages/bitsandbytes/autograd/_functions.py", line 509, in matmul
    return MatMul8bitLt.apply(A, B, out, bias, state)
           ^^^^^^^^^^^^^^^^^^^^^^^^^^^^^^^^^^^^^^^^^^
  File "/mnt/shared/gpfs/home/manvij2/dafny/lib/python3.12/site-packages/torch/autograd/function.py", line 575, in apply
    return super().apply(*args, **kwargs)  # type: ignore[misc]
           ^^^^^^^^^^^^^^^^^^^^^^^^^^^^^^
  File "/mnt/shared/gpfs/home/manvij2/dafny/lib/python3.12/site-packages/bitsandbytes/autograd/_functions.py", line 368, in forward
    out32 = F.int8_linear_matmul(CA, state.CB)
            ^^^^^^^^^^^^^^^^^^^^^^^^^^^^^^^^^^
  File "/mnt/shared/gpfs/home/manvij2/dafny/lib/python3.12/site-packages/bitsandbytes/functional.py", line 2342, in int8_linear_matmul
    out = torch.empty(shapeC, device=A.device, dtype=dtype)
          ^^^^^^^^^^^^^^^^^^^^^^^^^^^^^^^^^^^^^^^^^^^^^^^^^
torch.OutOfMemoryError: CUDA out of memory. Tried to allocate 20.00 MiB. GPU 0 has a total capacity of 44.39 GiB of which 8.38 GiB is free. Including non-PyTorch memory, this process has 36.00 GiB memory in use. 35.51 GiB allowed; Of the allocated memory 34.66 GiB is allocated by PyTorch, and 863.46 MiB is reserved by PyTorch but unallocated. If reserved but unallocated memory is large try setting PYTORCH_CUDA_ALLOC_CONF=expandable_segments:True to avoid fragmentation.  See documentation for Memory Management  (https://pytorch.org/docs/stable/notes/cuda.html#environment-variables)
2026-03-18 03:58:14,368 - INFO - Saving final results...
2026-03-18 03:58:14,370 - INFO - Training completed successfully!
2026-03-18 04:01:42,833 - INFO - Starting execution...
2026-03-18 04:01:42,833 - INFO - Processing folders in /mnt/shared/gpfs/home/manvij2/journal_phase/test_folder_one
2026-03-18 04:02:03,135 - INFO - Processing subfolder: /mnt/shared/gpfs/home/manvij2/journal_phase/test_folder_one/Dafny(55)
2026-03-18 04:02:03,136 - INFO - Prompt preview for Dafny(55): The provided Dafny code defines a method `ToArray` that converts a sequence `xs` of type `T` into an array `a`. The method ensures that the resulting array is a fresh allocation, matches the length of...
2026-03-18 04:02:03,137 - INFO - Starting training for Dafny(55)
2026-03-18 04:02:03,137 - INFO - Starting/Resuming SLM training with sequence-level policy gradient...
2026-03-18 04:02:03,163 - INFO - Created checkpoint directory at: /mnt/shared/gpfs/home/manvij2/checkpoints/run_CHK
2026-03-18 04:02:03,164 - INFO - 
Starting Epoch 1/5
2026-03-18 04:02:03,164 - INFO - Processing batch 1/1
2026-03-18 04:02:12,966 - ERROR - Error while processing subfolder Dafny(55): CUDA out of memory. Tried to allocate 20.00 MiB. GPU 0 has a total capacity of 79.18 GiB of which 15.18 GiB is free. Including non-PyTorch memory, this process has 64.00 GiB memory in use. 63.34 GiB allowed; Of the allocated memory 61.85 GiB is allocated by PyTorch, and 1.49 GiB is reserved by PyTorch but unallocated. If reserved but unallocated memory is large try setting PYTORCH_CUDA_ALLOC_CONF=expandable_segments:True to avoid fragmentation.  See documentation for Memory Management  (https://pytorch.org/docs/stable/notes/cuda.html#environment-variables)
Traceback (most recent call last):
  File "/mnt/shared/gpfs/home/manvij2/journal_phase/CODEBASE/main.py", line 102, in process_one_subfolder
    total_rewards, successful_examples = train_slm_with_grpo(
                                         ^^^^^^^^^^^^^^^^^^^^
  File "/mnt/shared/gpfs/home/manvij2/journal_phase/CODEBASE/preface_rl/slm.py", line 572, in train_slm_with_grpo
    ) = generate_instruction_with_logprobs(
        ^^^^^^^^^^^^^^^^^^^^^^^^^^^^^^^^^^^
  File "/mnt/shared/gpfs/home/manvij2/journal_phase/CODEBASE/preface_rl/slm.py", line 255, in generate_instruction_with_logprobs
    logits, _ = slm_pg(input_ids=input_ids, attention_mask=attention_mask)
                ^^^^^^^^^^^^^^^^^^^^^^^^^^^^^^^^^^^^^^^^^^^^^^^^^^^^^^^^^^
  File "/mnt/shared/gpfs/home/manvij2/dafny/lib/python3.12/site-packages/torch/nn/modules/module.py", line 1739, in _wrapped_call_impl
    return self._call_impl(*args, **kwargs)
           ^^^^^^^^^^^^^^^^^^^^^^^^^^^^^^^^
  File "/mnt/shared/gpfs/home/manvij2/dafny/lib/python3.12/site-packages/torch/nn/modules/module.py", line 1750, in _call_impl
    return forward_call(*args, **kwargs)
           ^^^^^^^^^^^^^^^^^^^^^^^^^^^^^
  File "/mnt/shared/gpfs/home/manvij2/journal_phase/CODEBASE/preface_rl/slm.py", line 220, in forward
    outputs = self.model(
              ^^^^^^^^^^^
  File "/mnt/shared/gpfs/home/manvij2/dafny/lib/python3.12/site-packages/torch/nn/modules/module.py", line 1739, in _wrapped_call_impl
    return self._call_impl(*args, **kwargs)
           ^^^^^^^^^^^^^^^^^^^^^^^^^^^^^^^^
  File "/mnt/shared/gpfs/home/manvij2/dafny/lib/python3.12/site-packages/torch/nn/modules/module.py", line 1750, in _call_impl
    return forward_call(*args, **kwargs)
           ^^^^^^^^^^^^^^^^^^^^^^^^^^^^^
  File "/mnt/shared/gpfs/home/manvij2/dafny/lib/python3.12/site-packages/peft/peft_model.py", line 1756, in forward
    return self.base_model(
           ^^^^^^^^^^^^^^^^
  File "/mnt/shared/gpfs/home/manvij2/dafny/lib/python3.12/site-packages/torch/nn/modules/module.py", line 1739, in _wrapped_call_impl
    return self._call_impl(*args, **kwargs)
           ^^^^^^^^^^^^^^^^^^^^^^^^^^^^^^^^
  File "/mnt/shared/gpfs/home/manvij2/dafny/lib/python3.12/site-packages/torch/nn/modules/module.py", line 1750, in _call_impl
    return forward_call(*args, **kwargs)
           ^^^^^^^^^^^^^^^^^^^^^^^^^^^^^
  File "/mnt/shared/gpfs/home/manvij2/dafny/lib/python3.12/site-packages/peft/tuners/tuners_utils.py", line 193, in forward
    return self.model.forward(*args, **kwargs)
           ^^^^^^^^^^^^^^^^^^^^^^^^^^^^^^^^^^^
  File "/mnt/shared/gpfs/home/manvij2/dafny/lib/python3.12/site-packages/transformers/utils/generic.py", line 918, in wrapper
    output = func(self, *args, **kwargs)
             ^^^^^^^^^^^^^^^^^^^^^^^^^^^
  File "/mnt/shared/gpfs/home/manvij2/dafny/lib/python3.12/site-packages/transformers/models/qwen2/modeling_qwen2.py", line 449, in forward
    outputs: BaseModelOutputWithPast = self.model(
                                       ^^^^^^^^^^^
  File "/mnt/shared/gpfs/home/manvij2/dafny/lib/python3.12/site-packages/torch/nn/modules/module.py", line 1739, in _wrapped_call_impl
    return self._call_impl(*args, **kwargs)
           ^^^^^^^^^^^^^^^^^^^^^^^^^^^^^^^^
  File "/mnt/shared/gpfs/home/manvij2/dafny/lib/python3.12/site-packages/torch/nn/modules/module.py", line 1750, in _call_impl
    return forward_call(*args, **kwargs)
           ^^^^^^^^^^^^^^^^^^^^^^^^^^^^^
  File "/mnt/shared/gpfs/home/manvij2/dafny/lib/python3.12/site-packages/transformers/utils/generic.py", line 1072, in wrapper
    outputs = func(self, *args, **kwargs)
              ^^^^^^^^^^^^^^^^^^^^^^^^^^^
  File "/mnt/shared/gpfs/home/manvij2/dafny/lib/python3.12/site-packages/transformers/models/qwen2/modeling_qwen2.py", line 384, in forward
    hidden_states = decoder_layer(
                    ^^^^^^^^^^^^^^
  File "/mnt/shared/gpfs/home/manvij2/dafny/lib/python3.12/site-packages/transformers/modeling_layers.py", line 94, in __call__
    return super().__call__(*args, **kwargs)
           ^^^^^^^^^^^^^^^^^^^^^^^^^^^^^^^^^
  File "/mnt/shared/gpfs/home/manvij2/dafny/lib/python3.12/site-packages/torch/nn/modules/module.py", line 1739, in _wrapped_call_impl
    return self._call_impl(*args, **kwargs)
           ^^^^^^^^^^^^^^^^^^^^^^^^^^^^^^^^
  File "/mnt/shared/gpfs/home/manvij2/dafny/lib/python3.12/site-packages/torch/nn/modules/module.py", line 1750, in _call_impl
    return forward_call(*args, **kwargs)
           ^^^^^^^^^^^^^^^^^^^^^^^^^^^^^
  File "/mnt/shared/gpfs/home/manvij2/dafny/lib/python3.12/site-packages/transformers/utils/generic.py", line 1031, in wrapped_forward
    output = orig_forward(*args, **kwargs)
             ^^^^^^^^^^^^^^^^^^^^^^^^^^^^^
  File "/mnt/shared/gpfs/home/manvij2/dafny/lib/python3.12/site-packages/transformers/utils/deprecation.py", line 172, in wrapped_func
    return func(*args, **kwargs)
           ^^^^^^^^^^^^^^^^^^^^^
  File "/mnt/shared/gpfs/home/manvij2/dafny/lib/python3.12/site-packages/transformers/models/qwen2/modeling_qwen2.py", line 249, in forward
    hidden_states = self.mlp(hidden_states)
                    ^^^^^^^^^^^^^^^^^^^^^^^
  File "/mnt/shared/gpfs/home/manvij2/dafny/lib/python3.12/site-packages/torch/nn/modules/module.py", line 1739, in _wrapped_call_impl
    return self._call_impl(*args, **kwargs)
           ^^^^^^^^^^^^^^^^^^^^^^^^^^^^^^^^
  File "/mnt/shared/gpfs/home/manvij2/dafny/lib/python3.12/site-packages/torch/nn/modules/module.py", line 1750, in _call_impl
    return forward_call(*args, **kwargs)
           ^^^^^^^^^^^^^^^^^^^^^^^^^^^^^
  File "/mnt/shared/gpfs/home/manvij2/dafny/lib/python3.12/site-packages/transformers/models/qwen2/modeling_qwen2.py", line 46, in forward
    down_proj = self.down_proj(self.act_fn(self.gate_proj(x)) * self.up_proj(x))
                                           ^^^^^^^^^^^^^^^^^
  File "/mnt/shared/gpfs/home/manvij2/dafny/lib/python3.12/site-packages/torch/nn/modules/module.py", line 1739, in _wrapped_call_impl
    return self._call_impl(*args, **kwargs)
           ^^^^^^^^^^^^^^^^^^^^^^^^^^^^^^^^
  File "/mnt/shared/gpfs/home/manvij2/dafny/lib/python3.12/site-packages/torch/nn/modules/module.py", line 1750, in _call_impl
    return forward_call(*args, **kwargs)
           ^^^^^^^^^^^^^^^^^^^^^^^^^^^^^
  File "/mnt/shared/gpfs/home/manvij2/dafny/lib/python3.12/site-packages/peft/tuners/lora/bnb.py", line 232, in forward
    result = self.base_layer(x, *args, **kwargs)
             ^^^^^^^^^^^^^^^^^^^^^^^^^^^^^^^^^^^
  File "/mnt/shared/gpfs/home/manvij2/dafny/lib/python3.12/site-packages/torch/nn/modules/module.py", line 1739, in _wrapped_call_impl
    return self._call_impl(*args, **kwargs)
           ^^^^^^^^^^^^^^^^^^^^^^^^^^^^^^^^
  File "/mnt/shared/gpfs/home/manvij2/dafny/lib/python3.12/site-packages/torch/nn/modules/module.py", line 1750, in _call_impl
    return forward_call(*args, **kwargs)
           ^^^^^^^^^^^^^^^^^^^^^^^^^^^^^
  File "/mnt/shared/gpfs/home/manvij2/dafny/lib/python3.12/site-packages/bitsandbytes/nn/modules.py", line 990, in forward
    out = bnb.matmul(x, self.weight, bias=self.bias, state=self.state)
          ^^^^^^^^^^^^^^^^^^^^^^^^^^^^^^^^^^^^^^^^^^^^^^^^^^^^^^^^^^^^
  File "/mnt/shared/gpfs/home/manvij2/dafny/lib/python3.12/site-packages/bitsandbytes/autograd/_functions.py", line 509, in matmul
    return MatMul8bitLt.apply(A, B, out, bias, state)
           ^^^^^^^^^^^^^^^^^^^^^^^^^^^^^^^^^^^^^^^^^^
  File "/mnt/shared/gpfs/home/manvij2/dafny/lib/python3.12/site-packages/torch/autograd/function.py", line 575, in apply
    return super().apply(*args, **kwargs)  # type: ignore[misc]
           ^^^^^^^^^^^^^^^^^^^^^^^^^^^^^^
  File "/mnt/shared/gpfs/home/manvij2/dafny/lib/python3.12/site-packages/bitsandbytes/autograd/_functions.py", line 368, in forward
    out32 = F.int8_linear_matmul(CA, state.CB)
            ^^^^^^^^^^^^^^^^^^^^^^^^^^^^^^^^^^
  File "/mnt/shared/gpfs/home/manvij2/dafny/lib/python3.12/site-packages/bitsandbytes/functional.py", line 2342, in int8_linear_matmul
    out = torch.empty(shapeC, device=A.device, dtype=dtype)
          ^^^^^^^^^^^^^^^^^^^^^^^^^^^^^^^^^^^^^^^^^^^^^^^^^
torch.OutOfMemoryError: CUDA out of memory. Tried to allocate 20.00 MiB. GPU 0 has a total capacity of 79.18 GiB of which 15.18 GiB is free. Including non-PyTorch memory, this process has 64.00 GiB memory in use. 63.34 GiB allowed; Of the allocated memory 61.85 GiB is allocated by PyTorch, and 1.49 GiB is reserved by PyTorch but unallocated. If reserved but unallocated memory is large try setting PYTORCH_CUDA_ALLOC_CONF=expandable_segments:True to avoid fragmentation.  See documentation for Memory Management  (https://pytorch.org/docs/stable/notes/cuda.html#environment-variables)
2026-03-18 04:02:15,679 - INFO - Saving final results...
2026-03-18 04:02:15,684 - INFO - Training completed successfully!
2026-03-18 04:05:08,698 - INFO - Starting execution...
2026-03-18 04:05:08,698 - INFO - Processing folders in /mnt/shared/gpfs/home/manvij2/journal_phase/test_folder_one
2026-03-18 04:05:32,721 - INFO - Processing subfolder: /mnt/shared/gpfs/home/manvij2/journal_phase/test_folder_one/Dafny(55)
2026-03-18 04:05:32,723 - INFO - Prompt preview for Dafny(55): The provided Dafny code defines a method `ToArray` that converts a sequence `xs` of type `T` into an array `a`. The method ensures that the resulting array is a fresh allocation, matches the length of...
2026-03-18 04:05:32,725 - INFO - Starting training for Dafny(55)
2026-03-18 04:05:32,725 - INFO - Starting/Resuming SLM training with sequence-level policy gradient...
2026-03-18 04:05:32,751 - INFO - Created checkpoint directory at: /mnt/shared/gpfs/home/manvij2/checkpoints/run_CHK
2026-03-18 04:05:32,751 - INFO - 
Starting Epoch 1/5
2026-03-18 04:05:32,751 - INFO - Processing batch 1/1
2026-03-18 04:05:42,991 - ERROR - Error while processing subfolder Dafny(55): CUDA out of memory. Tried to allocate 20.00 MiB. GPU 0 has a total capacity of 79.18 GiB of which 15.18 GiB is free. Including non-PyTorch memory, this process has 63.99 GiB memory in use. 63.34 GiB allowed; Of the allocated memory 61.86 GiB is allocated by PyTorch, and 1.48 GiB is reserved by PyTorch but unallocated. If reserved but unallocated memory is large try setting PYTORCH_CUDA_ALLOC_CONF=expandable_segments:True to avoid fragmentation.  See documentation for Memory Management  (https://pytorch.org/docs/stable/notes/cuda.html#environment-variables)
Traceback (most recent call last):
  File "/mnt/shared/gpfs/home/manvij2/journal_phase/CODEBASE/main.py", line 102, in process_one_subfolder
    total_rewards, successful_examples = train_slm_with_grpo(
                                         ^^^^^^^^^^^^^^^^^^^^
  File "/mnt/shared/gpfs/home/manvij2/journal_phase/CODEBASE/preface_rl/slm.py", line 572, in train_slm_with_grpo
    ) = generate_instruction_with_logprobs(
        ^^^^^^^^^^^^^^^^^^^^^^^^^^^^^^^^^^^
  File "/mnt/shared/gpfs/home/manvij2/journal_phase/CODEBASE/preface_rl/slm.py", line 255, in generate_instruction_with_logprobs
    logits, _ = slm_pg(input_ids=input_ids, attention_mask=attention_mask)
                ^^^^^^^^^^^^^^^^^^^^^^^^^^^^^^^^^^^^^^^^^^^^^^^^^^^^^^^^^^
  File "/mnt/shared/gpfs/home/manvij2/dafny/lib/python3.12/site-packages/torch/nn/modules/module.py", line 1739, in _wrapped_call_impl
    return self._call_impl(*args, **kwargs)
           ^^^^^^^^^^^^^^^^^^^^^^^^^^^^^^^^
  File "/mnt/shared/gpfs/home/manvij2/dafny/lib/python3.12/site-packages/torch/nn/modules/module.py", line 1750, in _call_impl
    return forward_call(*args, **kwargs)
           ^^^^^^^^^^^^^^^^^^^^^^^^^^^^^
  File "/mnt/shared/gpfs/home/manvij2/journal_phase/CODEBASE/preface_rl/slm.py", line 220, in forward
    outputs = self.model(
              ^^^^^^^^^^^
  File "/mnt/shared/gpfs/home/manvij2/dafny/lib/python3.12/site-packages/torch/nn/modules/module.py", line 1739, in _wrapped_call_impl
    return self._call_impl(*args, **kwargs)
           ^^^^^^^^^^^^^^^^^^^^^^^^^^^^^^^^
  File "/mnt/shared/gpfs/home/manvij2/dafny/lib/python3.12/site-packages/torch/nn/modules/module.py", line 1750, in _call_impl
    return forward_call(*args, **kwargs)
           ^^^^^^^^^^^^^^^^^^^^^^^^^^^^^
  File "/mnt/shared/gpfs/home/manvij2/dafny/lib/python3.12/site-packages/peft/peft_model.py", line 1756, in forward
    return self.base_model(
           ^^^^^^^^^^^^^^^^
  File "/mnt/shared/gpfs/home/manvij2/dafny/lib/python3.12/site-packages/torch/nn/modules/module.py", line 1739, in _wrapped_call_impl
    return self._call_impl(*args, **kwargs)
           ^^^^^^^^^^^^^^^^^^^^^^^^^^^^^^^^
  File "/mnt/shared/gpfs/home/manvij2/dafny/lib/python3.12/site-packages/torch/nn/modules/module.py", line 1750, in _call_impl
    return forward_call(*args, **kwargs)
           ^^^^^^^^^^^^^^^^^^^^^^^^^^^^^
  File "/mnt/shared/gpfs/home/manvij2/dafny/lib/python3.12/site-packages/peft/tuners/tuners_utils.py", line 193, in forward
    return self.model.forward(*args, **kwargs)
           ^^^^^^^^^^^^^^^^^^^^^^^^^^^^^^^^^^^
  File "/mnt/shared/gpfs/home/manvij2/dafny/lib/python3.12/site-packages/transformers/utils/generic.py", line 918, in wrapper
    output = func(self, *args, **kwargs)
             ^^^^^^^^^^^^^^^^^^^^^^^^^^^
  File "/mnt/shared/gpfs/home/manvij2/dafny/lib/python3.12/site-packages/transformers/models/qwen2/modeling_qwen2.py", line 449, in forward
    outputs: BaseModelOutputWithPast = self.model(
                                       ^^^^^^^^^^^
  File "/mnt/shared/gpfs/home/manvij2/dafny/lib/python3.12/site-packages/torch/nn/modules/module.py", line 1739, in _wrapped_call_impl
    return self._call_impl(*args, **kwargs)
           ^^^^^^^^^^^^^^^^^^^^^^^^^^^^^^^^
  File "/mnt/shared/gpfs/home/manvij2/dafny/lib/python3.12/site-packages/torch/nn/modules/module.py", line 1750, in _call_impl
    return forward_call(*args, **kwargs)
           ^^^^^^^^^^^^^^^^^^^^^^^^^^^^^
  File "/mnt/shared/gpfs/home/manvij2/dafny/lib/python3.12/site-packages/transformers/utils/generic.py", line 1072, in wrapper
    outputs = func(self, *args, **kwargs)
              ^^^^^^^^^^^^^^^^^^^^^^^^^^^
  File "/mnt/shared/gpfs/home/manvij2/dafny/lib/python3.12/site-packages/transformers/models/qwen2/modeling_qwen2.py", line 384, in forward
    hidden_states = decoder_layer(
                    ^^^^^^^^^^^^^^
  File "/mnt/shared/gpfs/home/manvij2/dafny/lib/python3.12/site-packages/transformers/modeling_layers.py", line 94, in __call__
    return super().__call__(*args, **kwargs)
           ^^^^^^^^^^^^^^^^^^^^^^^^^^^^^^^^^
  File "/mnt/shared/gpfs/home/manvij2/dafny/lib/python3.12/site-packages/torch/nn/modules/module.py", line 1739, in _wrapped_call_impl
    return self._call_impl(*args, **kwargs)
           ^^^^^^^^^^^^^^^^^^^^^^^^^^^^^^^^
  File "/mnt/shared/gpfs/home/manvij2/dafny/lib/python3.12/site-packages/torch/nn/modules/module.py", line 1750, in _call_impl
    return forward_call(*args, **kwargs)
           ^^^^^^^^^^^^^^^^^^^^^^^^^^^^^
  File "/mnt/shared/gpfs/home/manvij2/dafny/lib/python3.12/site-packages/transformers/utils/generic.py", line 1031, in wrapped_forward
    output = orig_forward(*args, **kwargs)
             ^^^^^^^^^^^^^^^^^^^^^^^^^^^^^
  File "/mnt/shared/gpfs/home/manvij2/dafny/lib/python3.12/site-packages/transformers/utils/deprecation.py", line 172, in wrapped_func
    return func(*args, **kwargs)
           ^^^^^^^^^^^^^^^^^^^^^
  File "/mnt/shared/gpfs/home/manvij2/dafny/lib/python3.12/site-packages/transformers/models/qwen2/modeling_qwen2.py", line 249, in forward
    hidden_states = self.mlp(hidden_states)
                    ^^^^^^^^^^^^^^^^^^^^^^^
  File "/mnt/shared/gpfs/home/manvij2/dafny/lib/python3.12/site-packages/torch/nn/modules/module.py", line 1739, in _wrapped_call_impl
    return self._call_impl(*args, **kwargs)
           ^^^^^^^^^^^^^^^^^^^^^^^^^^^^^^^^
  File "/mnt/shared/gpfs/home/manvij2/dafny/lib/python3.12/site-packages/torch/nn/modules/module.py", line 1750, in _call_impl
    return forward_call(*args, **kwargs)
           ^^^^^^^^^^^^^^^^^^^^^^^^^^^^^
  File "/mnt/shared/gpfs/home/manvij2/dafny/lib/python3.12/site-packages/transformers/models/qwen2/modeling_qwen2.py", line 46, in forward
    down_proj = self.down_proj(self.act_fn(self.gate_proj(x)) * self.up_proj(x))
                                           ^^^^^^^^^^^^^^^^^
  File "/mnt/shared/gpfs/home/manvij2/dafny/lib/python3.12/site-packages/torch/nn/modules/module.py", line 1739, in _wrapped_call_impl
    return self._call_impl(*args, **kwargs)
           ^^^^^^^^^^^^^^^^^^^^^^^^^^^^^^^^
  File "/mnt/shared/gpfs/home/manvij2/dafny/lib/python3.12/site-packages/torch/nn/modules/module.py", line 1750, in _call_impl
    return forward_call(*args, **kwargs)
           ^^^^^^^^^^^^^^^^^^^^^^^^^^^^^
  File "/mnt/shared/gpfs/home/manvij2/dafny/lib/python3.12/site-packages/peft/tuners/lora/bnb.py", line 232, in forward
    result = self.base_layer(x, *args, **kwargs)
             ^^^^^^^^^^^^^^^^^^^^^^^^^^^^^^^^^^^
  File "/mnt/shared/gpfs/home/manvij2/dafny/lib/python3.12/site-packages/torch/nn/modules/module.py", line 1739, in _wrapped_call_impl
    return self._call_impl(*args, **kwargs)
           ^^^^^^^^^^^^^^^^^^^^^^^^^^^^^^^^
  File "/mnt/shared/gpfs/home/manvij2/dafny/lib/python3.12/site-packages/torch/nn/modules/module.py", line 1750, in _call_impl
    return forward_call(*args, **kwargs)
           ^^^^^^^^^^^^^^^^^^^^^^^^^^^^^
  File "/mnt/shared/gpfs/home/manvij2/dafny/lib/python3.12/site-packages/bitsandbytes/nn/modules.py", line 990, in forward
    out = bnb.matmul(x, self.weight, bias=self.bias, state=self.state)
          ^^^^^^^^^^^^^^^^^^^^^^^^^^^^^^^^^^^^^^^^^^^^^^^^^^^^^^^^^^^^
  File "/mnt/shared/gpfs/home/manvij2/dafny/lib/python3.12/site-packages/bitsandbytes/autograd/_functions.py", line 509, in matmul
    return MatMul8bitLt.apply(A, B, out, bias, state)
           ^^^^^^^^^^^^^^^^^^^^^^^^^^^^^^^^^^^^^^^^^^
  File "/mnt/shared/gpfs/home/manvij2/dafny/lib/python3.12/site-packages/torch/autograd/function.py", line 575, in apply
    return super().apply(*args, **kwargs)  # type: ignore[misc]
           ^^^^^^^^^^^^^^^^^^^^^^^^^^^^^^
  File "/mnt/shared/gpfs/home/manvij2/dafny/lib/python3.12/site-packages/bitsandbytes/autograd/_functions.py", line 380, in forward
    output = output.addmm(subA, state.subB)
             ^^^^^^^^^^^^^^^^^^^^^^^^^^^^^^
torch.OutOfMemoryError: CUDA out of memory. Tried to allocate 20.00 MiB. GPU 0 has a total capacity of 79.18 GiB of which 15.18 GiB is free. Including non-PyTorch memory, this process has 63.99 GiB memory in use. 63.34 GiB allowed; Of the allocated memory 61.86 GiB is allocated by PyTorch, and 1.48 GiB is reserved by PyTorch but unallocated. If reserved but unallocated memory is large try setting PYTORCH_CUDA_ALLOC_CONF=expandable_segments:True to avoid fragmentation.  See documentation for Memory Management  (https://pytorch.org/docs/stable/notes/cuda.html#environment-variables)
2026-03-18 04:05:45,714 - INFO - Saving final results...
2026-03-18 04:05:45,718 - INFO - Training completed successfully!
2026-03-18 04:10:00,667 - INFO - Starting execution...
2026-03-18 04:10:00,667 - INFO - Processing folders in /mnt/shared/gpfs/home/manvij2/journal_phase/test_folder_one
2026-03-18 04:10:18,301 - INFO - Processing subfolder: /mnt/shared/gpfs/home/manvij2/journal_phase/test_folder_one/Dafny(55)
2026-03-18 04:10:18,303 - INFO - Prompt preview for Dafny(55): The provided Dafny code defines a method `ToArray` that converts a sequence `xs` of type `T` into an array `a`. The method ensures that the resulting array is a fresh allocation, matches the length of...
2026-03-18 04:10:18,307 - INFO - Starting training for Dafny(55)
2026-03-18 04:10:18,307 - INFO - Starting/Resuming SLM training with sequence-level policy gradient...
2026-03-18 04:10:18,336 - INFO - Created checkpoint directory at: /mnt/shared/gpfs/home/manvij2/checkpoints/run_CHK
2026-03-18 04:10:18,336 - INFO - 
Starting Epoch 1/5
2026-03-18 04:10:18,336 - INFO - Processing batch 1/1
2026-03-18 04:10:29,200 - ERROR - Error while processing subfolder Dafny(55): CUDA out of memory. Tried to allocate 20.00 MiB. GPU 0 has a total capacity of 79.18 GiB of which 15.18 GiB is free. Including non-PyTorch memory, this process has 63.99 GiB memory in use. 63.34 GiB allowed; Of the allocated memory 61.85 GiB is allocated by PyTorch, and 1.48 GiB is reserved by PyTorch but unallocated. If reserved but unallocated memory is large try setting PYTORCH_CUDA_ALLOC_CONF=expandable_segments:True to avoid fragmentation.  See documentation for Memory Management  (https://pytorch.org/docs/stable/notes/cuda.html#environment-variables)
Traceback (most recent call last):
  File "/mnt/shared/gpfs/home/manvij2/journal_phase/CODEBASE/main.py", line 102, in process_one_subfolder
    total_rewards, successful_examples = train_slm_with_grpo(
                                         ^^^^^^^^^^^^^^^^^^^^
  File "/mnt/shared/gpfs/home/manvij2/journal_phase/CODEBASE/preface_rl/slm.py", line 572, in train_slm_with_grpo
    ) = generate_instruction_with_logprobs(
        ^^^^^^^^^^^^^^^^^^^^^^^^^^^^^^^^^^^
  File "/mnt/shared/gpfs/home/manvij2/journal_phase/CODEBASE/preface_rl/slm.py", line 255, in generate_instruction_with_logprobs
    logits, _ = slm_pg(input_ids=input_ids, attention_mask=attention_mask)
                ^^^^^^^^^^^^^^^^^^^^^^^^^^^^^^^^^^^^^^^^^^^^^^^^^^^^^^^^^^
  File "/mnt/shared/gpfs/home/manvij2/dafny/lib/python3.12/site-packages/torch/nn/modules/module.py", line 1739, in _wrapped_call_impl
    return self._call_impl(*args, **kwargs)
           ^^^^^^^^^^^^^^^^^^^^^^^^^^^^^^^^
  File "/mnt/shared/gpfs/home/manvij2/dafny/lib/python3.12/site-packages/torch/nn/modules/module.py", line 1750, in _call_impl
    return forward_call(*args, **kwargs)
           ^^^^^^^^^^^^^^^^^^^^^^^^^^^^^
  File "/mnt/shared/gpfs/home/manvij2/journal_phase/CODEBASE/preface_rl/slm.py", line 220, in forward
    outputs = self.model(
              ^^^^^^^^^^^
  File "/mnt/shared/gpfs/home/manvij2/dafny/lib/python3.12/site-packages/torch/nn/modules/module.py", line 1739, in _wrapped_call_impl
    return self._call_impl(*args, **kwargs)
           ^^^^^^^^^^^^^^^^^^^^^^^^^^^^^^^^
  File "/mnt/shared/gpfs/home/manvij2/dafny/lib/python3.12/site-packages/torch/nn/modules/module.py", line 1750, in _call_impl
    return forward_call(*args, **kwargs)
           ^^^^^^^^^^^^^^^^^^^^^^^^^^^^^
  File "/mnt/shared/gpfs/home/manvij2/dafny/lib/python3.12/site-packages/peft/peft_model.py", line 1756, in forward
    return self.base_model(
           ^^^^^^^^^^^^^^^^
  File "/mnt/shared/gpfs/home/manvij2/dafny/lib/python3.12/site-packages/torch/nn/modules/module.py", line 1739, in _wrapped_call_impl
    return self._call_impl(*args, **kwargs)
           ^^^^^^^^^^^^^^^^^^^^^^^^^^^^^^^^
  File "/mnt/shared/gpfs/home/manvij2/dafny/lib/python3.12/site-packages/torch/nn/modules/module.py", line 1750, in _call_impl
    return forward_call(*args, **kwargs)
           ^^^^^^^^^^^^^^^^^^^^^^^^^^^^^
  File "/mnt/shared/gpfs/home/manvij2/dafny/lib/python3.12/site-packages/peft/tuners/tuners_utils.py", line 193, in forward
    return self.model.forward(*args, **kwargs)
           ^^^^^^^^^^^^^^^^^^^^^^^^^^^^^^^^^^^
  File "/mnt/shared/gpfs/home/manvij2/dafny/lib/python3.12/site-packages/transformers/utils/generic.py", line 918, in wrapper
    output = func(self, *args, **kwargs)
             ^^^^^^^^^^^^^^^^^^^^^^^^^^^
  File "/mnt/shared/gpfs/home/manvij2/dafny/lib/python3.12/site-packages/transformers/models/qwen2/modeling_qwen2.py", line 449, in forward
    outputs: BaseModelOutputWithPast = self.model(
                                       ^^^^^^^^^^^
  File "/mnt/shared/gpfs/home/manvij2/dafny/lib/python3.12/site-packages/torch/nn/modules/module.py", line 1739, in _wrapped_call_impl
    return self._call_impl(*args, **kwargs)
           ^^^^^^^^^^^^^^^^^^^^^^^^^^^^^^^^
  File "/mnt/shared/gpfs/home/manvij2/dafny/lib/python3.12/site-packages/torch/nn/modules/module.py", line 1750, in _call_impl
    return forward_call(*args, **kwargs)
           ^^^^^^^^^^^^^^^^^^^^^^^^^^^^^
  File "/mnt/shared/gpfs/home/manvij2/dafny/lib/python3.12/site-packages/transformers/utils/generic.py", line 1072, in wrapper
    outputs = func(self, *args, **kwargs)
              ^^^^^^^^^^^^^^^^^^^^^^^^^^^
  File "/mnt/shared/gpfs/home/manvij2/dafny/lib/python3.12/site-packages/transformers/models/qwen2/modeling_qwen2.py", line 384, in forward
    hidden_states = decoder_layer(
                    ^^^^^^^^^^^^^^
  File "/mnt/shared/gpfs/home/manvij2/dafny/lib/python3.12/site-packages/transformers/modeling_layers.py", line 94, in __call__
    return super().__call__(*args, **kwargs)
           ^^^^^^^^^^^^^^^^^^^^^^^^^^^^^^^^^
  File "/mnt/shared/gpfs/home/manvij2/dafny/lib/python3.12/site-packages/torch/nn/modules/module.py", line 1739, in _wrapped_call_impl
    return self._call_impl(*args, **kwargs)
           ^^^^^^^^^^^^^^^^^^^^^^^^^^^^^^^^
  File "/mnt/shared/gpfs/home/manvij2/dafny/lib/python3.12/site-packages/torch/nn/modules/module.py", line 1750, in _call_impl
    return forward_call(*args, **kwargs)
           ^^^^^^^^^^^^^^^^^^^^^^^^^^^^^
  File "/mnt/shared/gpfs/home/manvij2/dafny/lib/python3.12/site-packages/transformers/utils/generic.py", line 1031, in wrapped_forward
    output = orig_forward(*args, **kwargs)
             ^^^^^^^^^^^^^^^^^^^^^^^^^^^^^
  File "/mnt/shared/gpfs/home/manvij2/dafny/lib/python3.12/site-packages/transformers/utils/deprecation.py", line 172, in wrapped_func
    return func(*args, **kwargs)
           ^^^^^^^^^^^^^^^^^^^^^
  File "/mnt/shared/gpfs/home/manvij2/dafny/lib/python3.12/site-packages/transformers/models/qwen2/modeling_qwen2.py", line 249, in forward
    hidden_states = self.mlp(hidden_states)
                    ^^^^^^^^^^^^^^^^^^^^^^^
  File "/mnt/shared/gpfs/home/manvij2/dafny/lib/python3.12/site-packages/torch/nn/modules/module.py", line 1739, in _wrapped_call_impl
    return self._call_impl(*args, **kwargs)
           ^^^^^^^^^^^^^^^^^^^^^^^^^^^^^^^^
  File "/mnt/shared/gpfs/home/manvij2/dafny/lib/python3.12/site-packages/torch/nn/modules/module.py", line 1750, in _call_impl
    return forward_call(*args, **kwargs)
           ^^^^^^^^^^^^^^^^^^^^^^^^^^^^^
  File "/mnt/shared/gpfs/home/manvij2/dafny/lib/python3.12/site-packages/transformers/models/qwen2/modeling_qwen2.py", line 46, in forward
    down_proj = self.down_proj(self.act_fn(self.gate_proj(x)) * self.up_proj(x))
                                           ^^^^^^^^^^^^^^^^^
  File "/mnt/shared/gpfs/home/manvij2/dafny/lib/python3.12/site-packages/torch/nn/modules/module.py", line 1739, in _wrapped_call_impl
    return self._call_impl(*args, **kwargs)
           ^^^^^^^^^^^^^^^^^^^^^^^^^^^^^^^^
  File "/mnt/shared/gpfs/home/manvij2/dafny/lib/python3.12/site-packages/torch/nn/modules/module.py", line 1750, in _call_impl
    return forward_call(*args, **kwargs)
           ^^^^^^^^^^^^^^^^^^^^^^^^^^^^^
  File "/mnt/shared/gpfs/home/manvij2/dafny/lib/python3.12/site-packages/peft/tuners/lora/bnb.py", line 232, in forward
    result = self.base_layer(x, *args, **kwargs)
             ^^^^^^^^^^^^^^^^^^^^^^^^^^^^^^^^^^^
  File "/mnt/shared/gpfs/home/manvij2/dafny/lib/python3.12/site-packages/torch/nn/modules/module.py", line 1739, in _wrapped_call_impl
    return self._call_impl(*args, **kwargs)
           ^^^^^^^^^^^^^^^^^^^^^^^^^^^^^^^^
  File "/mnt/shared/gpfs/home/manvij2/dafny/lib/python3.12/site-packages/torch/nn/modules/module.py", line 1750, in _call_impl
    return forward_call(*args, **kwargs)
           ^^^^^^^^^^^^^^^^^^^^^^^^^^^^^
  File "/mnt/shared/gpfs/home/manvij2/dafny/lib/python3.12/site-packages/bitsandbytes/nn/modules.py", line 990, in forward
    out = bnb.matmul(x, self.weight, bias=self.bias, state=self.state)
          ^^^^^^^^^^^^^^^^^^^^^^^^^^^^^^^^^^^^^^^^^^^^^^^^^^^^^^^^^^^^
  File "/mnt/shared/gpfs/home/manvij2/dafny/lib/python3.12/site-packages/bitsandbytes/autograd/_functions.py", line 509, in matmul
    return MatMul8bitLt.apply(A, B, out, bias, state)
           ^^^^^^^^^^^^^^^^^^^^^^^^^^^^^^^^^^^^^^^^^^
  File "/mnt/shared/gpfs/home/manvij2/dafny/lib/python3.12/site-packages/torch/autograd/function.py", line 575, in apply
    return super().apply(*args, **kwargs)  # type: ignore[misc]
           ^^^^^^^^^^^^^^^^^^^^^^^^^^^^^^
  File "/mnt/shared/gpfs/home/manvij2/dafny/lib/python3.12/site-packages/bitsandbytes/autograd/_functions.py", line 380, in forward
    output = output.addmm(subA, state.subB)
             ^^^^^^^^^^^^^^^^^^^^^^^^^^^^^^
torch.OutOfMemoryError: CUDA out of memory. Tried to allocate 20.00 MiB. GPU 0 has a total capacity of 79.18 GiB of which 15.18 GiB is free. Including non-PyTorch memory, this process has 63.99 GiB memory in use. 63.34 GiB allowed; Of the allocated memory 61.85 GiB is allocated by PyTorch, and 1.48 GiB is reserved by PyTorch but unallocated. If reserved but unallocated memory is large try setting PYTORCH_CUDA_ALLOC_CONF=expandable_segments:True to avoid fragmentation.  See documentation for Memory Management  (https://pytorch.org/docs/stable/notes/cuda.html#environment-variables)
2026-03-18 04:10:31,989 - INFO - Saving final results...
2026-03-18 04:10:31,995 - INFO - Training completed successfully!
2026-03-18 04:14:51,244 - INFO - Starting execution...
2026-03-18 04:14:51,245 - INFO - Processing folders in /mnt/shared/gpfs/home/manvij2/journal_phase/test_folder_one
2026-03-18 04:15:11,213 - INFO - Processing subfolder: /mnt/shared/gpfs/home/manvij2/journal_phase/test_folder_one/Dafny(55)
2026-03-18 04:15:11,214 - INFO - Prompt preview for Dafny(55): The provided Dafny code defines a method `ToArray` that converts a sequence `xs` of type `T` into an array `a`. The method ensures that the resulting array is a fresh allocation, matches the length of...
2026-03-18 04:15:11,215 - INFO - Starting training for Dafny(55)
2026-03-18 04:15:11,215 - INFO - Starting/Resuming SLM training with sequence-level policy gradient...
2026-03-18 04:15:11,241 - INFO - Created checkpoint directory at: /mnt/shared/gpfs/home/manvij2/checkpoints/run_CHK
2026-03-18 04:15:11,241 - INFO - 
Starting Epoch 1/5
2026-03-18 04:15:11,241 - INFO - Processing batch 1/1
2026-03-18 04:15:21,811 - ERROR - Error while processing subfolder Dafny(55): CUDA out of memory. Tried to allocate 20.00 MiB. GPU 0 has a total capacity of 79.18 GiB of which 15.18 GiB is free. Including non-PyTorch memory, this process has 63.99 GiB memory in use. 63.34 GiB allowed; Of the allocated memory 61.87 GiB is allocated by PyTorch, and 1.47 GiB is reserved by PyTorch but unallocated. If reserved but unallocated memory is large try setting PYTORCH_CUDA_ALLOC_CONF=expandable_segments:True to avoid fragmentation.  See documentation for Memory Management  (https://pytorch.org/docs/stable/notes/cuda.html#environment-variables)
Traceback (most recent call last):
  File "/mnt/shared/gpfs/home/manvij2/journal_phase/CODEBASE/main.py", line 102, in process_one_subfolder
    total_rewards, successful_examples = train_slm_with_grpo(
                                         ^^^^^^^^^^^^^^^^^^^^
  File "/mnt/shared/gpfs/home/manvij2/journal_phase/CODEBASE/preface_rl/slm.py", line 572, in train_slm_with_grpo
    ) = generate_instruction_with_logprobs(
        ^^^^^^^^^^^^^^^^^^^^^^^^^^^^^^^^^^^
  File "/mnt/shared/gpfs/home/manvij2/journal_phase/CODEBASE/preface_rl/slm.py", line 255, in generate_instruction_with_logprobs
    logits, _ = slm_pg(input_ids=input_ids, attention_mask=attention_mask)
                ^^^^^^^^^^^^^^^^^^^^^^^^^^^^^^^^^^^^^^^^^^^^^^^^^^^^^^^^^^
  File "/mnt/shared/gpfs/home/manvij2/dafny/lib/python3.12/site-packages/torch/nn/modules/module.py", line 1739, in _wrapped_call_impl
    return self._call_impl(*args, **kwargs)
           ^^^^^^^^^^^^^^^^^^^^^^^^^^^^^^^^
  File "/mnt/shared/gpfs/home/manvij2/dafny/lib/python3.12/site-packages/torch/nn/modules/module.py", line 1750, in _call_impl
    return forward_call(*args, **kwargs)
           ^^^^^^^^^^^^^^^^^^^^^^^^^^^^^
  File "/mnt/shared/gpfs/home/manvij2/journal_phase/CODEBASE/preface_rl/slm.py", line 220, in forward
    outputs = self.model(
              ^^^^^^^^^^^
  File "/mnt/shared/gpfs/home/manvij2/dafny/lib/python3.12/site-packages/torch/nn/modules/module.py", line 1739, in _wrapped_call_impl
    return self._call_impl(*args, **kwargs)
           ^^^^^^^^^^^^^^^^^^^^^^^^^^^^^^^^
  File "/mnt/shared/gpfs/home/manvij2/dafny/lib/python3.12/site-packages/torch/nn/modules/module.py", line 1750, in _call_impl
    return forward_call(*args, **kwargs)
           ^^^^^^^^^^^^^^^^^^^^^^^^^^^^^
  File "/mnt/shared/gpfs/home/manvij2/dafny/lib/python3.12/site-packages/peft/peft_model.py", line 1756, in forward
    return self.base_model(
           ^^^^^^^^^^^^^^^^
  File "/mnt/shared/gpfs/home/manvij2/dafny/lib/python3.12/site-packages/torch/nn/modules/module.py", line 1739, in _wrapped_call_impl
    return self._call_impl(*args, **kwargs)
           ^^^^^^^^^^^^^^^^^^^^^^^^^^^^^^^^
  File "/mnt/shared/gpfs/home/manvij2/dafny/lib/python3.12/site-packages/torch/nn/modules/module.py", line 1750, in _call_impl
    return forward_call(*args, **kwargs)
           ^^^^^^^^^^^^^^^^^^^^^^^^^^^^^
  File "/mnt/shared/gpfs/home/manvij2/dafny/lib/python3.12/site-packages/peft/tuners/tuners_utils.py", line 193, in forward
    return self.model.forward(*args, **kwargs)
           ^^^^^^^^^^^^^^^^^^^^^^^^^^^^^^^^^^^
  File "/mnt/shared/gpfs/home/manvij2/dafny/lib/python3.12/site-packages/transformers/utils/generic.py", line 918, in wrapper
    output = func(self, *args, **kwargs)
             ^^^^^^^^^^^^^^^^^^^^^^^^^^^
  File "/mnt/shared/gpfs/home/manvij2/dafny/lib/python3.12/site-packages/transformers/models/qwen2/modeling_qwen2.py", line 449, in forward
    outputs: BaseModelOutputWithPast = self.model(
                                       ^^^^^^^^^^^
  File "/mnt/shared/gpfs/home/manvij2/dafny/lib/python3.12/site-packages/torch/nn/modules/module.py", line 1739, in _wrapped_call_impl
    return self._call_impl(*args, **kwargs)
           ^^^^^^^^^^^^^^^^^^^^^^^^^^^^^^^^
  File "/mnt/shared/gpfs/home/manvij2/dafny/lib/python3.12/site-packages/torch/nn/modules/module.py", line 1750, in _call_impl
    return forward_call(*args, **kwargs)
           ^^^^^^^^^^^^^^^^^^^^^^^^^^^^^
  File "/mnt/shared/gpfs/home/manvij2/dafny/lib/python3.12/site-packages/transformers/utils/generic.py", line 1072, in wrapper
    outputs = func(self, *args, **kwargs)
              ^^^^^^^^^^^^^^^^^^^^^^^^^^^
  File "/mnt/shared/gpfs/home/manvij2/dafny/lib/python3.12/site-packages/transformers/models/qwen2/modeling_qwen2.py", line 384, in forward
    hidden_states = decoder_layer(
                    ^^^^^^^^^^^^^^
  File "/mnt/shared/gpfs/home/manvij2/dafny/lib/python3.12/site-packages/transformers/modeling_layers.py", line 94, in __call__
    return super().__call__(*args, **kwargs)
           ^^^^^^^^^^^^^^^^^^^^^^^^^^^^^^^^^
  File "/mnt/shared/gpfs/home/manvij2/dafny/lib/python3.12/site-packages/torch/nn/modules/module.py", line 1739, in _wrapped_call_impl
    return self._call_impl(*args, **kwargs)
           ^^^^^^^^^^^^^^^^^^^^^^^^^^^^^^^^
  File "/mnt/shared/gpfs/home/manvij2/dafny/lib/python3.12/site-packages/torch/nn/modules/module.py", line 1750, in _call_impl
    return forward_call(*args, **kwargs)
           ^^^^^^^^^^^^^^^^^^^^^^^^^^^^^
  File "/mnt/shared/gpfs/home/manvij2/dafny/lib/python3.12/site-packages/transformers/utils/generic.py", line 1031, in wrapped_forward
    output = orig_forward(*args, **kwargs)
             ^^^^^^^^^^^^^^^^^^^^^^^^^^^^^
  File "/mnt/shared/gpfs/home/manvij2/dafny/lib/python3.12/site-packages/transformers/utils/deprecation.py", line 172, in wrapped_func
    return func(*args, **kwargs)
           ^^^^^^^^^^^^^^^^^^^^^
  File "/mnt/shared/gpfs/home/manvij2/dafny/lib/python3.12/site-packages/transformers/models/qwen2/modeling_qwen2.py", line 249, in forward
    hidden_states = self.mlp(hidden_states)
                    ^^^^^^^^^^^^^^^^^^^^^^^
  File "/mnt/shared/gpfs/home/manvij2/dafny/lib/python3.12/site-packages/torch/nn/modules/module.py", line 1739, in _wrapped_call_impl
    return self._call_impl(*args, **kwargs)
           ^^^^^^^^^^^^^^^^^^^^^^^^^^^^^^^^
  File "/mnt/shared/gpfs/home/manvij2/dafny/lib/python3.12/site-packages/torch/nn/modules/module.py", line 1750, in _call_impl
    return forward_call(*args, **kwargs)
           ^^^^^^^^^^^^^^^^^^^^^^^^^^^^^
  File "/mnt/shared/gpfs/home/manvij2/dafny/lib/python3.12/site-packages/transformers/models/qwen2/modeling_qwen2.py", line 46, in forward
    down_proj = self.down_proj(self.act_fn(self.gate_proj(x)) * self.up_proj(x))
                                                                ^^^^^^^^^^^^^^^
  File "/mnt/shared/gpfs/home/manvij2/dafny/lib/python3.12/site-packages/torch/nn/modules/module.py", line 1739, in _wrapped_call_impl
    return self._call_impl(*args, **kwargs)
           ^^^^^^^^^^^^^^^^^^^^^^^^^^^^^^^^
  File "/mnt/shared/gpfs/home/manvij2/dafny/lib/python3.12/site-packages/torch/nn/modules/module.py", line 1750, in _call_impl
    return forward_call(*args, **kwargs)
           ^^^^^^^^^^^^^^^^^^^^^^^^^^^^^
  File "/mnt/shared/gpfs/home/manvij2/dafny/lib/python3.12/site-packages/peft/tuners/lora/bnb.py", line 232, in forward
    result = self.base_layer(x, *args, **kwargs)
             ^^^^^^^^^^^^^^^^^^^^^^^^^^^^^^^^^^^
  File "/mnt/shared/gpfs/home/manvij2/dafny/lib/python3.12/site-packages/torch/nn/modules/module.py", line 1739, in _wrapped_call_impl
    return self._call_impl(*args, **kwargs)
           ^^^^^^^^^^^^^^^^^^^^^^^^^^^^^^^^
  File "/mnt/shared/gpfs/home/manvij2/dafny/lib/python3.12/site-packages/torch/nn/modules/module.py", line 1750, in _call_impl
    return forward_call(*args, **kwargs)
           ^^^^^^^^^^^^^^^^^^^^^^^^^^^^^
  File "/mnt/shared/gpfs/home/manvij2/dafny/lib/python3.12/site-packages/bitsandbytes/nn/modules.py", line 990, in forward
    out = bnb.matmul(x, self.weight, bias=self.bias, state=self.state)
          ^^^^^^^^^^^^^^^^^^^^^^^^^^^^^^^^^^^^^^^^^^^^^^^^^^^^^^^^^^^^
  File "/mnt/shared/gpfs/home/manvij2/dafny/lib/python3.12/site-packages/bitsandbytes/autograd/_functions.py", line 509, in matmul
    return MatMul8bitLt.apply(A, B, out, bias, state)
           ^^^^^^^^^^^^^^^^^^^^^^^^^^^^^^^^^^^^^^^^^^
  File "/mnt/shared/gpfs/home/manvij2/dafny/lib/python3.12/site-packages/torch/autograd/function.py", line 575, in apply
    return super().apply(*args, **kwargs)  # type: ignore[misc]
           ^^^^^^^^^^^^^^^^^^^^^^^^^^^^^^
  File "/mnt/shared/gpfs/home/manvij2/dafny/lib/python3.12/site-packages/bitsandbytes/autograd/_functions.py", line 373, in forward
    output = F.int8_mm_dequant(out32, SCA, state.SCB, bias=bias).to(A.dtype)
             ^^^^^^^^^^^^^^^^^^^^^^^^^^^^^^^^^^^^^^^^^^^^^^^^^^^^^^^^^^^^^^^
torch.OutOfMemoryError: CUDA out of memory. Tried to allocate 20.00 MiB. GPU 0 has a total capacity of 79.18 GiB of which 15.18 GiB is free. Including non-PyTorch memory, this process has 63.99 GiB memory in use. 63.34 GiB allowed; Of the allocated memory 61.87 GiB is allocated by PyTorch, and 1.47 GiB is reserved by PyTorch but unallocated. If reserved but unallocated memory is large try setting PYTORCH_CUDA_ALLOC_CONF=expandable_segments:True to avoid fragmentation.  See documentation for Memory Management  (https://pytorch.org/docs/stable/notes/cuda.html#environment-variables)
2026-03-18 04:15:24,600 - INFO - Saving final results...
2026-03-18 04:15:24,604 - INFO - Training completed successfully!
2026-03-18 04:17:47,561 - INFO - Starting execution...
2026-03-18 04:17:47,561 - INFO - Processing folders in /mnt/shared/gpfs/home/manvij2/journal_phase/test_folder_one
2026-03-18 04:18:11,195 - INFO - Processing subfolder: /mnt/shared/gpfs/home/manvij2/journal_phase/test_folder_one/Dafny(55)
2026-03-18 04:18:11,197 - INFO - Prompt preview for Dafny(55): The provided Dafny code defines a method `ToArray` that converts a sequence `xs` of type `T` into an array `a`. The method ensures that the resulting array is a fresh allocation, matches the length of...
2026-03-18 04:18:11,200 - INFO - Starting training for Dafny(55)
2026-03-18 04:18:11,201 - INFO - Starting/Resuming SLM training with sequence-level policy gradient...
2026-03-18 04:18:11,226 - INFO - Created checkpoint directory at: /mnt/shared/gpfs/home/manvij2/checkpoints/run_CHK
2026-03-18 04:18:11,227 - INFO - 
Starting Epoch 1/5
2026-03-18 04:18:11,227 - INFO - Processing batch 1/1
2026-03-18 04:18:21,390 - ERROR - Error while processing subfolder Dafny(55): CUDA out of memory. Tried to allocate 20.00 MiB. GPU 0 has a total capacity of 79.18 GiB of which 15.19 GiB is free. Including non-PyTorch memory, this process has 63.98 GiB memory in use. 63.34 GiB allowed; Of the allocated memory 61.85 GiB is allocated by PyTorch, and 1.48 GiB is reserved by PyTorch but unallocated. If reserved but unallocated memory is large try setting PYTORCH_CUDA_ALLOC_CONF=expandable_segments:True to avoid fragmentation.  See documentation for Memory Management  (https://pytorch.org/docs/stable/notes/cuda.html#environment-variables)
Traceback (most recent call last):
  File "/mnt/shared/gpfs/home/manvij2/journal_phase/CODEBASE/main.py", line 102, in process_one_subfolder
    total_rewards, successful_examples = train_slm_with_grpo(
                                         ^^^^^^^^^^^^^^^^^^^^
  File "/mnt/shared/gpfs/home/manvij2/journal_phase/CODEBASE/preface_rl/slm.py", line 572, in train_slm_with_grpo
    ) = generate_instruction_with_logprobs(
        ^^^^^^^^^^^^^^^^^^^^^^^^^^^^^^^^^^^
  File "/mnt/shared/gpfs/home/manvij2/journal_phase/CODEBASE/preface_rl/slm.py", line 255, in generate_instruction_with_logprobs
    logits, _ = slm_pg(input_ids=input_ids, attention_mask=attention_mask)
                ^^^^^^^^^^^^^^^^^^^^^^^^^^^^^^^^^^^^^^^^^^^^^^^^^^^^^^^^^^
  File "/mnt/shared/gpfs/home/manvij2/dafny/lib/python3.12/site-packages/torch/nn/modules/module.py", line 1739, in _wrapped_call_impl
    return self._call_impl(*args, **kwargs)
           ^^^^^^^^^^^^^^^^^^^^^^^^^^^^^^^^
  File "/mnt/shared/gpfs/home/manvij2/dafny/lib/python3.12/site-packages/torch/nn/modules/module.py", line 1750, in _call_impl
    return forward_call(*args, **kwargs)
           ^^^^^^^^^^^^^^^^^^^^^^^^^^^^^
  File "/mnt/shared/gpfs/home/manvij2/journal_phase/CODEBASE/preface_rl/slm.py", line 220, in forward
    outputs = self.model(
              ^^^^^^^^^^^
  File "/mnt/shared/gpfs/home/manvij2/dafny/lib/python3.12/site-packages/torch/nn/modules/module.py", line 1739, in _wrapped_call_impl
    return self._call_impl(*args, **kwargs)
           ^^^^^^^^^^^^^^^^^^^^^^^^^^^^^^^^
  File "/mnt/shared/gpfs/home/manvij2/dafny/lib/python3.12/site-packages/torch/nn/modules/module.py", line 1750, in _call_impl
    return forward_call(*args, **kwargs)
           ^^^^^^^^^^^^^^^^^^^^^^^^^^^^^
  File "/mnt/shared/gpfs/home/manvij2/dafny/lib/python3.12/site-packages/peft/peft_model.py", line 1756, in forward
    return self.base_model(
           ^^^^^^^^^^^^^^^^
  File "/mnt/shared/gpfs/home/manvij2/dafny/lib/python3.12/site-packages/torch/nn/modules/module.py", line 1739, in _wrapped_call_impl
    return self._call_impl(*args, **kwargs)
           ^^^^^^^^^^^^^^^^^^^^^^^^^^^^^^^^
  File "/mnt/shared/gpfs/home/manvij2/dafny/lib/python3.12/site-packages/torch/nn/modules/module.py", line 1750, in _call_impl
    return forward_call(*args, **kwargs)
           ^^^^^^^^^^^^^^^^^^^^^^^^^^^^^
  File "/mnt/shared/gpfs/home/manvij2/dafny/lib/python3.12/site-packages/peft/tuners/tuners_utils.py", line 193, in forward
    return self.model.forward(*args, **kwargs)
           ^^^^^^^^^^^^^^^^^^^^^^^^^^^^^^^^^^^
  File "/mnt/shared/gpfs/home/manvij2/dafny/lib/python3.12/site-packages/transformers/utils/generic.py", line 918, in wrapper
    output = func(self, *args, **kwargs)
             ^^^^^^^^^^^^^^^^^^^^^^^^^^^
  File "/mnt/shared/gpfs/home/manvij2/dafny/lib/python3.12/site-packages/transformers/models/qwen2/modeling_qwen2.py", line 449, in forward
    outputs: BaseModelOutputWithPast = self.model(
                                       ^^^^^^^^^^^
  File "/mnt/shared/gpfs/home/manvij2/dafny/lib/python3.12/site-packages/torch/nn/modules/module.py", line 1739, in _wrapped_call_impl
    return self._call_impl(*args, **kwargs)
           ^^^^^^^^^^^^^^^^^^^^^^^^^^^^^^^^
  File "/mnt/shared/gpfs/home/manvij2/dafny/lib/python3.12/site-packages/torch/nn/modules/module.py", line 1750, in _call_impl
    return forward_call(*args, **kwargs)
           ^^^^^^^^^^^^^^^^^^^^^^^^^^^^^
  File "/mnt/shared/gpfs/home/manvij2/dafny/lib/python3.12/site-packages/transformers/utils/generic.py", line 1072, in wrapper
    outputs = func(self, *args, **kwargs)
              ^^^^^^^^^^^^^^^^^^^^^^^^^^^
  File "/mnt/shared/gpfs/home/manvij2/dafny/lib/python3.12/site-packages/transformers/models/qwen2/modeling_qwen2.py", line 384, in forward
    hidden_states = decoder_layer(
                    ^^^^^^^^^^^^^^
  File "/mnt/shared/gpfs/home/manvij2/dafny/lib/python3.12/site-packages/transformers/modeling_layers.py", line 94, in __call__
    return super().__call__(*args, **kwargs)
           ^^^^^^^^^^^^^^^^^^^^^^^^^^^^^^^^^
  File "/mnt/shared/gpfs/home/manvij2/dafny/lib/python3.12/site-packages/torch/nn/modules/module.py", line 1739, in _wrapped_call_impl
    return self._call_impl(*args, **kwargs)
           ^^^^^^^^^^^^^^^^^^^^^^^^^^^^^^^^
  File "/mnt/shared/gpfs/home/manvij2/dafny/lib/python3.12/site-packages/torch/nn/modules/module.py", line 1750, in _call_impl
    return forward_call(*args, **kwargs)
           ^^^^^^^^^^^^^^^^^^^^^^^^^^^^^
  File "/mnt/shared/gpfs/home/manvij2/dafny/lib/python3.12/site-packages/transformers/utils/generic.py", line 1031, in wrapped_forward
    output = orig_forward(*args, **kwargs)
             ^^^^^^^^^^^^^^^^^^^^^^^^^^^^^
  File "/mnt/shared/gpfs/home/manvij2/dafny/lib/python3.12/site-packages/transformers/utils/deprecation.py", line 172, in wrapped_func
    return func(*args, **kwargs)
           ^^^^^^^^^^^^^^^^^^^^^
  File "/mnt/shared/gpfs/home/manvij2/dafny/lib/python3.12/site-packages/transformers/models/qwen2/modeling_qwen2.py", line 249, in forward
    hidden_states = self.mlp(hidden_states)
                    ^^^^^^^^^^^^^^^^^^^^^^^
  File "/mnt/shared/gpfs/home/manvij2/dafny/lib/python3.12/site-packages/torch/nn/modules/module.py", line 1739, in _wrapped_call_impl
    return self._call_impl(*args, **kwargs)
           ^^^^^^^^^^^^^^^^^^^^^^^^^^^^^^^^
  File "/mnt/shared/gpfs/home/manvij2/dafny/lib/python3.12/site-packages/torch/nn/modules/module.py", line 1750, in _call_impl
    return forward_call(*args, **kwargs)
           ^^^^^^^^^^^^^^^^^^^^^^^^^^^^^
  File "/mnt/shared/gpfs/home/manvij2/dafny/lib/python3.12/site-packages/transformers/models/qwen2/modeling_qwen2.py", line 46, in forward
    down_proj = self.down_proj(self.act_fn(self.gate_proj(x)) * self.up_proj(x))
                                           ^^^^^^^^^^^^^^^^^
  File "/mnt/shared/gpfs/home/manvij2/dafny/lib/python3.12/site-packages/torch/nn/modules/module.py", line 1739, in _wrapped_call_impl
    return self._call_impl(*args, **kwargs)
           ^^^^^^^^^^^^^^^^^^^^^^^^^^^^^^^^
  File "/mnt/shared/gpfs/home/manvij2/dafny/lib/python3.12/site-packages/torch/nn/modules/module.py", line 1750, in _call_impl
    return forward_call(*args, **kwargs)
           ^^^^^^^^^^^^^^^^^^^^^^^^^^^^^
  File "/mnt/shared/gpfs/home/manvij2/dafny/lib/python3.12/site-packages/peft/tuners/lora/bnb.py", line 232, in forward
    result = self.base_layer(x, *args, **kwargs)
             ^^^^^^^^^^^^^^^^^^^^^^^^^^^^^^^^^^^
  File "/mnt/shared/gpfs/home/manvij2/dafny/lib/python3.12/site-packages/torch/nn/modules/module.py", line 1739, in _wrapped_call_impl
    return self._call_impl(*args, **kwargs)
           ^^^^^^^^^^^^^^^^^^^^^^^^^^^^^^^^
  File "/mnt/shared/gpfs/home/manvij2/dafny/lib/python3.12/site-packages/torch/nn/modules/module.py", line 1750, in _call_impl
    return forward_call(*args, **kwargs)
           ^^^^^^^^^^^^^^^^^^^^^^^^^^^^^
  File "/mnt/shared/gpfs/home/manvij2/dafny/lib/python3.12/site-packages/bitsandbytes/nn/modules.py", line 990, in forward
    out = bnb.matmul(x, self.weight, bias=self.bias, state=self.state)
          ^^^^^^^^^^^^^^^^^^^^^^^^^^^^^^^^^^^^^^^^^^^^^^^^^^^^^^^^^^^^
  File "/mnt/shared/gpfs/home/manvij2/dafny/lib/python3.12/site-packages/bitsandbytes/autograd/_functions.py", line 509, in matmul
    return MatMul8bitLt.apply(A, B, out, bias, state)
           ^^^^^^^^^^^^^^^^^^^^^^^^^^^^^^^^^^^^^^^^^^
  File "/mnt/shared/gpfs/home/manvij2/dafny/lib/python3.12/site-packages/torch/autograd/function.py", line 575, in apply
    return super().apply(*args, **kwargs)  # type: ignore[misc]
           ^^^^^^^^^^^^^^^^^^^^^^^^^^^^^^
  File "/mnt/shared/gpfs/home/manvij2/dafny/lib/python3.12/site-packages/bitsandbytes/autograd/_functions.py", line 368, in forward
    out32 = F.int8_linear_matmul(CA, state.CB)
            ^^^^^^^^^^^^^^^^^^^^^^^^^^^^^^^^^^
  File "/mnt/shared/gpfs/home/manvij2/dafny/lib/python3.12/site-packages/bitsandbytes/functional.py", line 2342, in int8_linear_matmul
    out = torch.empty(shapeC, device=A.device, dtype=dtype)
          ^^^^^^^^^^^^^^^^^^^^^^^^^^^^^^^^^^^^^^^^^^^^^^^^^
torch.OutOfMemoryError: CUDA out of memory. Tried to allocate 20.00 MiB. GPU 0 has a total capacity of 79.18 GiB of which 15.19 GiB is free. Including non-PyTorch memory, this process has 63.98 GiB memory in use. 63.34 GiB allowed; Of the allocated memory 61.85 GiB is allocated by PyTorch, and 1.48 GiB is reserved by PyTorch but unallocated. If reserved but unallocated memory is large try setting PYTORCH_CUDA_ALLOC_CONF=expandable_segments:True to avoid fragmentation.  See documentation for Memory Management  (https://pytorch.org/docs/stable/notes/cuda.html#environment-variables)
2026-03-18 04:18:24,235 - INFO - Saving final results...
2026-03-18 04:18:24,240 - INFO - Training completed successfully!
2026-03-18 04:28:59,603 - INFO - Starting execution...
2026-03-18 04:28:59,603 - INFO - Processing folders in /mnt/shared/gpfs/home/manvij2/journal_phase/test_folder_one
2026-03-18 04:29:26,516 - INFO - Processing subfolder: /mnt/shared/gpfs/home/manvij2/journal_phase/test_folder_one/Dafny(55)
2026-03-18 04:29:26,518 - INFO - Prompt preview for Dafny(55): The provided Dafny code defines a method `ToArray` that converts a sequence `xs` of type `T` into an array `a`. The method ensures that the resulting array is a fresh allocation, matches the length of...
2026-03-18 04:29:26,522 - INFO - Starting training for Dafny(55)
2026-03-18 04:29:26,522 - INFO - Starting/Resuming SLM training with sequence-level policy gradient...
2026-03-18 04:29:26,546 - INFO - Created checkpoint directory at: /mnt/shared/gpfs/home/manvij2/checkpoints/run_CHK
2026-03-18 04:29:26,546 - INFO - 
Starting Epoch 1/5
2026-03-18 04:29:26,546 - INFO - Processing batch 1/1
2026-03-18 04:29:38,538 - ERROR - Error while processing subfolder Dafny(55): CUDA out of memory. Tried to allocate 20.00 MiB. GPU 0 has a total capacity of 79.18 GiB of which 15.19 GiB is free. Including non-PyTorch memory, this process has 63.99 GiB memory in use. 63.34 GiB allowed; Of the allocated memory 61.84 GiB is allocated by PyTorch, and 1.50 GiB is reserved by PyTorch but unallocated. If reserved but unallocated memory is large try setting PYTORCH_CUDA_ALLOC_CONF=expandable_segments:True to avoid fragmentation.  See documentation for Memory Management  (https://pytorch.org/docs/stable/notes/cuda.html#environment-variables)
Traceback (most recent call last):
  File "/mnt/shared/gpfs/home/manvij2/journal_phase/CODEBASE/main.py", line 102, in process_one_subfolder
    total_rewards, successful_examples = train_slm_with_grpo(
                                         ^^^^^^^^^^^^^^^^^^^^
  File "/mnt/shared/gpfs/home/manvij2/journal_phase/CODEBASE/preface_rl/slm.py", line 573, in train_slm_with_grpo
    ) = generate_instruction_with_logprobs(
        ^^^^^^^^^^^^^^^^^^^^^^^^^^^^^^^^^^^
  File "/mnt/shared/gpfs/home/manvij2/journal_phase/CODEBASE/preface_rl/slm.py", line 255, in generate_instruction_with_logprobs
    logits, _ = slm_pg(input_ids=input_ids, attention_mask=attention_mask)
                ^^^^^^^^^^^^^^^^^^^^^^^^^^^^^^^^^^^^^^^^^^^^^^^^^^^^^^^^^^
  File "/mnt/shared/gpfs/home/manvij2/dafny/lib/python3.12/site-packages/torch/nn/modules/module.py", line 1739, in _wrapped_call_impl
    return self._call_impl(*args, **kwargs)
           ^^^^^^^^^^^^^^^^^^^^^^^^^^^^^^^^
  File "/mnt/shared/gpfs/home/manvij2/dafny/lib/python3.12/site-packages/torch/nn/modules/module.py", line 1750, in _call_impl
    return forward_call(*args, **kwargs)
           ^^^^^^^^^^^^^^^^^^^^^^^^^^^^^
  File "/mnt/shared/gpfs/home/manvij2/journal_phase/CODEBASE/preface_rl/slm.py", line 220, in forward
    outputs = self.model(
              ^^^^^^^^^^^
  File "/mnt/shared/gpfs/home/manvij2/dafny/lib/python3.12/site-packages/torch/nn/modules/module.py", line 1739, in _wrapped_call_impl
    return self._call_impl(*args, **kwargs)
           ^^^^^^^^^^^^^^^^^^^^^^^^^^^^^^^^
  File "/mnt/shared/gpfs/home/manvij2/dafny/lib/python3.12/site-packages/torch/nn/modules/module.py", line 1750, in _call_impl
    return forward_call(*args, **kwargs)
           ^^^^^^^^^^^^^^^^^^^^^^^^^^^^^
  File "/mnt/shared/gpfs/home/manvij2/dafny/lib/python3.12/site-packages/peft/peft_model.py", line 1756, in forward
    return self.base_model(
           ^^^^^^^^^^^^^^^^
  File "/mnt/shared/gpfs/home/manvij2/dafny/lib/python3.12/site-packages/torch/nn/modules/module.py", line 1739, in _wrapped_call_impl
    return self._call_impl(*args, **kwargs)
           ^^^^^^^^^^^^^^^^^^^^^^^^^^^^^^^^
  File "/mnt/shared/gpfs/home/manvij2/dafny/lib/python3.12/site-packages/torch/nn/modules/module.py", line 1750, in _call_impl
    return forward_call(*args, **kwargs)
           ^^^^^^^^^^^^^^^^^^^^^^^^^^^^^
  File "/mnt/shared/gpfs/home/manvij2/dafny/lib/python3.12/site-packages/peft/tuners/tuners_utils.py", line 193, in forward
    return self.model.forward(*args, **kwargs)
           ^^^^^^^^^^^^^^^^^^^^^^^^^^^^^^^^^^^
  File "/mnt/shared/gpfs/home/manvij2/dafny/lib/python3.12/site-packages/transformers/utils/generic.py", line 918, in wrapper
    output = func(self, *args, **kwargs)
             ^^^^^^^^^^^^^^^^^^^^^^^^^^^
  File "/mnt/shared/gpfs/home/manvij2/dafny/lib/python3.12/site-packages/transformers/models/qwen2/modeling_qwen2.py", line 449, in forward
    outputs: BaseModelOutputWithPast = self.model(
                                       ^^^^^^^^^^^
  File "/mnt/shared/gpfs/home/manvij2/dafny/lib/python3.12/site-packages/torch/nn/modules/module.py", line 1739, in _wrapped_call_impl
    return self._call_impl(*args, **kwargs)
           ^^^^^^^^^^^^^^^^^^^^^^^^^^^^^^^^
  File "/mnt/shared/gpfs/home/manvij2/dafny/lib/python3.12/site-packages/torch/nn/modules/module.py", line 1750, in _call_impl
    return forward_call(*args, **kwargs)
           ^^^^^^^^^^^^^^^^^^^^^^^^^^^^^
  File "/mnt/shared/gpfs/home/manvij2/dafny/lib/python3.12/site-packages/transformers/utils/generic.py", line 1072, in wrapper
    outputs = func(self, *args, **kwargs)
              ^^^^^^^^^^^^^^^^^^^^^^^^^^^
  File "/mnt/shared/gpfs/home/manvij2/dafny/lib/python3.12/site-packages/transformers/models/qwen2/modeling_qwen2.py", line 384, in forward
    hidden_states = decoder_layer(
                    ^^^^^^^^^^^^^^
  File "/mnt/shared/gpfs/home/manvij2/dafny/lib/python3.12/site-packages/transformers/modeling_layers.py", line 94, in __call__
    return super().__call__(*args, **kwargs)
           ^^^^^^^^^^^^^^^^^^^^^^^^^^^^^^^^^
  File "/mnt/shared/gpfs/home/manvij2/dafny/lib/python3.12/site-packages/torch/nn/modules/module.py", line 1739, in _wrapped_call_impl
    return self._call_impl(*args, **kwargs)
           ^^^^^^^^^^^^^^^^^^^^^^^^^^^^^^^^
  File "/mnt/shared/gpfs/home/manvij2/dafny/lib/python3.12/site-packages/torch/nn/modules/module.py", line 1750, in _call_impl
    return forward_call(*args, **kwargs)
           ^^^^^^^^^^^^^^^^^^^^^^^^^^^^^
  File "/mnt/shared/gpfs/home/manvij2/dafny/lib/python3.12/site-packages/transformers/utils/generic.py", line 1031, in wrapped_forward
    output = orig_forward(*args, **kwargs)
             ^^^^^^^^^^^^^^^^^^^^^^^^^^^^^
  File "/mnt/shared/gpfs/home/manvij2/dafny/lib/python3.12/site-packages/transformers/utils/deprecation.py", line 172, in wrapped_func
    return func(*args, **kwargs)
           ^^^^^^^^^^^^^^^^^^^^^
  File "/mnt/shared/gpfs/home/manvij2/dafny/lib/python3.12/site-packages/transformers/models/qwen2/modeling_qwen2.py", line 249, in forward
    hidden_states = self.mlp(hidden_states)
                    ^^^^^^^^^^^^^^^^^^^^^^^
  File "/mnt/shared/gpfs/home/manvij2/dafny/lib/python3.12/site-packages/torch/nn/modules/module.py", line 1739, in _wrapped_call_impl
    return self._call_impl(*args, **kwargs)
           ^^^^^^^^^^^^^^^^^^^^^^^^^^^^^^^^
  File "/mnt/shared/gpfs/home/manvij2/dafny/lib/python3.12/site-packages/torch/nn/modules/module.py", line 1750, in _call_impl
    return forward_call(*args, **kwargs)
           ^^^^^^^^^^^^^^^^^^^^^^^^^^^^^
  File "/mnt/shared/gpfs/home/manvij2/dafny/lib/python3.12/site-packages/transformers/models/qwen2/modeling_qwen2.py", line 46, in forward
    down_proj = self.down_proj(self.act_fn(self.gate_proj(x)) * self.up_proj(x))
                                           ^^^^^^^^^^^^^^^^^
  File "/mnt/shared/gpfs/home/manvij2/dafny/lib/python3.12/site-packages/torch/nn/modules/module.py", line 1739, in _wrapped_call_impl
    return self._call_impl(*args, **kwargs)
           ^^^^^^^^^^^^^^^^^^^^^^^^^^^^^^^^
  File "/mnt/shared/gpfs/home/manvij2/dafny/lib/python3.12/site-packages/torch/nn/modules/module.py", line 1750, in _call_impl
    return forward_call(*args, **kwargs)
           ^^^^^^^^^^^^^^^^^^^^^^^^^^^^^
  File "/mnt/shared/gpfs/home/manvij2/dafny/lib/python3.12/site-packages/peft/tuners/lora/bnb.py", line 232, in forward
    result = self.base_layer(x, *args, **kwargs)
             ^^^^^^^^^^^^^^^^^^^^^^^^^^^^^^^^^^^
  File "/mnt/shared/gpfs/home/manvij2/dafny/lib/python3.12/site-packages/torch/nn/modules/module.py", line 1739, in _wrapped_call_impl
    return self._call_impl(*args, **kwargs)
           ^^^^^^^^^^^^^^^^^^^^^^^^^^^^^^^^
  File "/mnt/shared/gpfs/home/manvij2/dafny/lib/python3.12/site-packages/torch/nn/modules/module.py", line 1750, in _call_impl
    return forward_call(*args, **kwargs)
           ^^^^^^^^^^^^^^^^^^^^^^^^^^^^^
  File "/mnt/shared/gpfs/home/manvij2/dafny/lib/python3.12/site-packages/bitsandbytes/nn/modules.py", line 990, in forward
    out = bnb.matmul(x, self.weight, bias=self.bias, state=self.state)
          ^^^^^^^^^^^^^^^^^^^^^^^^^^^^^^^^^^^^^^^^^^^^^^^^^^^^^^^^^^^^
  File "/mnt/shared/gpfs/home/manvij2/dafny/lib/python3.12/site-packages/bitsandbytes/autograd/_functions.py", line 509, in matmul
    return MatMul8bitLt.apply(A, B, out, bias, state)
           ^^^^^^^^^^^^^^^^^^^^^^^^^^^^^^^^^^^^^^^^^^
  File "/mnt/shared/gpfs/home/manvij2/dafny/lib/python3.12/site-packages/torch/autograd/function.py", line 575, in apply
    return super().apply(*args, **kwargs)  # type: ignore[misc]
           ^^^^^^^^^^^^^^^^^^^^^^^^^^^^^^
  File "/mnt/shared/gpfs/home/manvij2/dafny/lib/python3.12/site-packages/bitsandbytes/autograd/_functions.py", line 368, in forward
    out32 = F.int8_linear_matmul(CA, state.CB)
            ^^^^^^^^^^^^^^^^^^^^^^^^^^^^^^^^^^
  File "/mnt/shared/gpfs/home/manvij2/dafny/lib/python3.12/site-packages/bitsandbytes/functional.py", line 2342, in int8_linear_matmul
    out = torch.empty(shapeC, device=A.device, dtype=dtype)
          ^^^^^^^^^^^^^^^^^^^^^^^^^^^^^^^^^^^^^^^^^^^^^^^^^
torch.OutOfMemoryError: CUDA out of memory. Tried to allocate 20.00 MiB. GPU 0 has a total capacity of 79.18 GiB of which 15.19 GiB is free. Including non-PyTorch memory, this process has 63.99 GiB memory in use. 63.34 GiB allowed; Of the allocated memory 61.84 GiB is allocated by PyTorch, and 1.50 GiB is reserved by PyTorch but unallocated. If reserved but unallocated memory is large try setting PYTORCH_CUDA_ALLOC_CONF=expandable_segments:True to avoid fragmentation.  See documentation for Memory Management  (https://pytorch.org/docs/stable/notes/cuda.html#environment-variables)
2026-03-18 04:29:41,269 - INFO - Saving final results...
2026-03-18 04:29:41,275 - INFO - Training completed successfully!
2026-03-18 04:35:04,720 - INFO - Starting execution...
2026-03-18 04:35:04,720 - INFO - Processing folders in /mnt/shared/gpfs/home/manvij2/journal_phase/test_folder_one
2026-03-18 04:35:20,333 - INFO - Processing subfolder: /mnt/shared/gpfs/home/manvij2/journal_phase/test_folder_one/Dafny(55)
2026-03-18 04:35:20,333 - INFO - Prompt preview for Dafny(55): The provided Dafny code defines a method `ToArray` that converts a sequence `xs` of type `T` into an array `a`. The method ensures that the resulting array is a fresh allocation, matches the length of...
2026-03-18 04:35:20,334 - INFO - Starting training for Dafny(55)
2026-03-18 04:35:20,334 - INFO - Starting/Resuming SLM training with sequence-level policy gradient...
2026-03-18 04:35:20,357 - INFO - Created checkpoint directory at: /mnt/shared/gpfs/home/manvij2/checkpoints/run_CHK
2026-03-18 04:35:20,358 - INFO - 
Starting Epoch 1/5
2026-03-18 04:35:20,358 - INFO - Processing batch 1/1
2026-03-18 04:35:22,930 - ERROR - Error while processing subfolder Dafny(55): CUDA out of memory. Tried to allocate 54.00 MiB. GPU 0 has a total capacity of 23.60 GiB of which 4.47 GiB is free. Including non-PyTorch memory, this process has 19.12 GiB memory in use. 18.88 GiB allowed; Of the allocated memory 18.45 GiB is allocated by PyTorch, and 401.56 MiB is reserved by PyTorch but unallocated. If reserved but unallocated memory is large try setting PYTORCH_CUDA_ALLOC_CONF=expandable_segments:True to avoid fragmentation.  See documentation for Memory Management  (https://pytorch.org/docs/stable/notes/cuda.html#environment-variables)
Traceback (most recent call last):
  File "/mnt/shared/gpfs/home/manvij2/journal_phase/CODEBASE/main.py", line 102, in process_one_subfolder
    total_rewards, successful_examples = train_slm_with_grpo(
                                         ^^^^^^^^^^^^^^^^^^^^
  File "/mnt/shared/gpfs/home/manvij2/journal_phase/CODEBASE/preface_rl/slm.py", line 573, in train_slm_with_grpo
    ) = generate_instruction_with_logprobs(
        ^^^^^^^^^^^^^^^^^^^^^^^^^^^^^^^^^^^
  File "/mnt/shared/gpfs/home/manvij2/journal_phase/CODEBASE/preface_rl/slm.py", line 255, in generate_instruction_with_logprobs
    logits, _ = slm_pg(input_ids=input_ids, attention_mask=attention_mask)
                ^^^^^^^^^^^^^^^^^^^^^^^^^^^^^^^^^^^^^^^^^^^^^^^^^^^^^^^^^^
  File "/mnt/shared/gpfs/home/manvij2/dafny/lib/python3.12/site-packages/torch/nn/modules/module.py", line 1739, in _wrapped_call_impl
    return self._call_impl(*args, **kwargs)
           ^^^^^^^^^^^^^^^^^^^^^^^^^^^^^^^^
  File "/mnt/shared/gpfs/home/manvij2/dafny/lib/python3.12/site-packages/torch/nn/modules/module.py", line 1750, in _call_impl
    return forward_call(*args, **kwargs)
           ^^^^^^^^^^^^^^^^^^^^^^^^^^^^^
  File "/mnt/shared/gpfs/home/manvij2/journal_phase/CODEBASE/preface_rl/slm.py", line 220, in forward
    outputs = self.model(
              ^^^^^^^^^^^
  File "/mnt/shared/gpfs/home/manvij2/dafny/lib/python3.12/site-packages/torch/nn/modules/module.py", line 1739, in _wrapped_call_impl
    return self._call_impl(*args, **kwargs)
           ^^^^^^^^^^^^^^^^^^^^^^^^^^^^^^^^
  File "/mnt/shared/gpfs/home/manvij2/dafny/lib/python3.12/site-packages/torch/nn/modules/module.py", line 1750, in _call_impl
    return forward_call(*args, **kwargs)
           ^^^^^^^^^^^^^^^^^^^^^^^^^^^^^
  File "/mnt/shared/gpfs/home/manvij2/dafny/lib/python3.12/site-packages/peft/peft_model.py", line 1756, in forward
    return self.base_model(
           ^^^^^^^^^^^^^^^^
  File "/mnt/shared/gpfs/home/manvij2/dafny/lib/python3.12/site-packages/torch/nn/modules/module.py", line 1739, in _wrapped_call_impl
    return self._call_impl(*args, **kwargs)
           ^^^^^^^^^^^^^^^^^^^^^^^^^^^^^^^^
  File "/mnt/shared/gpfs/home/manvij2/dafny/lib/python3.12/site-packages/torch/nn/modules/module.py", line 1750, in _call_impl
    return forward_call(*args, **kwargs)
           ^^^^^^^^^^^^^^^^^^^^^^^^^^^^^
  File "/mnt/shared/gpfs/home/manvij2/dafny/lib/python3.12/site-packages/peft/tuners/tuners_utils.py", line 193, in forward
    return self.model.forward(*args, **kwargs)
           ^^^^^^^^^^^^^^^^^^^^^^^^^^^^^^^^^^^
  File "/mnt/shared/gpfs/home/manvij2/dafny/lib/python3.12/site-packages/transformers/utils/generic.py", line 918, in wrapper
    output = func(self, *args, **kwargs)
             ^^^^^^^^^^^^^^^^^^^^^^^^^^^
  File "/mnt/shared/gpfs/home/manvij2/dafny/lib/python3.12/site-packages/transformers/models/qwen2/modeling_qwen2.py", line 449, in forward
    outputs: BaseModelOutputWithPast = self.model(
                                       ^^^^^^^^^^^
  File "/mnt/shared/gpfs/home/manvij2/dafny/lib/python3.12/site-packages/torch/nn/modules/module.py", line 1739, in _wrapped_call_impl
    return self._call_impl(*args, **kwargs)
           ^^^^^^^^^^^^^^^^^^^^^^^^^^^^^^^^
  File "/mnt/shared/gpfs/home/manvij2/dafny/lib/python3.12/site-packages/torch/nn/modules/module.py", line 1750, in _call_impl
    return forward_call(*args, **kwargs)
           ^^^^^^^^^^^^^^^^^^^^^^^^^^^^^
  File "/mnt/shared/gpfs/home/manvij2/dafny/lib/python3.12/site-packages/transformers/utils/generic.py", line 1072, in wrapper
    outputs = func(self, *args, **kwargs)
              ^^^^^^^^^^^^^^^^^^^^^^^^^^^
  File "/mnt/shared/gpfs/home/manvij2/dafny/lib/python3.12/site-packages/transformers/models/qwen2/modeling_qwen2.py", line 384, in forward
    hidden_states = decoder_layer(
                    ^^^^^^^^^^^^^^
  File "/mnt/shared/gpfs/home/manvij2/dafny/lib/python3.12/site-packages/transformers/modeling_layers.py", line 94, in __call__
    return super().__call__(*args, **kwargs)
           ^^^^^^^^^^^^^^^^^^^^^^^^^^^^^^^^^
  File "/mnt/shared/gpfs/home/manvij2/dafny/lib/python3.12/site-packages/torch/nn/modules/module.py", line 1739, in _wrapped_call_impl
    return self._call_impl(*args, **kwargs)
           ^^^^^^^^^^^^^^^^^^^^^^^^^^^^^^^^
  File "/mnt/shared/gpfs/home/manvij2/dafny/lib/python3.12/site-packages/torch/nn/modules/module.py", line 1750, in _call_impl
    return forward_call(*args, **kwargs)
           ^^^^^^^^^^^^^^^^^^^^^^^^^^^^^
  File "/mnt/shared/gpfs/home/manvij2/dafny/lib/python3.12/site-packages/transformers/utils/generic.py", line 1031, in wrapped_forward
    output = orig_forward(*args, **kwargs)
             ^^^^^^^^^^^^^^^^^^^^^^^^^^^^^
  File "/mnt/shared/gpfs/home/manvij2/dafny/lib/python3.12/site-packages/transformers/utils/deprecation.py", line 172, in wrapped_func
    return func(*args, **kwargs)
           ^^^^^^^^^^^^^^^^^^^^^
  File "/mnt/shared/gpfs/home/manvij2/dafny/lib/python3.12/site-packages/transformers/models/qwen2/modeling_qwen2.py", line 249, in forward
    hidden_states = self.mlp(hidden_states)
                    ^^^^^^^^^^^^^^^^^^^^^^^
  File "/mnt/shared/gpfs/home/manvij2/dafny/lib/python3.12/site-packages/torch/nn/modules/module.py", line 1739, in _wrapped_call_impl
    return self._call_impl(*args, **kwargs)
           ^^^^^^^^^^^^^^^^^^^^^^^^^^^^^^^^
  File "/mnt/shared/gpfs/home/manvij2/dafny/lib/python3.12/site-packages/torch/nn/modules/module.py", line 1750, in _call_impl
    return forward_call(*args, **kwargs)
           ^^^^^^^^^^^^^^^^^^^^^^^^^^^^^
  File "/mnt/shared/gpfs/home/manvij2/dafny/lib/python3.12/site-packages/transformers/models/qwen2/modeling_qwen2.py", line 46, in forward
    down_proj = self.down_proj(self.act_fn(self.gate_proj(x)) * self.up_proj(x))
                                                                ^^^^^^^^^^^^^^^
  File "/mnt/shared/gpfs/home/manvij2/dafny/lib/python3.12/site-packages/torch/nn/modules/module.py", line 1739, in _wrapped_call_impl
    return self._call_impl(*args, **kwargs)
           ^^^^^^^^^^^^^^^^^^^^^^^^^^^^^^^^
  File "/mnt/shared/gpfs/home/manvij2/dafny/lib/python3.12/site-packages/torch/nn/modules/module.py", line 1750, in _call_impl
    return forward_call(*args, **kwargs)
           ^^^^^^^^^^^^^^^^^^^^^^^^^^^^^
  File "/mnt/shared/gpfs/home/manvij2/dafny/lib/python3.12/site-packages/peft/tuners/lora/bnb.py", line 494, in forward
    result = self.base_layer(x, *args, **kwargs)
             ^^^^^^^^^^^^^^^^^^^^^^^^^^^^^^^^^^^
  File "/mnt/shared/gpfs/home/manvij2/dafny/lib/python3.12/site-packages/torch/nn/modules/module.py", line 1739, in _wrapped_call_impl
    return self._call_impl(*args, **kwargs)
           ^^^^^^^^^^^^^^^^^^^^^^^^^^^^^^^^
  File "/mnt/shared/gpfs/home/manvij2/dafny/lib/python3.12/site-packages/torch/nn/modules/module.py", line 1750, in _call_impl
    return forward_call(*args, **kwargs)
           ^^^^^^^^^^^^^^^^^^^^^^^^^^^^^
  File "/mnt/shared/gpfs/home/manvij2/dafny/lib/python3.12/site-packages/bitsandbytes/nn/modules.py", line 484, in forward
    return bnb.matmul_4bit(x, self.weight.t(), bias=bias, quant_state=self.weight.quant_state).to(inp_dtype)
           ^^^^^^^^^^^^^^^^^^^^^^^^^^^^^^^^^^^^^^^^^^^^^^^^^^^^^^^^^^^^^^^^^^^^^^^^^^^^^^^^^^^
  File "/mnt/shared/gpfs/home/manvij2/dafny/lib/python3.12/site-packages/bitsandbytes/autograd/_functions.py", line 533, in matmul_4bit
    return MatMul4Bit.apply(A, B, out, bias, quant_state)
           ^^^^^^^^^^^^^^^^^^^^^^^^^^^^^^^^^^^^^^^^^^^^^^
  File "/mnt/shared/gpfs/home/manvij2/dafny/lib/python3.12/site-packages/torch/autograd/function.py", line 575, in apply
    return super().apply(*args, **kwargs)  # type: ignore[misc]
           ^^^^^^^^^^^^^^^^^^^^^^^^^^^^^^
  File "/mnt/shared/gpfs/home/manvij2/dafny/lib/python3.12/site-packages/bitsandbytes/autograd/_functions.py", line 462, in forward
    output = torch.nn.functional.linear(A, F.dequantize_4bit(B, quant_state).to(A.dtype).t(), bias)
                                           ^^^^^^^^^^^^^^^^^^^^^^^^^^^^^^^^^^^^^^^^^^^^^
torch.OutOfMemoryError: CUDA out of memory. Tried to allocate 54.00 MiB. GPU 0 has a total capacity of 23.60 GiB of which 4.47 GiB is free. Including non-PyTorch memory, this process has 19.12 GiB memory in use. 18.88 GiB allowed; Of the allocated memory 18.45 GiB is allocated by PyTorch, and 401.56 MiB is reserved by PyTorch but unallocated. If reserved but unallocated memory is large try setting PYTORCH_CUDA_ALLOC_CONF=expandable_segments:True to avoid fragmentation.  See documentation for Memory Management  (https://pytorch.org/docs/stable/notes/cuda.html#environment-variables)
2026-03-18 04:35:25,052 - INFO - Saving final results...
2026-03-18 04:35:25,054 - INFO - Training completed successfully!
2026-03-18 04:37:31,099 - INFO - Starting execution...
2026-03-18 04:37:31,099 - INFO - Processing folders in /mnt/shared/gpfs/home/manvij2/journal_phase/test_folder_one
2026-03-18 04:37:45,930 - INFO - Processing subfolder: /mnt/shared/gpfs/home/manvij2/journal_phase/test_folder_one/Dafny(55)
2026-03-18 04:37:45,930 - INFO - Prompt preview for Dafny(55): The provided Dafny code defines a method `ToArray` that converts a sequence `xs` of type `T` into an array `a`. The method ensures that the resulting array is a fresh allocation, matches the length of...
2026-03-18 04:37:45,931 - INFO - Starting training for Dafny(55)
2026-03-18 04:37:45,931 - INFO - Starting/Resuming SLM training with sequence-level policy gradient...
2026-03-18 04:37:45,954 - INFO - Created checkpoint directory at: /mnt/shared/gpfs/home/manvij2/checkpoints/run_CHK
2026-03-18 04:37:45,954 - INFO - 
Starting Epoch 1/5
2026-03-18 04:37:45,954 - INFO - Processing batch 1/1
2026-03-18 04:37:49,957 - ERROR - Error while processing subfolder Dafny(55): CUDA out of memory. Tried to allocate 54.00 MiB. GPU 0 has a total capacity of 44.39 GiB of which 8.42 GiB is free. Including non-PyTorch memory, this process has 35.96 GiB memory in use. 35.51 GiB allowed; Of the allocated memory 34.62 GiB is allocated by PyTorch, and 860.79 MiB is reserved by PyTorch but unallocated. If reserved but unallocated memory is large try setting PYTORCH_CUDA_ALLOC_CONF=expandable_segments:True to avoid fragmentation.  See documentation for Memory Management  (https://pytorch.org/docs/stable/notes/cuda.html#environment-variables)
Traceback (most recent call last):
  File "/mnt/shared/gpfs/home/manvij2/journal_phase/CODEBASE/main.py", line 102, in process_one_subfolder
    total_rewards, successful_examples = train_slm_with_grpo(
                                         ^^^^^^^^^^^^^^^^^^^^
  File "/mnt/shared/gpfs/home/manvij2/journal_phase/CODEBASE/preface_rl/slm.py", line 573, in train_slm_with_grpo
    ) = generate_instruction_with_logprobs(
        ^^^^^^^^^^^^^^^^^^^^^^^^^^^^^^^^^^^
  File "/mnt/shared/gpfs/home/manvij2/journal_phase/CODEBASE/preface_rl/slm.py", line 255, in generate_instruction_with_logprobs
    logits, _ = slm_pg(input_ids=input_ids, attention_mask=attention_mask)
                ^^^^^^^^^^^^^^^^^^^^^^^^^^^^^^^^^^^^^^^^^^^^^^^^^^^^^^^^^^
  File "/mnt/shared/gpfs/home/manvij2/dafny/lib/python3.12/site-packages/torch/nn/modules/module.py", line 1739, in _wrapped_call_impl
    return self._call_impl(*args, **kwargs)
           ^^^^^^^^^^^^^^^^^^^^^^^^^^^^^^^^
  File "/mnt/shared/gpfs/home/manvij2/dafny/lib/python3.12/site-packages/torch/nn/modules/module.py", line 1750, in _call_impl
    return forward_call(*args, **kwargs)
           ^^^^^^^^^^^^^^^^^^^^^^^^^^^^^
  File "/mnt/shared/gpfs/home/manvij2/journal_phase/CODEBASE/preface_rl/slm.py", line 220, in forward
    outputs = self.model(
              ^^^^^^^^^^^
  File "/mnt/shared/gpfs/home/manvij2/dafny/lib/python3.12/site-packages/torch/nn/modules/module.py", line 1739, in _wrapped_call_impl
    return self._call_impl(*args, **kwargs)
           ^^^^^^^^^^^^^^^^^^^^^^^^^^^^^^^^
  File "/mnt/shared/gpfs/home/manvij2/dafny/lib/python3.12/site-packages/torch/nn/modules/module.py", line 1750, in _call_impl
    return forward_call(*args, **kwargs)
           ^^^^^^^^^^^^^^^^^^^^^^^^^^^^^
  File "/mnt/shared/gpfs/home/manvij2/dafny/lib/python3.12/site-packages/peft/peft_model.py", line 1756, in forward
    return self.base_model(
           ^^^^^^^^^^^^^^^^
  File "/mnt/shared/gpfs/home/manvij2/dafny/lib/python3.12/site-packages/torch/nn/modules/module.py", line 1739, in _wrapped_call_impl
    return self._call_impl(*args, **kwargs)
           ^^^^^^^^^^^^^^^^^^^^^^^^^^^^^^^^
  File "/mnt/shared/gpfs/home/manvij2/dafny/lib/python3.12/site-packages/torch/nn/modules/module.py", line 1750, in _call_impl
    return forward_call(*args, **kwargs)
           ^^^^^^^^^^^^^^^^^^^^^^^^^^^^^
  File "/mnt/shared/gpfs/home/manvij2/dafny/lib/python3.12/site-packages/peft/tuners/tuners_utils.py", line 193, in forward
    return self.model.forward(*args, **kwargs)
           ^^^^^^^^^^^^^^^^^^^^^^^^^^^^^^^^^^^
  File "/mnt/shared/gpfs/home/manvij2/dafny/lib/python3.12/site-packages/transformers/utils/generic.py", line 918, in wrapper
    output = func(self, *args, **kwargs)
             ^^^^^^^^^^^^^^^^^^^^^^^^^^^
  File "/mnt/shared/gpfs/home/manvij2/dafny/lib/python3.12/site-packages/transformers/models/qwen2/modeling_qwen2.py", line 449, in forward
    outputs: BaseModelOutputWithPast = self.model(
                                       ^^^^^^^^^^^
  File "/mnt/shared/gpfs/home/manvij2/dafny/lib/python3.12/site-packages/torch/nn/modules/module.py", line 1739, in _wrapped_call_impl
    return self._call_impl(*args, **kwargs)
           ^^^^^^^^^^^^^^^^^^^^^^^^^^^^^^^^
  File "/mnt/shared/gpfs/home/manvij2/dafny/lib/python3.12/site-packages/torch/nn/modules/module.py", line 1750, in _call_impl
    return forward_call(*args, **kwargs)
           ^^^^^^^^^^^^^^^^^^^^^^^^^^^^^
  File "/mnt/shared/gpfs/home/manvij2/dafny/lib/python3.12/site-packages/transformers/utils/generic.py", line 1072, in wrapper
    outputs = func(self, *args, **kwargs)
              ^^^^^^^^^^^^^^^^^^^^^^^^^^^
  File "/mnt/shared/gpfs/home/manvij2/dafny/lib/python3.12/site-packages/transformers/models/qwen2/modeling_qwen2.py", line 384, in forward
    hidden_states = decoder_layer(
                    ^^^^^^^^^^^^^^
  File "/mnt/shared/gpfs/home/manvij2/dafny/lib/python3.12/site-packages/transformers/modeling_layers.py", line 94, in __call__
    return super().__call__(*args, **kwargs)
           ^^^^^^^^^^^^^^^^^^^^^^^^^^^^^^^^^
  File "/mnt/shared/gpfs/home/manvij2/dafny/lib/python3.12/site-packages/torch/nn/modules/module.py", line 1739, in _wrapped_call_impl
    return self._call_impl(*args, **kwargs)
           ^^^^^^^^^^^^^^^^^^^^^^^^^^^^^^^^
  File "/mnt/shared/gpfs/home/manvij2/dafny/lib/python3.12/site-packages/torch/nn/modules/module.py", line 1750, in _call_impl
    return forward_call(*args, **kwargs)
           ^^^^^^^^^^^^^^^^^^^^^^^^^^^^^
  File "/mnt/shared/gpfs/home/manvij2/dafny/lib/python3.12/site-packages/transformers/utils/generic.py", line 1031, in wrapped_forward
    output = orig_forward(*args, **kwargs)
             ^^^^^^^^^^^^^^^^^^^^^^^^^^^^^
  File "/mnt/shared/gpfs/home/manvij2/dafny/lib/python3.12/site-packages/transformers/utils/deprecation.py", line 172, in wrapped_func
    return func(*args, **kwargs)
           ^^^^^^^^^^^^^^^^^^^^^
  File "/mnt/shared/gpfs/home/manvij2/dafny/lib/python3.12/site-packages/transformers/models/qwen2/modeling_qwen2.py", line 249, in forward
    hidden_states = self.mlp(hidden_states)
                    ^^^^^^^^^^^^^^^^^^^^^^^
  File "/mnt/shared/gpfs/home/manvij2/dafny/lib/python3.12/site-packages/torch/nn/modules/module.py", line 1739, in _wrapped_call_impl
    return self._call_impl(*args, **kwargs)
           ^^^^^^^^^^^^^^^^^^^^^^^^^^^^^^^^
  File "/mnt/shared/gpfs/home/manvij2/dafny/lib/python3.12/site-packages/torch/nn/modules/module.py", line 1750, in _call_impl
    return forward_call(*args, **kwargs)
           ^^^^^^^^^^^^^^^^^^^^^^^^^^^^^
  File "/mnt/shared/gpfs/home/manvij2/dafny/lib/python3.12/site-packages/transformers/models/qwen2/modeling_qwen2.py", line 46, in forward
    down_proj = self.down_proj(self.act_fn(self.gate_proj(x)) * self.up_proj(x))
                ^^^^^^^^^^^^^^^^^^^^^^^^^^^^^^^^^^^^^^^^^^^^^^^^^^^^^^^^^^^^^^^^
  File "/mnt/shared/gpfs/home/manvij2/dafny/lib/python3.12/site-packages/torch/nn/modules/module.py", line 1739, in _wrapped_call_impl
    return self._call_impl(*args, **kwargs)
           ^^^^^^^^^^^^^^^^^^^^^^^^^^^^^^^^
  File "/mnt/shared/gpfs/home/manvij2/dafny/lib/python3.12/site-packages/torch/nn/modules/module.py", line 1750, in _call_impl
    return forward_call(*args, **kwargs)
           ^^^^^^^^^^^^^^^^^^^^^^^^^^^^^
  File "/mnt/shared/gpfs/home/manvij2/dafny/lib/python3.12/site-packages/peft/tuners/lora/bnb.py", line 494, in forward
    result = self.base_layer(x, *args, **kwargs)
             ^^^^^^^^^^^^^^^^^^^^^^^^^^^^^^^^^^^
  File "/mnt/shared/gpfs/home/manvij2/dafny/lib/python3.12/site-packages/torch/nn/modules/module.py", line 1739, in _wrapped_call_impl
    return self._call_impl(*args, **kwargs)
           ^^^^^^^^^^^^^^^^^^^^^^^^^^^^^^^^
  File "/mnt/shared/gpfs/home/manvij2/dafny/lib/python3.12/site-packages/torch/nn/modules/module.py", line 1750, in _call_impl
    return forward_call(*args, **kwargs)
           ^^^^^^^^^^^^^^^^^^^^^^^^^^^^^
  File "/mnt/shared/gpfs/home/manvij2/dafny/lib/python3.12/site-packages/bitsandbytes/nn/modules.py", line 484, in forward
    return bnb.matmul_4bit(x, self.weight.t(), bias=bias, quant_state=self.weight.quant_state).to(inp_dtype)
           ^^^^^^^^^^^^^^^^^^^^^^^^^^^^^^^^^^^^^^^^^^^^^^^^^^^^^^^^^^^^^^^^^^^^^^^^^^^^^^^^^^^
  File "/mnt/shared/gpfs/home/manvij2/dafny/lib/python3.12/site-packages/bitsandbytes/autograd/_functions.py", line 533, in matmul_4bit
    return MatMul4Bit.apply(A, B, out, bias, quant_state)
           ^^^^^^^^^^^^^^^^^^^^^^^^^^^^^^^^^^^^^^^^^^^^^^
  File "/mnt/shared/gpfs/home/manvij2/dafny/lib/python3.12/site-packages/torch/autograd/function.py", line 575, in apply
    return super().apply(*args, **kwargs)  # type: ignore[misc]
           ^^^^^^^^^^^^^^^^^^^^^^^^^^^^^^
  File "/mnt/shared/gpfs/home/manvij2/dafny/lib/python3.12/site-packages/bitsandbytes/autograd/_functions.py", line 462, in forward
    output = torch.nn.functional.linear(A, F.dequantize_4bit(B, quant_state).to(A.dtype).t(), bias)
                                           ^^^^^^^^^^^^^^^^^^^^^^^^^^^^^^^^^^^^^^^^^^^^^
torch.OutOfMemoryError: CUDA out of memory. Tried to allocate 54.00 MiB. GPU 0 has a total capacity of 44.39 GiB of which 8.42 GiB is free. Including non-PyTorch memory, this process has 35.96 GiB memory in use. 35.51 GiB allowed; Of the allocated memory 34.62 GiB is allocated by PyTorch, and 860.79 MiB is reserved by PyTorch but unallocated. If reserved but unallocated memory is large try setting PYTORCH_CUDA_ALLOC_CONF=expandable_segments:True to avoid fragmentation.  See documentation for Memory Management  (https://pytorch.org/docs/stable/notes/cuda.html#environment-variables)
2026-03-18 04:37:52,656 - INFO - Saving final results...
2026-03-18 04:37:52,658 - INFO - Training completed successfully!
2026-03-18 04:46:57,354 - INFO - Starting execution...
2026-03-18 04:46:57,354 - INFO - Processing folders in /mnt/shared/gpfs/home/manvij2/journal_phase/test_folder_one
2026-03-18 04:47:12,786 - INFO - Processing subfolder: /mnt/shared/gpfs/home/manvij2/journal_phase/test_folder_one/Dafny(55)
2026-03-18 04:47:12,786 - INFO - Prompt preview for Dafny(55): The provided Dafny code defines a method `ToArray` that converts a sequence `xs` of type `T` into an array `a`. The method ensures that the resulting array is a fresh allocation, matches the length of...
2026-03-18 04:47:12,787 - INFO - Starting training for Dafny(55)
2026-03-18 04:47:12,787 - INFO - Starting/Resuming SLM training with sequence-level policy gradient...
2026-03-18 04:47:12,810 - INFO - Created checkpoint directory at: /mnt/shared/gpfs/home/manvij2/checkpoints/run_CHK
2026-03-18 04:47:12,810 - INFO - 
Starting Epoch 1/5
2026-03-18 04:47:12,811 - INFO - Processing batch 1/1
2026-03-18 04:47:12,838 - ERROR - Error while processing subfolder Dafny(55): Expected all tensors to be on the same device, but found at least two devices, cuda:0 and cpu! (when checking argument for argument index in method wrapper_CUDA__index_select)
Traceback (most recent call last):
  File "/mnt/shared/gpfs/home/manvij2/journal_phase/CODEBASE/main.py", line 102, in process_one_subfolder
    total_rewards, successful_examples = train_slm_with_grpo(
                                         ^^^^^^^^^^^^^^^^^^^^
  File "/mnt/shared/gpfs/home/manvij2/journal_phase/CODEBASE/preface_rl/slm.py", line 573, in train_slm_with_grpo
    ) = generate_instruction_with_logprobs(
        ^^^^^^^^^^^^^^^^^^^^^^^^^^^^^^^^^^^
  File "/mnt/shared/gpfs/home/manvij2/journal_phase/CODEBASE/preface_rl/slm.py", line 249, in generate_instruction_with_logprobs
    _, state_value = slm_pg(
                     ^^^^^^^
  File "/mnt/shared/gpfs/home/manvij2/dafny/lib/python3.12/site-packages/torch/nn/modules/module.py", line 1739, in _wrapped_call_impl
    return self._call_impl(*args, **kwargs)
           ^^^^^^^^^^^^^^^^^^^^^^^^^^^^^^^^
  File "/mnt/shared/gpfs/home/manvij2/dafny/lib/python3.12/site-packages/torch/nn/modules/module.py", line 1750, in _call_impl
    return forward_call(*args, **kwargs)
           ^^^^^^^^^^^^^^^^^^^^^^^^^^^^^
  File "/mnt/shared/gpfs/home/manvij2/journal_phase/CODEBASE/preface_rl/slm.py", line 220, in forward
    outputs = self.model(
              ^^^^^^^^^^^
  File "/mnt/shared/gpfs/home/manvij2/dafny/lib/python3.12/site-packages/torch/nn/modules/module.py", line 1739, in _wrapped_call_impl
    return self._call_impl(*args, **kwargs)
           ^^^^^^^^^^^^^^^^^^^^^^^^^^^^^^^^
  File "/mnt/shared/gpfs/home/manvij2/dafny/lib/python3.12/site-packages/torch/nn/modules/module.py", line 1750, in _call_impl
    return forward_call(*args, **kwargs)
           ^^^^^^^^^^^^^^^^^^^^^^^^^^^^^
  File "/mnt/shared/gpfs/home/manvij2/dafny/lib/python3.12/site-packages/peft/peft_model.py", line 1756, in forward
    return self.base_model(
           ^^^^^^^^^^^^^^^^
  File "/mnt/shared/gpfs/home/manvij2/dafny/lib/python3.12/site-packages/torch/nn/modules/module.py", line 1739, in _wrapped_call_impl
    return self._call_impl(*args, **kwargs)
           ^^^^^^^^^^^^^^^^^^^^^^^^^^^^^^^^
  File "/mnt/shared/gpfs/home/manvij2/dafny/lib/python3.12/site-packages/torch/nn/modules/module.py", line 1750, in _call_impl
    return forward_call(*args, **kwargs)
           ^^^^^^^^^^^^^^^^^^^^^^^^^^^^^
  File "/mnt/shared/gpfs/home/manvij2/dafny/lib/python3.12/site-packages/peft/tuners/tuners_utils.py", line 193, in forward
    return self.model.forward(*args, **kwargs)
           ^^^^^^^^^^^^^^^^^^^^^^^^^^^^^^^^^^^
  File "/mnt/shared/gpfs/home/manvij2/dafny/lib/python3.12/site-packages/transformers/utils/generic.py", line 918, in wrapper
    output = func(self, *args, **kwargs)
             ^^^^^^^^^^^^^^^^^^^^^^^^^^^
  File "/mnt/shared/gpfs/home/manvij2/dafny/lib/python3.12/site-packages/transformers/models/qwen2/modeling_qwen2.py", line 449, in forward
    outputs: BaseModelOutputWithPast = self.model(
                                       ^^^^^^^^^^^
  File "/mnt/shared/gpfs/home/manvij2/dafny/lib/python3.12/site-packages/torch/nn/modules/module.py", line 1739, in _wrapped_call_impl
    return self._call_impl(*args, **kwargs)
           ^^^^^^^^^^^^^^^^^^^^^^^^^^^^^^^^
  File "/mnt/shared/gpfs/home/manvij2/dafny/lib/python3.12/site-packages/torch/nn/modules/module.py", line 1750, in _call_impl
    return forward_call(*args, **kwargs)
           ^^^^^^^^^^^^^^^^^^^^^^^^^^^^^
  File "/mnt/shared/gpfs/home/manvij2/dafny/lib/python3.12/site-packages/transformers/utils/generic.py", line 1072, in wrapper
    outputs = func(self, *args, **kwargs)
              ^^^^^^^^^^^^^^^^^^^^^^^^^^^
  File "/mnt/shared/gpfs/home/manvij2/dafny/lib/python3.12/site-packages/transformers/models/qwen2/modeling_qwen2.py", line 345, in forward
    inputs_embeds = self.embed_tokens(input_ids)
                    ^^^^^^^^^^^^^^^^^^^^^^^^^^^^
  File "/mnt/shared/gpfs/home/manvij2/dafny/lib/python3.12/site-packages/torch/nn/modules/module.py", line 1739, in _wrapped_call_impl
    return self._call_impl(*args, **kwargs)
           ^^^^^^^^^^^^^^^^^^^^^^^^^^^^^^^^
  File "/mnt/shared/gpfs/home/manvij2/dafny/lib/python3.12/site-packages/torch/nn/modules/module.py", line 1845, in _call_impl
    return inner()
           ^^^^^^^
  File "/mnt/shared/gpfs/home/manvij2/dafny/lib/python3.12/site-packages/torch/nn/modules/module.py", line 1793, in inner
    result = forward_call(*args, **kwargs)
             ^^^^^^^^^^^^^^^^^^^^^^^^^^^^^
  File "/mnt/shared/gpfs/home/manvij2/dafny/lib/python3.12/site-packages/torch/nn/modules/sparse.py", line 190, in forward
    return F.embedding(
           ^^^^^^^^^^^^
  File "/mnt/shared/gpfs/home/manvij2/dafny/lib/python3.12/site-packages/torch/nn/functional.py", line 2551, in embedding
    return torch.embedding(weight, input, padding_idx, scale_grad_by_freq, sparse)
           ^^^^^^^^^^^^^^^^^^^^^^^^^^^^^^^^^^^^^^^^^^^^^^^^^^^^^^^^^^^^^^^^^^^^^^^
RuntimeError: Expected all tensors to be on the same device, but found at least two devices, cuda:0 and cpu! (when checking argument for argument index in method wrapper_CUDA__index_select)
2026-03-18 04:47:14,669 - INFO - Saving final results...
2026-03-18 04:47:14,671 - INFO - Training completed successfully!
2026-03-18 04:49:02,754 - INFO - Starting execution...
2026-03-18 04:49:02,754 - INFO - Processing folders in /mnt/shared/gpfs/home/manvij2/journal_phase/test_folder_one
2026-03-18 04:49:18,712 - INFO - Processing subfolder: /mnt/shared/gpfs/home/manvij2/journal_phase/test_folder_one/Dafny(55)
2026-03-18 04:49:18,713 - INFO - Prompt preview for Dafny(55): The provided Dafny code defines a method `ToArray` that converts a sequence `xs` of type `T` into an array `a`. The method ensures that the resulting array is a fresh allocation, matches the length of...
2026-03-18 04:49:18,713 - INFO - Starting training for Dafny(55)
2026-03-18 04:49:18,714 - INFO - Starting/Resuming SLM training with sequence-level policy gradient...
2026-03-18 04:49:18,737 - INFO - Created checkpoint directory at: /mnt/shared/gpfs/home/manvij2/checkpoints/run_CHK
2026-03-18 04:49:18,737 - INFO - 
Starting Epoch 1/5
2026-03-18 04:49:18,737 - INFO - Processing batch 1/1
2026-03-18 04:49:22,641 - ERROR - Error while processing subfolder Dafny(55): CUDA out of memory. Tried to allocate 54.00 MiB. GPU 0 has a total capacity of 44.39 GiB of which 8.42 GiB is free. Including non-PyTorch memory, this process has 35.96 GiB memory in use. 35.51 GiB allowed; Of the allocated memory 34.62 GiB is allocated by PyTorch, and 860.79 MiB is reserved by PyTorch but unallocated. If reserved but unallocated memory is large try setting PYTORCH_CUDA_ALLOC_CONF=expandable_segments:True to avoid fragmentation.  See documentation for Memory Management  (https://pytorch.org/docs/stable/notes/cuda.html#environment-variables)
Traceback (most recent call last):
  File "/mnt/shared/gpfs/home/manvij2/journal_phase/CODEBASE/main.py", line 102, in process_one_subfolder
    total_rewards, successful_examples = train_slm_with_grpo(
                                         ^^^^^^^^^^^^^^^^^^^^
  File "/mnt/shared/gpfs/home/manvij2/journal_phase/CODEBASE/preface_rl/slm.py", line 573, in train_slm_with_grpo
    ) = generate_instruction_with_logprobs(
        ^^^^^^^^^^^^^^^^^^^^^^^^^^^^^^^^^^^
  File "/mnt/shared/gpfs/home/manvij2/journal_phase/CODEBASE/preface_rl/slm.py", line 255, in generate_instruction_with_logprobs
    logits, _ = slm_pg(input_ids=input_ids, attention_mask=attention_mask)
                ^^^^^^^^^^^^^^^^^^^^^^^^^^^^^^^^^^^^^^^^^^^^^^^^^^^^^^^^^^
  File "/mnt/shared/gpfs/home/manvij2/dafny/lib/python3.12/site-packages/torch/nn/modules/module.py", line 1739, in _wrapped_call_impl
    return self._call_impl(*args, **kwargs)
           ^^^^^^^^^^^^^^^^^^^^^^^^^^^^^^^^
  File "/mnt/shared/gpfs/home/manvij2/dafny/lib/python3.12/site-packages/torch/nn/modules/module.py", line 1750, in _call_impl
    return forward_call(*args, **kwargs)
           ^^^^^^^^^^^^^^^^^^^^^^^^^^^^^
  File "/mnt/shared/gpfs/home/manvij2/journal_phase/CODEBASE/preface_rl/slm.py", line 220, in forward
    outputs = self.model(
              ^^^^^^^^^^^
  File "/mnt/shared/gpfs/home/manvij2/dafny/lib/python3.12/site-packages/torch/nn/modules/module.py", line 1739, in _wrapped_call_impl
    return self._call_impl(*args, **kwargs)
           ^^^^^^^^^^^^^^^^^^^^^^^^^^^^^^^^
  File "/mnt/shared/gpfs/home/manvij2/dafny/lib/python3.12/site-packages/torch/nn/modules/module.py", line 1750, in _call_impl
    return forward_call(*args, **kwargs)
           ^^^^^^^^^^^^^^^^^^^^^^^^^^^^^
  File "/mnt/shared/gpfs/home/manvij2/dafny/lib/python3.12/site-packages/peft/peft_model.py", line 1756, in forward
    return self.base_model(
           ^^^^^^^^^^^^^^^^
  File "/mnt/shared/gpfs/home/manvij2/dafny/lib/python3.12/site-packages/torch/nn/modules/module.py", line 1739, in _wrapped_call_impl
    return self._call_impl(*args, **kwargs)
           ^^^^^^^^^^^^^^^^^^^^^^^^^^^^^^^^
  File "/mnt/shared/gpfs/home/manvij2/dafny/lib/python3.12/site-packages/torch/nn/modules/module.py", line 1750, in _call_impl
    return forward_call(*args, **kwargs)
           ^^^^^^^^^^^^^^^^^^^^^^^^^^^^^
  File "/mnt/shared/gpfs/home/manvij2/dafny/lib/python3.12/site-packages/peft/tuners/tuners_utils.py", line 193, in forward
    return self.model.forward(*args, **kwargs)
           ^^^^^^^^^^^^^^^^^^^^^^^^^^^^^^^^^^^
  File "/mnt/shared/gpfs/home/manvij2/dafny/lib/python3.12/site-packages/transformers/utils/generic.py", line 918, in wrapper
    output = func(self, *args, **kwargs)
             ^^^^^^^^^^^^^^^^^^^^^^^^^^^
  File "/mnt/shared/gpfs/home/manvij2/dafny/lib/python3.12/site-packages/transformers/models/qwen2/modeling_qwen2.py", line 449, in forward
    outputs: BaseModelOutputWithPast = self.model(
                                       ^^^^^^^^^^^
  File "/mnt/shared/gpfs/home/manvij2/dafny/lib/python3.12/site-packages/torch/nn/modules/module.py", line 1739, in _wrapped_call_impl
    return self._call_impl(*args, **kwargs)
           ^^^^^^^^^^^^^^^^^^^^^^^^^^^^^^^^
  File "/mnt/shared/gpfs/home/manvij2/dafny/lib/python3.12/site-packages/torch/nn/modules/module.py", line 1750, in _call_impl
    return forward_call(*args, **kwargs)
           ^^^^^^^^^^^^^^^^^^^^^^^^^^^^^
  File "/mnt/shared/gpfs/home/manvij2/dafny/lib/python3.12/site-packages/transformers/utils/generic.py", line 1072, in wrapper
    outputs = func(self, *args, **kwargs)
              ^^^^^^^^^^^^^^^^^^^^^^^^^^^
  File "/mnt/shared/gpfs/home/manvij2/dafny/lib/python3.12/site-packages/transformers/models/qwen2/modeling_qwen2.py", line 384, in forward
    hidden_states = decoder_layer(
                    ^^^^^^^^^^^^^^
  File "/mnt/shared/gpfs/home/manvij2/dafny/lib/python3.12/site-packages/transformers/modeling_layers.py", line 94, in __call__
    return super().__call__(*args, **kwargs)
           ^^^^^^^^^^^^^^^^^^^^^^^^^^^^^^^^^
  File "/mnt/shared/gpfs/home/manvij2/dafny/lib/python3.12/site-packages/torch/nn/modules/module.py", line 1739, in _wrapped_call_impl
    return self._call_impl(*args, **kwargs)
           ^^^^^^^^^^^^^^^^^^^^^^^^^^^^^^^^
  File "/mnt/shared/gpfs/home/manvij2/dafny/lib/python3.12/site-packages/torch/nn/modules/module.py", line 1750, in _call_impl
    return forward_call(*args, **kwargs)
           ^^^^^^^^^^^^^^^^^^^^^^^^^^^^^
  File "/mnt/shared/gpfs/home/manvij2/dafny/lib/python3.12/site-packages/transformers/utils/generic.py", line 1031, in wrapped_forward
    output = orig_forward(*args, **kwargs)
             ^^^^^^^^^^^^^^^^^^^^^^^^^^^^^
  File "/mnt/shared/gpfs/home/manvij2/dafny/lib/python3.12/site-packages/transformers/utils/deprecation.py", line 172, in wrapped_func
    return func(*args, **kwargs)
           ^^^^^^^^^^^^^^^^^^^^^
  File "/mnt/shared/gpfs/home/manvij2/dafny/lib/python3.12/site-packages/transformers/models/qwen2/modeling_qwen2.py", line 249, in forward
    hidden_states = self.mlp(hidden_states)
                    ^^^^^^^^^^^^^^^^^^^^^^^
  File "/mnt/shared/gpfs/home/manvij2/dafny/lib/python3.12/site-packages/torch/nn/modules/module.py", line 1739, in _wrapped_call_impl
    return self._call_impl(*args, **kwargs)
           ^^^^^^^^^^^^^^^^^^^^^^^^^^^^^^^^
  File "/mnt/shared/gpfs/home/manvij2/dafny/lib/python3.12/site-packages/torch/nn/modules/module.py", line 1750, in _call_impl
    return forward_call(*args, **kwargs)
           ^^^^^^^^^^^^^^^^^^^^^^^^^^^^^
  File "/mnt/shared/gpfs/home/manvij2/dafny/lib/python3.12/site-packages/transformers/models/qwen2/modeling_qwen2.py", line 46, in forward
    down_proj = self.down_proj(self.act_fn(self.gate_proj(x)) * self.up_proj(x))
                ^^^^^^^^^^^^^^^^^^^^^^^^^^^^^^^^^^^^^^^^^^^^^^^^^^^^^^^^^^^^^^^^
  File "/mnt/shared/gpfs/home/manvij2/dafny/lib/python3.12/site-packages/torch/nn/modules/module.py", line 1739, in _wrapped_call_impl
    return self._call_impl(*args, **kwargs)
           ^^^^^^^^^^^^^^^^^^^^^^^^^^^^^^^^
  File "/mnt/shared/gpfs/home/manvij2/dafny/lib/python3.12/site-packages/torch/nn/modules/module.py", line 1750, in _call_impl
    return forward_call(*args, **kwargs)
           ^^^^^^^^^^^^^^^^^^^^^^^^^^^^^
  File "/mnt/shared/gpfs/home/manvij2/dafny/lib/python3.12/site-packages/peft/tuners/lora/bnb.py", line 494, in forward
    result = self.base_layer(x, *args, **kwargs)
             ^^^^^^^^^^^^^^^^^^^^^^^^^^^^^^^^^^^
  File "/mnt/shared/gpfs/home/manvij2/dafny/lib/python3.12/site-packages/torch/nn/modules/module.py", line 1739, in _wrapped_call_impl
    return self._call_impl(*args, **kwargs)
           ^^^^^^^^^^^^^^^^^^^^^^^^^^^^^^^^
  File "/mnt/shared/gpfs/home/manvij2/dafny/lib/python3.12/site-packages/torch/nn/modules/module.py", line 1750, in _call_impl
    return forward_call(*args, **kwargs)
           ^^^^^^^^^^^^^^^^^^^^^^^^^^^^^
  File "/mnt/shared/gpfs/home/manvij2/dafny/lib/python3.12/site-packages/bitsandbytes/nn/modules.py", line 484, in forward
    return bnb.matmul_4bit(x, self.weight.t(), bias=bias, quant_state=self.weight.quant_state).to(inp_dtype)
           ^^^^^^^^^^^^^^^^^^^^^^^^^^^^^^^^^^^^^^^^^^^^^^^^^^^^^^^^^^^^^^^^^^^^^^^^^^^^^^^^^^^
  File "/mnt/shared/gpfs/home/manvij2/dafny/lib/python3.12/site-packages/bitsandbytes/autograd/_functions.py", line 533, in matmul_4bit
    return MatMul4Bit.apply(A, B, out, bias, quant_state)
           ^^^^^^^^^^^^^^^^^^^^^^^^^^^^^^^^^^^^^^^^^^^^^^
  File "/mnt/shared/gpfs/home/manvij2/dafny/lib/python3.12/site-packages/torch/autograd/function.py", line 575, in apply
    return super().apply(*args, **kwargs)  # type: ignore[misc]
           ^^^^^^^^^^^^^^^^^^^^^^^^^^^^^^
  File "/mnt/shared/gpfs/home/manvij2/dafny/lib/python3.12/site-packages/bitsandbytes/autograd/_functions.py", line 462, in forward
    output = torch.nn.functional.linear(A, F.dequantize_4bit(B, quant_state).to(A.dtype).t(), bias)
                                           ^^^^^^^^^^^^^^^^^^^^^^^^^^^^^^^^^^^^^^^^^^^^^
torch.OutOfMemoryError: CUDA out of memory. Tried to allocate 54.00 MiB. GPU 0 has a total capacity of 44.39 GiB of which 8.42 GiB is free. Including non-PyTorch memory, this process has 35.96 GiB memory in use. 35.51 GiB allowed; Of the allocated memory 34.62 GiB is allocated by PyTorch, and 860.79 MiB is reserved by PyTorch but unallocated. If reserved but unallocated memory is large try setting PYTORCH_CUDA_ALLOC_CONF=expandable_segments:True to avoid fragmentation.  See documentation for Memory Management  (https://pytorch.org/docs/stable/notes/cuda.html#environment-variables)
2026-03-18 04:49:25,307 - INFO - Saving final results...
2026-03-18 04:49:25,309 - INFO - Training completed successfully!
2026-03-18 04:55:26,403 - INFO - Starting execution...
2026-03-18 04:55:26,404 - INFO - Processing folders in /mnt/shared/gpfs/home/manvij2/journal_phase/test_folder_one
2026-03-18 04:55:42,338 - INFO - Processing subfolder: /mnt/shared/gpfs/home/manvij2/journal_phase/test_folder_one/Dafny(55)
2026-03-18 04:55:42,339 - INFO - Prompt preview for Dafny(55): The provided Dafny code defines a method `ToArray` that converts a sequence `xs` of type `T` into an array `a`. The method ensures that the resulting array is a fresh allocation, matches the length of...
2026-03-18 04:55:42,340 - INFO - Starting training for Dafny(55)
2026-03-18 04:55:42,340 - INFO - Starting/Resuming SLM training with sequence-level policy gradient...
2026-03-18 04:55:42,363 - INFO - Created checkpoint directory at: /mnt/shared/gpfs/home/manvij2/checkpoints/run_CHK
2026-03-18 04:55:42,363 - INFO - 
Starting Epoch 1/5
2026-03-18 04:55:42,363 - INFO - Processing batch 1/1
2026-03-18 04:55:55,970 - ERROR - Error while processing subfolder Dafny(55): 429 You exceeded your current quota, please check your plan and billing details. For more information on this error, head to: https://ai.google.dev/gemini-api/docs/rate-limits. To monitor your current usage, head to: https://ai.dev/rate-limit. 
* Quota exceeded for metric: generativelanguage.googleapis.com/generate_content_free_tier_requests, limit: 0, model: gemini-2.0-flash
* Quota exceeded for metric: generativelanguage.googleapis.com/generate_content_free_tier_requests, limit: 0, model: gemini-2.0-flash
* Quota exceeded for metric: generativelanguage.googleapis.com/generate_content_free_tier_input_token_count, limit: 0, model: gemini-2.0-flash
Please retry in 4.061775462s. [links {
  description: "Learn more about Gemini API quotas"
  url: "https://ai.google.dev/gemini-api/docs/rate-limits"
}
, violations {
}
violations {
}
violations {
}
, retry_delay {
  seconds: 4
}
]
Traceback (most recent call last):
  File "/mnt/shared/gpfs/home/manvij2/journal_phase/CODEBASE/main.py", line 102, in process_one_subfolder
    total_rewards, successful_examples = train_slm_with_grpo(
                                         ^^^^^^^^^^^^^^^^^^^^
  File "/mnt/shared/gpfs/home/manvij2/journal_phase/CODEBASE/preface_rl/slm.py", line 667, in train_slm_with_grpo
    reward, done, info = env.step(
                         ^^^^^^^^^
  File "/mnt/shared/gpfs/home/manvij2/journal_phase/CODEBASE/preface_rl/envs.py", line 225, in step
    llm_response = run_LLM(instruction_text)
                   ^^^^^^^^^^^^^^^^^^^^^^^^^
  File "/mnt/shared/gpfs/home/manvij2/journal_phase/CODEBASE/preface_rl/llm.py", line 29, in run_LLM
    response = model.generate_content(
               ^^^^^^^^^^^^^^^^^^^^^^^
  File "/mnt/shared/gpfs/home/manvij2/dafny/lib/python3.12/site-packages/google/generativeai/generative_models.py", line 331, in generate_content
    response = self._client.generate_content(
               ^^^^^^^^^^^^^^^^^^^^^^^^^^^^^^
  File "/mnt/shared/gpfs/home/manvij2/dafny/lib/python3.12/site-packages/google/ai/generativelanguage_v1beta/services/generative_service/client.py", line 835, in generate_content
    response = rpc(
               ^^^^
  File "/mnt/shared/gpfs/home/manvij2/dafny/lib/python3.12/site-packages/google/api_core/gapic_v1/method.py", line 131, in __call__
    return wrapped_func(*args, **kwargs)
           ^^^^^^^^^^^^^^^^^^^^^^^^^^^^^
  File "/mnt/shared/gpfs/home/manvij2/dafny/lib/python3.12/site-packages/google/api_core/retry/retry_unary.py", line 293, in retry_wrapped_func
    return retry_target(
           ^^^^^^^^^^^^^
  File "/mnt/shared/gpfs/home/manvij2/dafny/lib/python3.12/site-packages/google/api_core/retry/retry_unary.py", line 153, in retry_target
    _retry_error_helper(
  File "/mnt/shared/gpfs/home/manvij2/dafny/lib/python3.12/site-packages/google/api_core/retry/retry_base.py", line 212, in _retry_error_helper
    raise final_exc from source_exc
  File "/mnt/shared/gpfs/home/manvij2/dafny/lib/python3.12/site-packages/google/api_core/retry/retry_unary.py", line 144, in retry_target
    result = target()
             ^^^^^^^^
  File "/mnt/shared/gpfs/home/manvij2/dafny/lib/python3.12/site-packages/google/api_core/timeout.py", line 130, in func_with_timeout
    return func(*args, **kwargs)
           ^^^^^^^^^^^^^^^^^^^^^
  File "/mnt/shared/gpfs/home/manvij2/dafny/lib/python3.12/site-packages/google/api_core/grpc_helpers.py", line 78, in error_remapped_callable
    raise exceptions.from_grpc_error(exc) from exc
google.api_core.exceptions.ResourceExhausted: 429 You exceeded your current quota, please check your plan and billing details. For more information on this error, head to: https://ai.google.dev/gemini-api/docs/rate-limits. To monitor your current usage, head to: https://ai.dev/rate-limit. 
* Quota exceeded for metric: generativelanguage.googleapis.com/generate_content_free_tier_requests, limit: 0, model: gemini-2.0-flash
* Quota exceeded for metric: generativelanguage.googleapis.com/generate_content_free_tier_requests, limit: 0, model: gemini-2.0-flash
* Quota exceeded for metric: generativelanguage.googleapis.com/generate_content_free_tier_input_token_count, limit: 0, model: gemini-2.0-flash
Please retry in 4.061775462s. [links {
  description: "Learn more about Gemini API quotas"
  url: "https://ai.google.dev/gemini-api/docs/rate-limits"
}
, violations {
}
violations {
}
violations {
}
, retry_delay {
  seconds: 4
}
]
2026-03-18 04:56:00,295 - INFO - Saving final results...
2026-03-18 04:56:00,297 - INFO - Training completed successfully!
2026-03-18 05:09:24,603 - INFO - Starting execution...
2026-03-18 05:09:24,603 - INFO - Processing folders in /mnt/shared/gpfs/home/manvij2/journal_phase/test_folder_one
2026-03-18 05:09:41,137 - INFO - Processing subfolder: /mnt/shared/gpfs/home/manvij2/journal_phase/test_folder_one/Dafny(55)
2026-03-18 05:09:41,138 - INFO - Prompt preview for Dafny(55): The provided Dafny code defines a method `ToArray` that converts a sequence `xs` of type `T` into an array `a`. The method ensures that the resulting array is a fresh allocation, matches the length of...
2026-03-18 05:09:41,138 - INFO - Starting training for Dafny(55)
2026-03-18 05:09:41,139 - INFO - Starting/Resuming SLM training with sequence-level policy gradient...
2026-03-18 05:09:41,162 - INFO - Created checkpoint directory at: /mnt/shared/gpfs/home/manvij2/checkpoints/run_CHK
2026-03-18 05:09:41,162 - INFO - 
Starting Epoch 1/5
2026-03-18 05:09:41,162 - INFO - Processing batch 1/1
2026-03-18 05:09:55,165 - ERROR - Error while processing subfolder Dafny(55): The api_key client option must be set either by passing api_key to the client or by setting the OPENAI_API_KEY environment variable
Traceback (most recent call last):
  File "/mnt/shared/gpfs/home/manvij2/journal_phase/CODEBASE/main.py", line 102, in process_one_subfolder
    total_rewards, successful_examples = train_slm_with_grpo(
                                         ^^^^^^^^^^^^^^^^^^^^
  File "/mnt/shared/gpfs/home/manvij2/journal_phase/CODEBASE/preface_rl/slm.py", line 667, in train_slm_with_grpo
    reward, done, info = env.step(
                         ^^^^^^^^^
  File "/mnt/shared/gpfs/home/manvij2/journal_phase/CODEBASE/preface_rl/envs.py", line 225, in step
    llm_response = run_LLM(instruction_text)
                   ^^^^^^^^^^^^^^^^^^^^^^^^^
  File "/mnt/shared/gpfs/home/manvij2/journal_phase/CODEBASE/preface_rl/llm.py", line 25, in run_LLM
    client = OpenAI(
             ^^^^^^^
  File "/mnt/shared/gpfs/home/manvij2/dafny/lib/python3.12/site-packages/openai/_client.py", line 114, in __init__
    raise OpenAIError(
openai.OpenAIError: The api_key client option must be set either by passing api_key to the client or by setting the OPENAI_API_KEY environment variable
2026-03-18 05:09:57,648 - INFO - Saving final results...
2026-03-18 05:09:57,650 - INFO - Training completed successfully!
2026-03-18 05:13:00,861 - INFO - Starting execution...
2026-03-18 05:13:00,861 - INFO - Processing folders in /mnt/shared/gpfs/home/manvij2/journal_phase/test_folder_one
2026-03-18 05:13:17,782 - INFO - Processing subfolder: /mnt/shared/gpfs/home/manvij2/journal_phase/test_folder_one/Dafny(55)
2026-03-18 05:13:17,783 - INFO - Prompt preview for Dafny(55): The provided Dafny code defines a method `ToArray` that converts a sequence `xs` of type `T` into an array `a`. The method ensures that the resulting array is a fresh allocation, matches the length of...
2026-03-18 05:13:17,784 - INFO - Starting training for Dafny(55)
2026-03-18 05:13:17,784 - INFO - Starting/Resuming SLM training with sequence-level policy gradient...
2026-03-18 05:13:17,807 - INFO - Created checkpoint directory at: /mnt/shared/gpfs/home/manvij2/checkpoints/run_CHK
2026-03-18 05:13:17,807 - INFO - 
Starting Epoch 1/5
2026-03-18 05:13:17,807 - INFO - Processing batch 1/1
2026-03-18 05:13:31,793 - INFO - HTTP Request: POST https://api.deepseek.com/chat/completions "HTTP/1.1 200 OK"
2026-03-18 05:14:03,666 - ERROR - Error while processing subfolder Dafny(55): You must call wandb.init() before wandb.log()
Traceback (most recent call last):
  File "/mnt/shared/gpfs/home/manvij2/journal_phase/CODEBASE/main.py", line 102, in process_one_subfolder
    total_rewards, successful_examples = train_slm_with_grpo(
                                         ^^^^^^^^^^^^^^^^^^^^
  File "/mnt/shared/gpfs/home/manvij2/journal_phase/CODEBASE/preface_rl/slm.py", line 698, in train_slm_with_grpo
    wandb.log(
  File "/mnt/shared/gpfs/home/manvij2/dafny/lib/python3.12/site-packages/wandb/sdk/lib/preinit.py", line 36, in preinit_wrapper
    raise wandb.Error(f"You must call wandb.init() before {name}()")
wandb.errors.errors.Error: You must call wandb.init() before wandb.log()
2026-03-18 05:14:05,635 - INFO - Saving final results...
2026-03-18 05:14:05,637 - INFO - Training completed successfully!
2026-03-18 05:25:33,260 - INFO - Starting execution...
2026-03-18 05:25:33,260 - INFO - Processing folders in /mnt/shared/gpfs/home/manvij2/journal_phase/test_folder_one
2026-03-18 05:25:49,781 - INFO - Skipping Dafny(55) because it appears already processed (found /mnt/shared/gpfs/home/manvij2/UIUC_PROJ_2/dataset/epoch_0_Dafny(55)/iteration_1_results.json)
2026-03-18 05:25:51,765 - INFO - Saving final results...
2026-03-18 05:25:51,767 - INFO - Training completed successfully!
2026-03-18 05:27:30,372 - INFO - Starting execution...
2026-03-18 05:27:30,373 - INFO - Processing folders in /mnt/shared/gpfs/home/manvij2/journal_phase/test_folder_one
2026-03-18 05:27:47,323 - INFO - Processing subfolder: /mnt/shared/gpfs/home/manvij2/journal_phase/test_folder_one/Dafny(55)
2026-03-18 05:27:47,324 - INFO - Prompt preview for Dafny(55): The provided Dafny code defines a method `ToArray` that converts a sequence `xs` of type `T` into an array `a`. The method ensures that the resulting array is a fresh allocation, matches the length of...
2026-03-18 05:27:47,325 - INFO - Starting training for Dafny(55)
2026-03-18 05:27:47,325 - INFO - Starting/Resuming SLM training with sequence-level policy gradient...
2026-03-18 05:27:47,348 - INFO - Created checkpoint directory at: /mnt/shared/gpfs/home/manvij2/checkpoints/run_CHK
2026-03-18 05:27:47,348 - INFO - 
Starting Epoch 1/5
2026-03-18 05:27:47,348 - INFO - Processing batch 1/1
2026-03-18 05:28:01,599 - INFO - HTTP Request: POST https://api.deepseek.com/chat/completions "HTTP/1.1 200 OK"
2026-03-18 05:28:08,761 - ERROR - Error while processing subfolder Dafny(55): You must call wandb.init() before wandb.log()
Traceback (most recent call last):
  File "/mnt/shared/gpfs/home/manvij2/journal_phase/CODEBASE/main.py", line 102, in process_one_subfolder
    total_rewards, successful_examples = train_slm_with_grpo(
                                         ^^^^^^^^^^^^^^^^^^^^
  File "/mnt/shared/gpfs/home/manvij2/journal_phase/CODEBASE/preface_rl/slm.py", line 698, in train_slm_with_grpo
    wandb.log(
  File "/mnt/shared/gpfs/home/manvij2/dafny/lib/python3.12/site-packages/wandb/sdk/lib/preinit.py", line 36, in preinit_wrapper
    raise wandb.Error(f"You must call wandb.init() before {name}()")
wandb.errors.errors.Error: You must call wandb.init() before wandb.log()
2026-03-18 05:28:10,744 - INFO - Saving final results...
2026-03-18 05:28:10,746 - INFO - Training completed successfully!
2026-03-18 05:32:04,608 - INFO - Starting execution...
2026-03-18 05:32:04,608 - INFO - Processing folders in /mnt/shared/gpfs/home/manvij2/journal_phase/test_folder_one
2026-03-18 05:32:21,401 - INFO - Processing subfolder: /mnt/shared/gpfs/home/manvij2/journal_phase/test_folder_one/Dafny(55)
2026-03-18 05:32:21,402 - INFO - Prompt preview for Dafny(55): The provided Dafny code defines a method `ToArray` that converts a sequence `xs` of type `T` into an array `a`. The method ensures that the resulting array is a fresh allocation, matches the length of...
2026-03-18 05:32:21,403 - INFO - Starting training for Dafny(55)
2026-03-18 05:32:21,403 - INFO - Starting/Resuming SLM training with sequence-level policy gradient...
2026-03-18 05:32:21,427 - INFO - Created checkpoint directory at: /mnt/shared/gpfs/home/manvij2/checkpoints/run_CHK
2026-03-18 05:32:21,427 - INFO - 
Starting Epoch 1/5
2026-03-18 05:32:21,427 - INFO - Processing batch 1/1
2026-03-18 05:32:35,601 - INFO - HTTP Request: POST https://api.deepseek.com/chat/completions "HTTP/1.1 200 OK"
2026-03-18 05:32:42,941 - ERROR - Error while processing subfolder Dafny(55): You must call wandb.init() before wandb.log()
Traceback (most recent call last):
  File "/mnt/shared/gpfs/home/manvij2/journal_phase/CODEBASE/main.py", line 102, in process_one_subfolder
    total_rewards, successful_examples = train_slm_with_grpo(
                                         ^^^^^^^^^^^^^^^^^^^^
  File "/mnt/shared/gpfs/home/manvij2/journal_phase/CODEBASE/preface_rl/slm.py", line 698, in train_slm_with_grpo
    wandb.log(
  File "/mnt/shared/gpfs/home/manvij2/dafny/lib/python3.12/site-packages/wandb/sdk/lib/preinit.py", line 36, in preinit_wrapper
    raise wandb.Error(f"You must call wandb.init() before {name}()")
wandb.errors.errors.Error: You must call wandb.init() before wandb.log()
2026-03-18 05:32:44,931 - INFO - Saving final results...
2026-03-18 05:32:44,933 - INFO - Training completed successfully!
2026-03-18 05:43:21,951 - INFO - Starting execution...
2026-03-18 05:43:21,951 - INFO - Processing folders in /mnt/shared/gpfs/home/manvij2/journal_phase/test_folder_one
2026-03-18 05:43:39,127 - INFO - Processing subfolder: /mnt/shared/gpfs/home/manvij2/journal_phase/test_folder_one/Dafny(55)
2026-03-18 05:43:39,127 - INFO - Prompt preview for Dafny(55): The provided Dafny code defines a method `ToArray` that converts a sequence `xs` of type `T` into an array `a`. The method ensures that the resulting array is a fresh allocation, matches the length of...
2026-03-18 05:43:39,128 - INFO - Starting training for Dafny(55)
2026-03-18 05:43:39,128 - INFO - Starting/Resuming SLM training with sequence-level policy gradient...
2026-03-18 05:43:39,151 - INFO - Created checkpoint directory at: /mnt/shared/gpfs/home/manvij2/checkpoints/run_CHK
2026-03-18 05:43:39,152 - INFO - 
Starting Epoch 1/5
2026-03-18 05:43:39,152 - INFO - Processing batch 1/1
2026-03-18 05:43:53,499 - INFO - HTTP Request: POST https://api.deepseek.com/chat/completions "HTTP/1.1 200 OK"
2026-03-18 05:44:20,489 - ERROR - Error while processing subfolder Dafny(55): You must call wandb.init() before wandb.log()
Traceback (most recent call last):
  File "/mnt/shared/gpfs/home/manvij2/journal_phase/CODEBASE/main.py", line 102, in process_one_subfolder
    total_rewards, successful_examples = train_slm_with_grpo(
                                         ^^^^^^^^^^^^^^^^^^^^
  File "/mnt/shared/gpfs/home/manvij2/journal_phase/CODEBASE/preface_rl/slm.py", line 698, in train_slm_with_grpo
    wandb.log(
  File "/mnt/shared/gpfs/home/manvij2/dafny/lib/python3.12/site-packages/wandb/sdk/lib/preinit.py", line 36, in preinit_wrapper
    raise wandb.Error(f"You must call wandb.init() before {name}()")
wandb.errors.errors.Error: You must call wandb.init() before wandb.log()
2026-03-18 05:44:22,797 - INFO - Saving final results...
2026-03-18 05:44:22,798 - INFO - Training completed successfully!
2026-03-18 19:55:14,729 - INFO - Starting execution...
2026-03-18 19:55:14,729 - INFO - Processing folders in /mnt/shared/gpfs/home/manvij2/journal_phase/test_folder_one
2026-03-18 19:55:31,007 - INFO - Skipping Dafny(55) because it appears already processed (found /mnt/shared/gpfs/home/manvij2/UIUC_PROJ_2/dataset/epoch_0_Dafny(55)/iteration_1_results.json)
2026-03-18 19:55:32,919 - INFO - Saving final results...
2026-03-18 19:55:32,920 - INFO - Training completed successfully!
2026-03-18 19:59:01,047 - INFO - Starting execution...
2026-03-18 19:59:01,047 - INFO - Processing folders in /mnt/shared/gpfs/home/manvij2/journal_phase/test_folder_one
2026-03-18 19:59:27,742 - INFO - Skipping Dafny(55) because it appears already processed (found /mnt/shared/gpfs/home/manvij2/UIUC_PROJ_2/dataset/epoch_0_Dafny(55)/iteration_1_results.json)
2026-03-18 19:59:30,072 - INFO - Saving final results...
2026-03-18 19:59:30,075 - INFO - Training completed successfully!
2026-03-18 20:01:22,045 - INFO - Starting execution...
2026-03-18 20:01:22,045 - INFO - Processing folders in /mnt/shared/gpfs/home/manvij2/journal_phase/test_folder_one
2026-03-18 20:01:46,041 - INFO - Processing subfolder: /mnt/shared/gpfs/home/manvij2/journal_phase/test_folder_one/Dafny(55)
2026-03-18 20:01:46,042 - INFO - Prompt preview for Dafny(55): The provided Dafny code defines a method `ToArray` that converts a sequence `xs` of type `T` into an array `a`. The method ensures that the resulting array is a fresh allocation, matches the length of...
2026-03-18 20:01:46,044 - INFO - Starting training for Dafny(55)
2026-03-18 20:01:46,044 - INFO - Starting/Resuming SLM training with sequence-level policy gradient...
2026-03-18 20:01:46,067 - INFO - Created checkpoint directory at: /mnt/shared/gpfs/home/manvij2/checkpoints/run_CHK
2026-03-18 20:01:46,067 - INFO - 
Starting Epoch 1/5
2026-03-18 20:01:46,067 - INFO - Processing batch 1/1
2026-03-18 20:01:59,933 - INFO - HTTP Request: POST https://api.deepseek.com/chat/completions "HTTP/1.1 200 OK"
2026-03-18 20:02:25,434 - ERROR - Error while processing subfolder Dafny(55): You must call wandb.init() before wandb.log()
Traceback (most recent call last):
  File "/mnt/shared/gpfs/home/manvij2/journal_phase/CODEBASE/main.py", line 102, in process_one_subfolder
    total_rewards, successful_examples = train_slm_with_grpo(
                                         ^^^^^^^^^^^^^^^^^^^^
  File "/mnt/shared/gpfs/home/manvij2/journal_phase/CODEBASE/preface_rl/slm.py", line 698, in train_slm_with_grpo
    wandb.log(
  File "/mnt/shared/gpfs/home/manvij2/dafny/lib/python3.12/site-packages/wandb/sdk/lib/preinit.py", line 36, in preinit_wrapper
    raise wandb.Error(f"You must call wandb.init() before {name}()")
wandb.errors.errors.Error: You must call wandb.init() before wandb.log()
2026-03-18 20:02:27,383 - INFO - Saving final results...
2026-03-18 20:02:27,385 - INFO - Training completed successfully!
2026-03-18 20:11:09,067 - INFO - Starting execution...
2026-03-18 20:11:09,067 - INFO - Processing folders in /mnt/shared/gpfs/home/manvij2/journal_phase/test_folder_one
2026-03-18 20:11:25,414 - INFO - Skipping Dafny(55) because it appears already processed (found /mnt/shared/gpfs/home/manvij2/UIUC_PROJ_2/dataset/epoch_0_Dafny(55)/iteration_1_results.json)
2026-03-18 20:11:27,362 - INFO - Saving final results...
2026-03-18 20:11:27,364 - INFO - Training completed successfully!
2026-03-18 20:12:36,745 - INFO - Starting execution...
2026-03-18 20:12:36,745 - INFO - Processing folders in /mnt/shared/gpfs/home/manvij2/journal_phase/test_folder_one
2026-03-18 20:12:53,866 - INFO - Processing subfolder: /mnt/shared/gpfs/home/manvij2/journal_phase/test_folder_one/Dafny(55)
2026-03-18 20:12:53,867 - INFO - Prompt preview for Dafny(55): The provided Dafny code defines a method `ToArray` that converts a sequence `xs` of type `T` into an array `a`. The method ensures that the resulting array is a fresh allocation, matches the length of...
2026-03-18 20:12:53,868 - INFO - Starting training for Dafny(55)
2026-03-18 20:12:53,868 - INFO - Starting/Resuming SLM training with sequence-level policy gradient...
2026-03-18 20:12:53,891 - INFO - Created checkpoint directory at: /mnt/shared/gpfs/home/manvij2/checkpoints/run_CHK
2026-03-18 20:12:53,891 - INFO - 
Starting Epoch 1/5
2026-03-18 20:12:53,891 - INFO - Processing batch 1/1
2026-03-18 20:13:07,768 - INFO - HTTP Request: POST https://api.deepseek.com/chat/completions "HTTP/1.1 200 OK"
2026-03-18 20:13:14,469 - INFO - Step metrics - Reward: 0.472, Value: -0.441162109375, Log Prob: -83.59671020507812, Token Increase: 128, KL: 0.0, Success: False
2026-03-18 20:13:14,469 - INFO - Reward breakdown: {'total_reward': 0.472, 'outcome_reward': 0.0, 'progress_reward': 0.0, 'structure_reward': 0.6, 'efficiency_reward': -0.128, 'stability_reward': -0.0} | Error counts: {'syntax': 0, 'type': 0, 'missing_invariant': 0, 'postcondition': 0, 'timeout': 0} | Structure: {'lemma_count': 0, 'recursion_count': 0, 'invariant_count': 2, 'ghost_var_count': 0}
2026-03-18 20:13:15,180 - INFO - HTTP Request: POST https://api.deepseek.com/chat/completions "HTTP/1.1 200 OK"
2026-03-18 20:13:23,205 - INFO - Step metrics - Reward: 8.670537376403809, Value: -0.39208984375, Log Prob: -1.8964191675186157, Token Increase: 0, KL: 13.294626235961914, Success: True
2026-03-18 20:13:23,205 - INFO - Reward breakdown: {'total_reward': 8.670537376403809, 'outcome_reward': 10.0, 'progress_reward': 0.0, 'structure_reward': 0.0, 'efficiency_reward': -0.0, 'stability_reward': -1.3294626235961915} | Error counts: {'syntax': 0, 'type': 0, 'missing_invariant': 0, 'postcondition': 0, 'timeout': 0} | Structure: {'lemma_count': 0, 'recursion_count': 1, 'invariant_count': 0, 'ghost_var_count': 0}
2026-03-18 20:13:24,166 - ERROR - Error while processing subfolder Dafny(55): Trying to backward through the graph a second time (or directly access saved tensors after they have already been freed). Saved intermediate values of the graph are freed when you call .backward() or autograd.grad(). Specify retain_graph=True if you need to backward through the graph a second time or if you need to access saved tensors after calling backward.
Traceback (most recent call last):
  File "/mnt/shared/gpfs/home/manvij2/journal_phase/CODEBASE/main.py", line 102, in process_one_subfolder
    total_rewards, successful_examples = train_slm_with_grpo(
                                         ^^^^^^^^^^^^^^^^^^^^
  File "/mnt/shared/gpfs/home/manvij2/journal_phase/CODEBASE/preface_rl/slm.py", line 813, in train_slm_with_grpo
    value_loss.backward()
  File "/mnt/shared/gpfs/home/manvij2/dafny/lib/python3.12/site-packages/torch/_tensor.py", line 626, in backward
    torch.autograd.backward(
  File "/mnt/shared/gpfs/home/manvij2/dafny/lib/python3.12/site-packages/torch/autograd/__init__.py", line 347, in backward
    _engine_run_backward(
  File "/mnt/shared/gpfs/home/manvij2/dafny/lib/python3.12/site-packages/torch/autograd/graph.py", line 823, in _engine_run_backward
    return Variable._execution_engine.run_backward(  # Calls into the C++ engine to run the backward pass
           ^^^^^^^^^^^^^^^^^^^^^^^^^^^^^^^^^^^^^^^^^^^^^^^^^^^^^^^^^^^^^^^^^^^^^^^^^^^^^^^^^^^^^^^^^^^^^^
RuntimeError: Trying to backward through the graph a second time (or directly access saved tensors after they have already been freed). Saved intermediate values of the graph are freed when you call .backward() or autograd.grad(). Specify retain_graph=True if you need to backward through the graph a second time or if you need to access saved tensors after calling backward.
2026-03-18 20:13:26,155 - INFO - Saving final results...
2026-03-18 20:13:26,157 - INFO - Training completed successfully!
2026-03-18 20:30:11,275 - INFO - Starting execution...
2026-03-18 20:30:11,275 - INFO - Processing folders in /mnt/shared/gpfs/home/manvij2/journal_phase/test_folder_one
2026-03-18 20:30:27,535 - INFO - Processing subfolder: /mnt/shared/gpfs/home/manvij2/journal_phase/test_folder_one/Dafny(55)
2026-03-18 20:30:27,535 - INFO - Prompt preview for Dafny(55): The provided Dafny code defines a method `ToArray` that converts a sequence `xs` of type `T` into an array `a`. The method ensures that the resulting array is a fresh allocation, matches the length of...
2026-03-18 20:30:27,536 - INFO - Starting training for Dafny(55)
2026-03-18 20:30:27,536 - INFO - Starting/Resuming SLM training with sequence-level policy gradient...
2026-03-18 20:30:27,560 - INFO - Created checkpoint directory at: /mnt/shared/gpfs/home/manvij2/checkpoints/run_CHK
2026-03-18 20:30:27,560 - INFO - 
Starting Epoch 1/5
2026-03-18 20:30:27,560 - INFO - Processing batch 1/1
2026-03-18 20:30:41,617 - INFO - HTTP Request: POST https://api.deepseek.com/chat/completions "HTTP/1.1 200 OK"
2026-03-18 20:31:26,735 - INFO - Step metrics - Reward: 4.372, Value: -0.52734375, Log Prob: -279.0413818359375, Token Increase: 128, KL: 0.0, Success: False
2026-03-18 20:31:26,735 - INFO - Reward breakdown: {'total_reward': 4.372, 'outcome_reward': 0.0, 'progress_reward': -0.2, 'structure_reward': 4.7, 'efficiency_reward': -0.128, 'stability_reward': -0.0} | Error counts: {'syntax': 1, 'type': 0, 'missing_invariant': 0, 'postcondition': 0, 'timeout': 0} | Structure: {'lemma_count': 0, 'recursion_count': 0, 'invariant_count': 15, 'ghost_var_count': 1}
2026-03-18 20:31:27,452 - INFO - HTTP Request: POST https://api.deepseek.com/chat/completions "HTTP/1.1 200 OK"
2026-03-18 20:31:34,195 - INFO - Step metrics - Reward: 8.010459327697754, Value: -1.509765625, Log Prob: -0.11166635900735855, Token Increase: 0, KL: 19.89540672302246, Success: True
2026-03-18 20:31:34,195 - INFO - Reward breakdown: {'total_reward': 8.010459327697754, 'outcome_reward': 10.0, 'progress_reward': 0.0, 'structure_reward': 0.0, 'efficiency_reward': -0.0, 'stability_reward': -1.9895406723022462} | Error counts: {'syntax': 0, 'type': 0, 'missing_invariant': 0, 'postcondition': 0, 'timeout': 0} | Structure: {'lemma_count': 0, 'recursion_count': 1, 'invariant_count': 0, 'ghost_var_count': 0}
2026-03-18 20:31:34,831 - INFO - Batch metrics - Policy Loss: 98.61656951904297, Value Loss: 127.617919921875, Total Loss: 226.2344970703125, Reward: 12.382459327697754, Trajectory Length: 2
2026-03-18 20:31:34,831 - INFO - Batch 1 completed with reward: 12.382459327697754
2026-03-18 20:31:34,831 - INFO - Epoch 1 metrics:
2026-03-18 20:31:34,831 - INFO - Average Reward: 12.382459327697754
2026-03-18 20:31:34,831 - INFO - Average Policy Loss: 98.61656951904297
2026-03-18 20:31:34,831 - INFO - Average Value Loss: 127.617919921875
2026-03-18 20:31:34,832 - INFO - Success Rate: 0.5
2026-03-18 20:31:34,832 - INFO - Successful Examples: 1
2026-03-18 20:31:34,832 - INFO - Epoch Time: 67.27096962928772
2026-03-18 20:31:34,832 - INFO - Total Processed Samples: 1
2026-03-18 20:31:34,832 - INFO - Reward component averages - Outcome: 5.0, Progress: -0.1, Structure: 2.35, Efficiency: -0.064, Stability: -0.9947703361511231
2026-03-18 20:31:56,900 - INFO - 
Starting Epoch 2/5
2026-03-18 20:31:56,900 - INFO - Processing batch 1/1
2026-03-18 20:32:10,187 - INFO - HTTP Request: POST https://api.deepseek.com/chat/completions "HTTP/1.1 200 OK"
2026-03-18 20:32:15,996 - INFO - Step metrics - Reward: 0.472, Value: -1.4345703125, Log Prob: -250.78408813476562, Token Increase: 128, KL: 0.0, Success: False
2026-03-18 20:32:15,997 - INFO - Reward breakdown: {'total_reward': 0.472, 'outcome_reward': 0.0, 'progress_reward': 0.0, 'structure_reward': 0.6, 'efficiency_reward': -0.128, 'stability_reward': -0.0} | Error counts: {'syntax': 0, 'type': 0, 'missing_invariant': 0, 'postcondition': 0, 'timeout': 0} | Structure: {'lemma_count': 0, 'recursion_count': 0, 'invariant_count': 2, 'ghost_var_count': 0}
2026-03-18 20:32:16,710 - INFO - HTTP Request: POST https://api.deepseek.com/chat/completions "HTTP/1.1 200 OK"
2026-03-18 20:32:22,125 - INFO - Step metrics - Reward: 8.98413143157959, Value: -0.185302734375, Log Prob: -1.069696068763733, Token Increase: 0, KL: 10.158685684204102, Success: True
2026-03-18 20:32:22,125 - INFO - Reward breakdown: {'total_reward': 8.98413143157959, 'outcome_reward': 10.0, 'progress_reward': 0.0, 'structure_reward': 0.0, 'efficiency_reward': -0.0, 'stability_reward': -1.0158685684204103} | Error counts: {'syntax': 0, 'type': 0, 'missing_invariant': 0, 'postcondition': 0, 'timeout': 0} | Structure: {'lemma_count': 0, 'recursion_count': 1, 'invariant_count': 0, 'ghost_var_count': 0}
2026-03-18 20:32:22,654 - INFO - Batch metrics - Policy Loss: 88.2873764038086, Value Loss: 100.36856079101562, Total Loss: 188.65594482421875, Reward: 9.456131431579589, Trajectory Length: 2
2026-03-18 20:32:22,654 - INFO - Batch 1 completed with reward: 9.456131431579589
2026-03-18 20:32:22,654 - INFO - Epoch 2 metrics:
2026-03-18 20:32:22,654 - INFO - Average Reward: 9.456131431579589
2026-03-18 20:32:22,654 - INFO - Average Policy Loss: 88.2873764038086
2026-03-18 20:32:22,654 - INFO - Average Value Loss: 100.36856079101562
2026-03-18 20:32:22,654 - INFO - Success Rate: 0.5
2026-03-18 20:32:22,654 - INFO - Successful Examples: 1
2026-03-18 20:32:22,654 - INFO - Epoch Time: 25.754051208496094
2026-03-18 20:32:22,654 - INFO - Total Processed Samples: 2
2026-03-18 20:32:22,654 - INFO - Reward component averages - Outcome: 5.0, Progress: 0.0, Structure: 0.3, Efficiency: -0.064, Stability: -0.5079342842102051
2026-03-18 20:32:46,376 - INFO - 
Starting Epoch 3/5
2026-03-18 20:32:46,376 - INFO - Processing batch 1/1
2026-03-18 20:33:00,253 - INFO - HTTP Request: POST https://api.deepseek.com/chat/completions "HTTP/1.1 200 OK"
2026-03-18 20:33:24,659 - INFO - Step metrics - Reward: -6.128, Value: -0.91943359375, Log Prob: -225.45582580566406, Token Increase: 128, KL: 0.0, Success: False
2026-03-18 20:33:24,659 - INFO - Reward breakdown: {'total_reward': -6.128, 'outcome_reward': 0.0, 'progress_reward': 0.0, 'structure_reward': -6.0, 'efficiency_reward': -0.128, 'stability_reward': -0.0} | Error counts: {'syntax': 0, 'type': 0, 'missing_invariant': 0, 'postcondition': 0, 'timeout': 0} | Structure: {'lemma_count': 0, 'recursion_count': 6, 'invariant_count': 0, 'ghost_var_count': 0}
2026-03-18 20:33:25,374 - INFO - HTTP Request: POST https://api.deepseek.com/chat/completions "HTTP/1.1 200 OK"
2026-03-18 20:33:30,161 - INFO - Step metrics - Reward: 8.102238655090332, Value: -0.74951171875, Log Prob: -0.06473200768232346, Token Increase: 0, KL: 18.97761344909668, Success: True
2026-03-18 20:33:30,161 - INFO - Reward breakdown: {'total_reward': 8.102238655090332, 'outcome_reward': 10.0, 'progress_reward': 0.0, 'structure_reward': 0.0, 'efficiency_reward': -0.0, 'stability_reward': -1.897761344909668} | Error counts: {'syntax': 0, 'type': 0, 'missing_invariant': 0, 'postcondition': 0, 'timeout': 0} | Structure: {'lemma_count': 0, 'recursion_count': 1, 'invariant_count': 0, 'ghost_var_count': 0}
2026-03-18 20:33:30,732 - INFO - Batch metrics - Policy Loss: -79.68778228759766, Value Loss: 43.132240295410156, Total Loss: -36.5555419921875, Reward: 1.974238655090332, Trajectory Length: 2
2026-03-18 20:33:30,733 - INFO - Batch 1 completed with reward: 1.974238655090332
2026-03-18 20:33:30,733 - INFO - Epoch 3 metrics:
2026-03-18 20:33:30,733 - INFO - Average Reward: 1.974238655090332
2026-03-18 20:33:30,733 - INFO - Average Policy Loss: -79.68778228759766
2026-03-18 20:33:30,733 - INFO - Average Value Loss: 43.132240295410156
2026-03-18 20:33:30,733 - INFO - Success Rate: 0.5
2026-03-18 20:33:30,733 - INFO - Successful Examples: 1
2026-03-18 20:33:30,733 - INFO - Epoch Time: 44.35720109939575
2026-03-18 20:33:30,733 - INFO - Total Processed Samples: 3
2026-03-18 20:33:30,733 - INFO - Reward component averages - Outcome: 5.0, Progress: 0.0, Structure: -3.0, Efficiency: -0.064, Stability: -0.948880672454834
2026-03-18 20:33:55,020 - INFO - 
Starting Epoch 4/5
2026-03-18 20:33:55,021 - INFO - Processing batch 1/1
2026-03-18 20:34:08,709 - INFO - HTTP Request: POST https://api.deepseek.com/chat/completions "HTTP/1.1 200 OK"
2026-03-18 20:34:15,898 - INFO - Step metrics - Reward: 0.27199999999999996, Value: -0.65380859375, Log Prob: -140.72933959960938, Token Increase: 128, KL: 0.0, Success: False
2026-03-18 20:34:15,898 - INFO - Reward breakdown: {'total_reward': 0.27199999999999996, 'outcome_reward': 0.0, 'progress_reward': -0.2, 'structure_reward': 0.6, 'efficiency_reward': -0.128, 'stability_reward': -0.0} | Error counts: {'syntax': 1, 'type': 0, 'missing_invariant': 0, 'postcondition': 0, 'timeout': 0} | Structure: {'lemma_count': 0, 'recursion_count': 0, 'invariant_count': 2, 'ghost_var_count': 0}
2026-03-18 20:34:16,581 - INFO - HTTP Request: POST https://api.deepseek.com/chat/completions "HTTP/1.1 200 OK"
2026-03-18 20:34:21,187 - INFO - Step metrics - Reward: 9.027867412567138, Value: 0.130615234375, Log Prob: -0.015077436342835426, Token Increase: 0, KL: 9.721325874328613, Success: True
2026-03-18 20:34:21,187 - INFO - Reward breakdown: {'total_reward': 9.027867412567138, 'outcome_reward': 10.0, 'progress_reward': 0.0, 'structure_reward': 0.0, 'efficiency_reward': -0.0, 'stability_reward': -0.9721325874328614} | Error counts: {'syntax': 0, 'type': 0, 'missing_invariant': 0, 'postcondition': 0, 'timeout': 0} | Structure: {'lemma_count': 0, 'recursion_count': 1, 'invariant_count': 0, 'ghost_var_count': 0}
2026-03-18 20:34:21,689 - INFO - Batch metrics - Policy Loss: 49.74995422363281, Value Loss: 88.2238540649414, Total Loss: 137.97381591796875, Reward: 9.299867412567139, Trajectory Length: 2
2026-03-18 20:34:21,690 - INFO - Batch 1 completed with reward: 9.299867412567139
2026-03-18 20:34:21,690 - INFO - Epoch 4 metrics:
2026-03-18 20:34:21,690 - INFO - Average Reward: 9.299867412567139
2026-03-18 20:34:21,690 - INFO - Average Policy Loss: 49.74995422363281
2026-03-18 20:34:21,690 - INFO - Average Value Loss: 88.2238540649414
2026-03-18 20:34:21,690 - INFO - Success Rate: 0.5
2026-03-18 20:34:21,690 - INFO - Successful Examples: 1
2026-03-18 20:34:21,690 - INFO - Epoch Time: 26.66933560371399
2026-03-18 20:34:21,690 - INFO - Total Processed Samples: 4
2026-03-18 20:34:21,690 - INFO - Reward component averages - Outcome: 5.0, Progress: -0.1, Structure: 0.3, Efficiency: -0.064, Stability: -0.4860662937164307
2026-03-18 20:34:43,026 - INFO - 
Starting Epoch 5/5
2026-03-18 20:34:43,027 - INFO - Processing batch 1/1
2026-03-18 20:34:56,912 - INFO - HTTP Request: POST https://api.deepseek.com/chat/completions "HTTP/1.1 200 OK"
2026-03-18 20:35:03,311 - INFO - Step metrics - Reward: -0.328, Value: -0.330078125, Log Prob: -268.0320739746094, Token Increase: 128, KL: 0.0, Success: False
2026-03-18 20:35:03,312 - INFO - Reward breakdown: {'total_reward': -0.328, 'outcome_reward': 0.0, 'progress_reward': -0.2, 'structure_reward': 0.0, 'efficiency_reward': -0.128, 'stability_reward': -0.0} | Error counts: {'syntax': 1, 'type': 0, 'missing_invariant': 0, 'postcondition': 0, 'timeout': 0} | Structure: {'lemma_count': 0, 'recursion_count': 0, 'invariant_count': 0, 'ghost_var_count': 0}
2026-03-18 20:35:04,050 - INFO - HTTP Request: POST https://api.deepseek.com/chat/completions "HTTP/1.1 200 OK"
2026-03-18 20:35:08,263 - INFO - Step metrics - Reward: 8.616190433502197, Value: -0.321533203125, Log Prob: -0.08760786801576614, Token Increase: 0, KL: 13.838095664978027, Success: True
2026-03-18 20:35:08,263 - INFO - Reward breakdown: {'total_reward': 8.616190433502197, 'outcome_reward': 10.0, 'progress_reward': 0.0, 'structure_reward': 0.0, 'efficiency_reward': -0.0, 'stability_reward': -1.3838095664978027} | Error counts: {'syntax': 0, 'type': 0, 'missing_invariant': 0, 'postcondition': 0, 'timeout': 0} | Structure: {'lemma_count': 0, 'recursion_count': 1, 'invariant_count': 0, 'ghost_var_count': 0}
2026-03-18 20:35:08,760 - INFO - Batch metrics - Policy Loss: -94.73267364501953, Value Loss: 76.3398666381836, Total Loss: -18.392807006835938, Reward: 8.288190433502198, Trajectory Length: 2
2026-03-18 20:35:08,761 - INFO - Batch 1 completed with reward: 8.288190433502198
2026-03-18 20:35:08,761 - INFO - Epoch 5 metrics:
2026-03-18 20:35:08,761 - INFO - Average Reward: 8.288190433502198
2026-03-18 20:35:08,761 - INFO - Average Policy Loss: -94.73267364501953
2026-03-18 20:35:08,761 - INFO - Average Value Loss: 76.3398666381836
2026-03-18 20:35:08,761 - INFO - Success Rate: 0.5
2026-03-18 20:35:08,761 - INFO - Successful Examples: 1
2026-03-18 20:35:08,761 - INFO - Epoch Time: 25.734626293182373
2026-03-18 20:35:08,761 - INFO - Total Processed Samples: 5
2026-03-18 20:35:08,761 - INFO - Reward component averages - Outcome: 5.0, Progress: -0.1, Structure: 0.0, Efficiency: -0.064, Stability: -0.6919047832489014
2026-03-18 20:35:44,310 - INFO - Successfully saved LoRA weights
2026-03-18 20:36:02,916 - INFO - Successfully saved checkpoint after processing Dafny(55)
2026-03-18 20:36:05,109 - INFO - Saving final results...
2026-03-18 20:36:05,111 - INFO - Training completed successfully!
2026-03-20 00:14:01,344 - INFO - Starting execution...
2026-03-20 00:14:01,344 - INFO - Processing folders in /mnt/shared/gpfs/home/manvij2/journal_phase/test_folder_one
2026-03-20 00:14:31,596 - INFO - Processing subfolder: /mnt/shared/gpfs/home/manvij2/journal_phase/test_folder_one/Dafny(55)
2026-03-20 00:14:31,599 - INFO - Prompt preview for Dafny(55): The provided Dafny code defines a method `ToArray` that converts a sequence `xs` of type `T` into an array `a`. The method ensures that the resulting array is a fresh allocation, matches the length of...
2026-03-20 00:14:31,603 - INFO - Starting training for Dafny(55)
2026-03-20 00:14:31,603 - INFO - Starting/Resuming SLM training with sequence-level policy gradient...
2026-03-20 00:14:31,625 - INFO - Created checkpoint directory at: /mnt/shared/gpfs/home/manvij2/journal_phase/checkpoints/run_CHK
2026-03-20 00:14:31,625 - INFO - 
Starting Epoch 1/5
2026-03-20 00:14:31,625 - INFO - Processing batch 1/1
2026-03-20 00:16:17,371 - INFO - HTTP Request: POST https://api.deepseek.com/chat/completions "HTTP/1.1 200 OK"
2026-03-20 00:16:49,920 - INFO - Step metrics - Reward: -0.20700000000000007, Value: -0.236572265625, Log Prob: -1111.597900390625, Token Increase: 807, KL: 0.0, Success: False
2026-03-20 00:16:49,921 - INFO - Reward breakdown: {'total_reward': -0.20700000000000007, 'outcome_reward': 0.0, 'progress_reward': 0.0, 'structure_reward': 0.6, 'efficiency_reward': -0.807, 'stability_reward': -0.0} | Error counts: {'syntax': 0, 'type': 0, 'missing_invariant': 0, 'postcondition': 0, 'timeout': 0} | Structure: {'lemma_count': 0, 'recursion_count': 0, 'invariant_count': 2, 'ghost_var_count': 0}
2026-03-20 00:16:51,107 - INFO - HTTP Request: POST https://api.deepseek.com/chat/completions "HTTP/1.1 200 OK"
2026-03-20 00:17:01,191 - INFO - Step metrics - Reward: 8.795624923706054, Value: -0.298583984375, Log Prob: -10.220190048217773, Token Increase: 0, KL: 12.043750762939453, Success: True
2026-03-20 00:17:01,193 - INFO - Reward breakdown: {'total_reward': 8.795624923706054, 'outcome_reward': 10.0, 'progress_reward': 0.0, 'structure_reward': 0.0, 'efficiency_reward': -0.0, 'stability_reward': -1.2043750762939454} | Error counts: {'syntax': 0, 'type': 0, 'missing_invariant': 0, 'postcondition': 0, 'timeout': 0} | Structure: {'lemma_count': 0, 'recursion_count': 1, 'invariant_count': 0, 'ghost_var_count': 0}
2026-03-20 00:17:02,662 - INFO - Batch metrics - Policy Loss: -389.39581298828125, Value Loss: 79.52200317382812, Total Loss: -309.8738098144531, Reward: 8.588624923706053, Trajectory Length: 2
2026-03-20 00:17:02,663 - INFO - Batch 1 completed with reward: 8.588624923706053
2026-03-20 00:17:02,663 - INFO - Epoch 1 metrics:
2026-03-20 00:17:02,663 - INFO - Average Reward: 8.588624923706053
2026-03-20 00:17:02,664 - INFO - Average Policy Loss: -389.39581298828125
2026-03-20 00:17:02,664 - INFO - Average Value Loss: 79.52200317382812
2026-03-20 00:17:02,664 - INFO - Success Rate: 0.5
2026-03-20 00:17:02,664 - INFO - Successful Examples: 1
2026-03-20 00:17:02,664 - INFO - Epoch Time: 151.037513256073
2026-03-20 00:17:02,664 - INFO - Total Processed Samples: 1
2026-03-20 00:17:02,664 - INFO - Reward component averages - Outcome: 5.0, Progress: 0.0, Structure: 0.3, Efficiency: -0.4035, Stability: -0.6021875381469727
2026-03-20 00:17:20,643 - INFO - 
Starting Epoch 2/5
2026-03-20 00:17:20,643 - INFO - Processing batch 1/1
2026-03-20 00:19:04,035 - INFO - HTTP Request: POST https://api.deepseek.com/chat/completions "HTTP/1.1 200 OK"
2026-03-20 00:19:43,348 - INFO - Step metrics - Reward: -0.4070000000000001, Value: 0.728515625, Log Prob: -1166.636962890625, Token Increase: 807, KL: 0.0, Success: False
2026-03-20 00:19:43,348 - INFO - Reward breakdown: {'total_reward': -0.4070000000000001, 'outcome_reward': 0.0, 'progress_reward': -0.2, 'structure_reward': 0.6, 'efficiency_reward': -0.807, 'stability_reward': -0.0} | Error counts: {'syntax': 1, 'type': 0, 'missing_invariant': 0, 'postcondition': 0, 'timeout': 0} | Structure: {'lemma_count': 0, 'recursion_count': 0, 'invariant_count': 2, 'ghost_var_count': 0}
2026-03-20 00:19:44,503 - INFO - HTTP Request: POST https://api.deepseek.com/chat/completions "HTTP/1.1 200 OK"
2026-03-20 00:19:51,317 - INFO - Step metrics - Reward: 8.36279754638672, Value: -0.68212890625, Log Prob: -0.6959446668624878, Token Increase: 0, KL: 16.372024536132812, Success: True
2026-03-20 00:19:51,319 - INFO - Reward breakdown: {'total_reward': 8.36279754638672, 'outcome_reward': 10.0, 'progress_reward': 0.0, 'structure_reward': 0.0, 'efficiency_reward': -0.0, 'stability_reward': -1.6372024536132814} | Error counts: {'syntax': 0, 'type': 0, 'missing_invariant': 0, 'postcondition': 0, 'timeout': 0} | Structure: {'lemma_count': 0, 'recursion_count': 1, 'invariant_count': 0, 'ghost_var_count': 0}
2026-03-20 00:19:52,297 - INFO - Batch metrics - Policy Loss: -412.22216796875, Value Loss: 66.42124938964844, Total Loss: -345.8009033203125, Reward: 7.955797546386719, Trajectory Length: 2
2026-03-20 00:19:52,298 - INFO - Batch 1 completed with reward: 7.955797546386719
2026-03-20 00:19:52,298 - INFO - Epoch 2 metrics:
2026-03-20 00:19:52,298 - INFO - Average Reward: 7.955797546386719
2026-03-20 00:19:52,298 - INFO - Average Policy Loss: -412.22216796875
2026-03-20 00:19:52,298 - INFO - Average Value Loss: 66.42124938964844
2026-03-20 00:19:52,298 - INFO - Success Rate: 0.5
2026-03-20 00:19:52,298 - INFO - Successful Examples: 1
2026-03-20 00:19:52,298 - INFO - Epoch Time: 151.65469026565552
2026-03-20 00:19:52,298 - INFO - Total Processed Samples: 2
2026-03-20 00:19:52,298 - INFO - Reward component averages - Outcome: 5.0, Progress: -0.1, Structure: 0.3, Efficiency: -0.4035, Stability: -0.8186012268066407
2026-03-20 00:20:10,136 - INFO - 
Starting Epoch 3/5
2026-03-20 00:20:10,137 - INFO - Processing batch 1/1
2026-03-20 00:21:54,616 - INFO - HTTP Request: POST https://api.deepseek.com/chat/completions "HTTP/1.1 200 OK"
2026-03-20 00:22:15,708 - INFO - Step metrics - Reward: -0.20700000000000007, Value: -0.3974609375, Log Prob: -744.7525634765625, Token Increase: 807, KL: 0.0, Success: False
2026-03-20 00:22:15,708 - INFO - Reward breakdown: {'total_reward': -0.20700000000000007, 'outcome_reward': 0.0, 'progress_reward': 0.0, 'structure_reward': 0.6, 'efficiency_reward': -0.807, 'stability_reward': -0.0} | Error counts: {'syntax': 0, 'type': 0, 'missing_invariant': 0, 'postcondition': 0, 'timeout': 0} | Structure: {'lemma_count': 0, 'recursion_count': 0, 'invariant_count': 2, 'ghost_var_count': 0}
2026-03-20 00:22:16,923 - INFO - HTTP Request: POST https://api.deepseek.com/chat/completions "HTTP/1.1 200 OK"
2026-03-20 00:22:23,253 - INFO - Step metrics - Reward: 8.459503746032714, Value: -0.134033203125, Log Prob: -1.7434229850769043, Token Increase: 0, KL: 15.404962539672852, Success: True
2026-03-20 00:22:23,254 - INFO - Reward breakdown: {'total_reward': 8.459503746032714, 'outcome_reward': 10.0, 'progress_reward': 0.0, 'structure_reward': 0.0, 'efficiency_reward': -0.0, 'stability_reward': -1.5404962539672853} | Error counts: {'syntax': 0, 'type': 0, 'missing_invariant': 0, 'postcondition': 0, 'timeout': 0} | Structure: {'lemma_count': 0, 'recursion_count': 1, 'invariant_count': 0, 'ghost_var_count': 0}
2026-03-20 00:22:24,221 - INFO - Batch metrics - Policy Loss: -262.69329833984375, Value Loss: 73.60722351074219, Total Loss: -189.08607482910156, Reward: 8.252503746032714, Trajectory Length: 2
2026-03-20 00:22:24,222 - INFO - Batch 1 completed with reward: 8.252503746032714
2026-03-20 00:22:24,222 - INFO - Epoch 3 metrics:
2026-03-20 00:22:24,222 - INFO - Average Reward: 8.252503746032714
2026-03-20 00:22:24,222 - INFO - Average Policy Loss: -262.69329833984375
2026-03-20 00:22:24,222 - INFO - Average Value Loss: 73.60722351074219
2026-03-20 00:22:24,222 - INFO - Success Rate: 0.5
2026-03-20 00:22:24,222 - INFO - Successful Examples: 1
2026-03-20 00:22:24,222 - INFO - Epoch Time: 134.08532905578613
2026-03-20 00:22:24,222 - INFO - Total Processed Samples: 3
2026-03-20 00:22:24,222 - INFO - Reward component averages - Outcome: 5.0, Progress: 0.0, Structure: 0.3, Efficiency: -0.4035, Stability: -0.7702481269836426
2026-03-20 00:22:41,045 - INFO - 
Starting Epoch 4/5
2026-03-20 00:22:41,046 - INFO - Processing batch 1/1
2026-03-20 00:24:21,623 - INFO - HTTP Request: POST https://api.deepseek.com/chat/completions "HTTP/1.1 200 OK"
2026-03-20 00:24:38,889 - INFO - Step metrics - Reward: -0.1070000000000001, Value: 0.65576171875, Log Prob: -292.6551513671875, Token Increase: 807, KL: 0.0, Success: False
2026-03-20 00:24:38,889 - INFO - Reward breakdown: {'total_reward': -0.1070000000000001, 'outcome_reward': 0.0, 'progress_reward': -0.2, 'structure_reward': 0.8999999999999999, 'efficiency_reward': -0.807, 'stability_reward': -0.0} | Error counts: {'syntax': 1, 'type': 0, 'missing_invariant': 0, 'postcondition': 0, 'timeout': 0} | Structure: {'lemma_count': 0, 'recursion_count': 0, 'invariant_count': 3, 'ghost_var_count': 0}
2026-03-20 00:24:40,062 - INFO - HTTP Request: POST https://api.deepseek.com/chat/completions "HTTP/1.1 200 OK"
2026-03-20 00:24:45,882 - INFO - Step metrics - Reward: 8.242285346984863, Value: -0.2191162109375, Log Prob: -1.9648829698562622, Token Increase: 0, KL: 17.577146530151367, Success: True
2026-03-20 00:24:45,883 - INFO - Reward breakdown: {'total_reward': 8.242285346984863, 'outcome_reward': 10.0, 'progress_reward': 0.0, 'structure_reward': 0.0, 'efficiency_reward': -0.0, 'stability_reward': -1.7577146530151369} | Error counts: {'syntax': 0, 'type': 0, 'missing_invariant': 0, 'postcondition': 0, 'timeout': 0} | Structure: {'lemma_count': 0, 'recursion_count': 1, 'invariant_count': 0, 'ghost_var_count': 0}
2026-03-20 00:24:46,857 - INFO - Batch metrics - Policy Loss: -102.77452850341797, Value Loss: 63.15620803833008, Total Loss: -39.61832046508789, Reward: 8.135285346984864, Trajectory Length: 2
2026-03-20 00:24:46,857 - INFO - Batch 1 completed with reward: 8.135285346984864
2026-03-20 00:24:46,857 - INFO - Epoch 4 metrics:
2026-03-20 00:24:46,857 - INFO - Average Reward: 8.135285346984864
2026-03-20 00:24:46,857 - INFO - Average Policy Loss: -102.77452850341797
2026-03-20 00:24:46,857 - INFO - Average Value Loss: 63.15620803833008
2026-03-20 00:24:46,857 - INFO - Success Rate: 0.5
2026-03-20 00:24:46,858 - INFO - Successful Examples: 1
2026-03-20 00:24:46,858 - INFO - Epoch Time: 125.81240653991699
2026-03-20 00:24:46,858 - INFO - Total Processed Samples: 4
2026-03-20 00:24:46,858 - INFO - Reward component averages - Outcome: 5.0, Progress: -0.1, Structure: 0.44999999999999996, Efficiency: -0.4035, Stability: -0.8788573265075684
2026-03-20 00:25:08,246 - INFO - 
Starting Epoch 5/5
2026-03-20 00:25:08,247 - INFO - Processing batch 1/1
2026-03-20 00:26:54,459 - INFO - HTTP Request: POST https://api.deepseek.com/chat/completions "HTTP/1.1 200 OK"
2026-03-20 00:27:23,759 - INFO - Step metrics - Reward: -0.20700000000000007, Value: 0.20654296875, Log Prob: -1118.078125, Token Increase: 807, KL: 0.0, Success: False
2026-03-20 00:27:23,760 - INFO - Reward breakdown: {'total_reward': -0.20700000000000007, 'outcome_reward': 0.0, 'progress_reward': 0.0, 'structure_reward': 0.6, 'efficiency_reward': -0.807, 'stability_reward': -0.0} | Error counts: {'syntax': 0, 'type': 0, 'missing_invariant': 0, 'postcondition': 0, 'timeout': 0} | Structure: {'lemma_count': 0, 'recursion_count': 0, 'invariant_count': 2, 'ghost_var_count': 0}
2026-03-20 00:27:24,967 - INFO - HTTP Request: POST https://api.deepseek.com/chat/completions "HTTP/1.1 200 OK"
2026-03-20 00:27:30,723 - INFO - Step metrics - Reward: 8.826576232910156, Value: 0.1383056640625, Log Prob: -0.0006561510381288826, Token Increase: 0, KL: 11.734237670898438, Success: True
2026-03-20 00:27:30,725 - INFO - Reward breakdown: {'total_reward': 8.826576232910156, 'outcome_reward': 10.0, 'progress_reward': 0.0, 'structure_reward': 0.0, 'efficiency_reward': -0.0, 'stability_reward': -1.1734237670898438} | Error counts: {'syntax': 0, 'type': 0, 'missing_invariant': 0, 'postcondition': 0, 'timeout': 0} | Structure: {'lemma_count': 0, 'recursion_count': 1, 'invariant_count': 0, 'ghost_var_count': 0}
2026-03-20 00:27:31,674 - INFO - Batch metrics - Policy Loss: -395.30108642578125, Value Loss: 72.3938980102539, Total Loss: -322.9071960449219, Reward: 8.619576232910156, Trajectory Length: 2
2026-03-20 00:27:31,674 - INFO - Batch 1 completed with reward: 8.619576232910156
2026-03-20 00:27:31,674 - INFO - Epoch 5 metrics:
2026-03-20 00:27:31,675 - INFO - Average Reward: 8.619576232910156
2026-03-20 00:27:31,675 - INFO - Average Policy Loss: -395.30108642578125
2026-03-20 00:27:31,675 - INFO - Average Value Loss: 72.3938980102539
2026-03-20 00:27:31,675 - INFO - Success Rate: 0.5
2026-03-20 00:27:31,675 - INFO - Successful Examples: 1
2026-03-20 00:27:31,675 - INFO - Epoch Time: 143.42813229560852
2026-03-20 00:27:31,675 - INFO - Total Processed Samples: 5
2026-03-20 00:27:31,675 - INFO - Reward component averages - Outcome: 5.0, Progress: 0.0, Structure: 0.3, Efficiency: -0.4035, Stability: -0.5867118835449219
2026-03-20 00:28:13,791 - INFO - Successfully saved LoRA weights
2026-03-20 00:28:32,044 - INFO - Successfully saved checkpoint after processing Dafny(55)
2026-03-20 00:28:34,660 - INFO - Saving final results...
2026-03-20 00:28:34,664 - INFO - Training completed successfully!
2026-03-20 06:56:40,133 - INFO - Starting execution...
2026-03-20 06:56:40,134 - INFO - Processing folders in /mnt/shared/gpfs/home/manvij2/journal_phase/test_folder_one
2026-03-20 06:58:24,270 - WARNING - Worker for Dafny(55): could not re-attach to W&B: Run initialization has timed out after 90.0 sec. Please try increasing the timeout with the `init_timeout` setting: `wandb.init(settings=wandb.Settings(init_timeout=120))`.
2026-03-20 06:58:34,241 - INFO - Successfully loaded model state from checkpoint
2026-03-20 06:58:34,261 - INFO - Skipping Dafny(55) because it appears already processed (found /mnt/shared/gpfs/home/manvij2/journal_phase/dataset/epoch_0_Dafny(55)/iteration_1_results.json)
2026-03-20 06:58:36,938 - INFO - Saving final results...
2026-03-20 06:58:36,942 - INFO - Training completed successfully!
2026-03-20 07:00:26,229 - INFO - Starting execution...
2026-03-20 07:00:26,229 - INFO - Processing folders in /mnt/shared/gpfs/home/manvij2/journal_phase/test_folder_one
2026-03-20 07:02:16,977 - WARNING - Worker for Dafny(55): could not re-attach to W&B: Run initialization has timed out after 90.0 sec. Please try increasing the timeout with the `init_timeout` setting: `wandb.init(settings=wandb.Settings(init_timeout=120))`.
2026-03-20 07:02:23,847 - INFO - Successfully loaded model state from checkpoint
2026-03-20 07:02:23,867 - INFO - Processing subfolder: /mnt/shared/gpfs/home/manvij2/journal_phase/test_folder_one/Dafny(55)
2026-03-20 07:02:23,869 - INFO - Prompt preview for Dafny(55): The provided Dafny code defines a method `ToArray` that converts a sequence `xs` of type `T` into an array `a`. The method ensures that the resulting array is a fresh allocation, matches the length of...
2026-03-20 07:02:23,872 - INFO - Starting training for Dafny(55)
2026-03-20 07:02:23,872 - INFO - Starting/Resuming SLM training with sequence-level policy gradient...
2026-03-20 07:02:26,043 - INFO - Successfully loaded checkpoint. Resuming from epoch 0
2026-03-20 07:02:26,045 - INFO - Created checkpoint directory at: /mnt/shared/gpfs/home/manvij2/journal_phase/checkpoints/run_CHK
2026-03-20 07:02:26,045 - INFO - 
Starting Epoch 1/5
2026-03-20 07:02:26,045 - INFO - Processing batch 1/1
2026-03-20 07:04:45,621 - INFO - HTTP Request: POST https://api.deepseek.com/chat/completions "HTTP/1.1 200 OK"
2026-03-20 07:05:13,900 - INFO - Step metrics - Reward: -0.42400000000000004, Value: 0.311767578125, Log Prob: -1803.728271484375, Token Increase: 1024, KL: 0.0, Success: False
2026-03-20 07:05:13,901 - INFO - Reward breakdown: {'total_reward': -0.42400000000000004, 'outcome_reward': 0.0, 'progress_reward': 0.0, 'structure_reward': 0.6, 'efficiency_reward': -1.024, 'stability_reward': -0.0} | Error counts: {'syntax': 0, 'type': 0, 'missing_invariant': 0, 'postcondition': 0, 'timeout': 0} | Structure: {'lemma_count': 0, 'recursion_count': 0, 'invariant_count': 2, 'ghost_var_count': 0}
2026-03-20 07:09:19,988 - INFO - HTTP Request: POST https://api.deepseek.com/chat/completions "HTTP/1.1 200 OK"
2026-03-20 07:09:37,976 - INFO - Step metrics - Reward: 8.79688642490073, Value: 0.80078125, Log Prob: -1625.7645263671875, Token Increase: 0, KL: 12.03113575099269, Success: True
2026-03-20 07:09:37,977 - INFO - Reward breakdown: {'total_reward': 8.79688642490073, 'outcome_reward': 10.0, 'progress_reward': 0.0, 'structure_reward': 0.0, 'efficiency_reward': -0.0, 'stability_reward': -1.203113575099269} | Error counts: {'syntax': 0, 'type': 0, 'missing_invariant': 0, 'postcondition': 0, 'timeout': 0} | Structure: {'lemma_count': 0, 'recursion_count': 0, 'invariant_count': 2, 'ghost_var_count': 0}
2026-03-20 07:09:39,149 - INFO - Batch metrics - Policy Loss: -62.919677734375, Value Loss: 63.75440979003906, Total Loss: 0.8347320556640625, Reward: 8.37288642490073, Trajectory Length: 2
2026-03-20 07:09:39,150 - INFO - Batch 1 completed with reward: 8.37288642490073
2026-03-20 07:09:39,150 - INFO - Epoch 1 metrics:
2026-03-20 07:09:39,151 - INFO - Average Reward: 8.37288642490073
2026-03-20 07:09:39,151 - INFO - Average Policy Loss: -62.919677734375
2026-03-20 07:09:39,151 - INFO - Average Value Loss: 63.75440979003906
2026-03-20 07:09:39,151 - INFO - Success Rate: 0.5
2026-03-20 07:09:39,151 - INFO - Successful Examples: 1
2026-03-20 07:09:39,151 - INFO - Epoch Time: 433.10493540763855
2026-03-20 07:09:39,151 - INFO - Total Processed Samples: 1
2026-03-20 07:09:39,151 - INFO - Reward component averages - Outcome: 5.0, Progress: 0.0, Structure: 0.3, Efficiency: -0.512, Stability: -0.6015567875496345
2026-03-20 07:09:51,390 - INFO - 
Starting Epoch 2/5
2026-03-20 07:09:51,391 - INFO - Processing batch 1/1
2026-03-20 07:12:14,689 - INFO - HTTP Request: POST https://api.deepseek.com/chat/completions "HTTP/1.1 200 OK"
2026-03-20 07:12:37,955 - INFO - Step metrics - Reward: -1.224, Value: 0.52392578125, Log Prob: -1832.703857421875, Token Increase: 1024, KL: 0.0, Success: False
2026-03-20 07:12:37,955 - INFO - Reward breakdown: {'total_reward': -1.224, 'outcome_reward': 0.0, 'progress_reward': -0.2, 'structure_reward': 0.0, 'efficiency_reward': -1.024, 'stability_reward': -0.0} | Error counts: {'syntax': 1, 'type': 0, 'missing_invariant': 0, 'postcondition': 0, 'timeout': 0} | Structure: {'lemma_count': 0, 'recursion_count': 0, 'invariant_count': 0, 'ghost_var_count': 0}
2026-03-20 07:18:37,849 - INFO - Starting execution...
2026-03-20 07:18:37,849 - INFO - Processing folders in /mnt/shared/gpfs/home/manvij2/journal_phase/test_folder_one
2026-03-20 07:20:22,919 - WARNING - Worker for Dafny(55): could not re-attach to W&B: Run initialization has timed out after 90.0 sec. Please try increasing the timeout with the `init_timeout` setting: `wandb.init(settings=wandb.Settings(init_timeout=120))`.
2026-03-20 07:20:27,468 - INFO - Processing subfolder: /mnt/shared/gpfs/home/manvij2/journal_phase/test_folder_one/Dafny(55)
2026-03-20 07:20:27,471 - INFO - Prompt preview for Dafny(55): The provided Dafny code defines a method `ToArray` that converts a sequence `xs` of type `T` into an array `a`. The method ensures that the resulting array is a fresh allocation, matches the length of...
2026-03-20 07:20:27,475 - INFO - Starting training for Dafny(55)
2026-03-20 07:20:27,475 - INFO - Starting/Resuming SLM training with sequence-level policy gradient...
2026-03-20 07:20:27,500 - INFO - Created checkpoint directory at: /mnt/shared/gpfs/home/manvij2/journal_phase/checkpoints/run_CHK
2026-03-20 07:20:27,500 - INFO - 
Starting Epoch 1/5
2026-03-20 07:20:27,500 - INFO - Processing batch 1/1
2026-03-20 07:22:45,556 - INFO - HTTP Request: POST https://api.deepseek.com/chat/completions "HTTP/1.1 200 OK"
2026-03-20 07:23:15,429 - INFO - Step metrics - Reward: 8.975999999999999, Value: 0.4775390625, Log Prob: -1626.1558837890625, Token Increase: 1024, KL: 0.0, Success: True
2026-03-20 07:23:15,429 - INFO - Reward breakdown: {'total_reward': 8.975999999999999, 'outcome_reward': 10.0, 'progress_reward': 0.0, 'structure_reward': 0.0, 'efficiency_reward': -1.024, 'stability_reward': -0.0} | Error counts: {'syntax': 0, 'type': 0, 'missing_invariant': 0, 'postcondition': 0, 'timeout': 0} | Structure: {'lemma_count': 0, 'recursion_count': 0, 'invariant_count': 0, 'ghost_var_count': 0}
2026-03-20 07:23:16,094 - INFO - Batch metrics - Policy Loss: 13819.822265625, Value Loss: 72.22383880615234, Total Loss: 13892.0458984375, Reward: 8.975999999999999, Trajectory Length: 1
2026-03-20 07:23:16,094 - INFO - Batch 1 completed with reward: 8.975999999999999
2026-03-20 07:23:16,094 - INFO - Epoch 1 metrics:
2026-03-20 07:23:16,095 - INFO - Average Reward: 8.975999999999999
2026-03-20 07:23:16,095 - INFO - Average Policy Loss: 13819.822265625
2026-03-20 07:23:16,095 - INFO - Average Value Loss: 72.22383880615234
2026-03-20 07:23:16,095 - INFO - Success Rate: 1.0
2026-03-20 07:23:16,095 - INFO - Successful Examples: 1
2026-03-20 07:23:16,095 - INFO - Epoch Time: 168.59404754638672
2026-03-20 07:23:16,095 - INFO - Total Processed Samples: 1
2026-03-20 07:23:16,095 - INFO - Reward component averages - Outcome: 10.0, Progress: 0.0, Structure: 0.0, Efficiency: -1.024, Stability: 0.0
2026-03-20 07:23:31,215 - INFO - 
Starting Epoch 2/5
2026-03-20 07:23:31,215 - INFO - Processing batch 1/1
2026-03-20 07:25:20,617 - INFO - HTTP Request: POST https://api.deepseek.com/chat/completions "HTTP/1.1 200 OK"
2026-03-20 07:25:37,982 - INFO - Step metrics - Reward: -10.843, Value: -0.416259765625, Log Prob: -1043.3548583984375, Token Increase: 843, KL: 0.0, Success: False
2026-03-20 07:25:37,983 - INFO - Reward breakdown: {'total_reward': -10.843, 'outcome_reward': -10.0, 'progress_reward': 0.0, 'structure_reward': 0.0, 'efficiency_reward': -0.843, 'stability_reward': -0.0} | Error counts: {'syntax': 0, 'type': 0, 'missing_invariant': 0, 'postcondition': 0, 'timeout': 0} | Structure: {'lemma_count': 0, 'recursion_count': 0, 'invariant_count': 0, 'ghost_var_count': 0}
2026-03-20 07:25:44,553 - INFO - HTTP Request: POST https://api.deepseek.com/chat/completions "HTTP/1.1 200 OK"
2026-03-20 07:26:09,271 - INFO - Step metrics - Reward: 8.729691680038677, Value: -0.320068359375, Log Prob: -49.78952407836914, Token Increase: 0, KL: 12.703083199613234, Success: True
2026-03-20 07:26:09,272 - INFO - Reward breakdown: {'total_reward': 8.729691680038677, 'outcome_reward': 10.0, 'progress_reward': 0.0, 'structure_reward': 0.0, 'efficiency_reward': -0.0, 'stability_reward': -1.2703083199613234} | Error counts: {'syntax': 0, 'type': 0, 'missing_invariant': 0, 'postcondition': 0, 'timeout': 0} | Structure: {'lemma_count': 0, 'recursion_count': 0, 'invariant_count': 3, 'ghost_var_count': 0}
2026-03-20 07:26:10,089 - INFO - Batch metrics - Policy Loss: -351.2784423828125, Value Loss: 41.39214324951172, Total Loss: -309.88629150390625, Reward: -2.113308319961323, Trajectory Length: 2
2026-03-20 07:26:10,090 - INFO - Batch 1 completed with reward: -2.113308319961323
2026-03-20 07:26:10,090 - INFO - Epoch 2 metrics:
2026-03-20 07:26:10,090 - INFO - Average Reward: -2.113308319961323
2026-03-20 07:26:10,090 - INFO - Average Policy Loss: -351.2784423828125
2026-03-20 07:26:10,090 - INFO - Average Value Loss: 41.39214324951172
2026-03-20 07:26:10,090 - INFO - Success Rate: 0.5
2026-03-20 07:26:10,090 - INFO - Successful Examples: 1
2026-03-20 07:26:10,090 - INFO - Epoch Time: 158.8753821849823
2026-03-20 07:26:10,090 - INFO - Total Processed Samples: 2
2026-03-20 07:26:10,090 - INFO - Reward component averages - Outcome: 0.0, Progress: 0.0, Structure: 0.0, Efficiency: -0.4215, Stability: -0.6351541599806617
2026-03-20 07:26:22,350 - INFO - 
Starting Epoch 3/5
2026-03-20 07:26:22,352 - INFO - Processing batch 1/1
2026-03-20 07:28:43,928 - INFO - HTTP Request: POST https://api.deepseek.com/chat/completions "HTTP/1.1 200 OK"
2026-03-20 07:29:15,990 - INFO - Step metrics - Reward: 8.975999999999999, Value: -0.435791015625, Log Prob: -1440.101318359375, Token Increase: 1024, KL: 0.0, Success: True
2026-03-20 07:29:15,993 - INFO - Reward breakdown: {'total_reward': 8.975999999999999, 'outcome_reward': 10.0, 'progress_reward': 0.0, 'structure_reward': 0.0, 'efficiency_reward': -1.024, 'stability_reward': -0.0} | Error counts: {'syntax': 0, 'type': 0, 'missing_invariant': 0, 'postcondition': 0, 'timeout': 0} | Structure: {'lemma_count': 0, 'recursion_count': 0, 'invariant_count': 0, 'ghost_var_count': 0}
2026-03-20 07:29:16,436 - INFO - Batch metrics - Policy Loss: 13553.9326171875, Value Loss: 88.5818099975586, Total Loss: 13642.5146484375, Reward: 8.975999999999999, Trajectory Length: 1
2026-03-20 07:29:16,437 - INFO - Batch 1 completed with reward: 8.975999999999999
2026-03-20 07:29:16,437 - INFO - Epoch 3 metrics:
2026-03-20 07:29:16,437 - INFO - Average Reward: 8.975999999999999
2026-03-20 07:29:16,437 - INFO - Average Policy Loss: 13553.9326171875
2026-03-20 07:29:16,437 - INFO - Average Value Loss: 88.5818099975586
2026-03-20 07:29:16,437 - INFO - Success Rate: 1.0
2026-03-20 07:29:16,437 - INFO - Successful Examples: 1
2026-03-20 07:29:16,437 - INFO - Epoch Time: 174.0864019393921
2026-03-20 07:29:16,437 - INFO - Total Processed Samples: 3
2026-03-20 07:29:16,437 - INFO - Reward component averages - Outcome: 10.0, Progress: 0.0, Structure: 0.0, Efficiency: -1.024, Stability: 0.0
2026-03-20 07:29:27,421 - INFO - 
Starting Epoch 4/5
2026-03-20 07:29:27,422 - INFO - Processing batch 1/1
2026-03-20 07:31:47,591 - INFO - HTTP Request: POST https://api.deepseek.com/chat/completions "HTTP/1.1 200 OK"
2026-03-20 07:32:10,942 - INFO - Step metrics - Reward: -0.42400000000000004, Value: -1.236328125, Log Prob: -1451.55810546875, Token Increase: 1024, KL: 0.0, Success: False
2026-03-20 07:32:10,943 - INFO - Reward breakdown: {'total_reward': -0.42400000000000004, 'outcome_reward': 0.0, 'progress_reward': 0.0, 'structure_reward': 0.6, 'efficiency_reward': -1.024, 'stability_reward': -0.0} | Error counts: {'syntax': 0, 'type': 0, 'missing_invariant': 0, 'postcondition': 0, 'timeout': 0} | Structure: {'lemma_count': 0, 'recursion_count': 0, 'invariant_count': 2, 'ghost_var_count': 0}
2026-03-20 07:36:16,812 - INFO - HTTP Request: POST https://api.deepseek.com/chat/completions "HTTP/1.1 200 OK"
2026-03-20 07:36:29,450 - INFO - Step metrics - Reward: -1.2231366339809029, Value: -1.013671875, Log Prob: -1548.6519775390625, Token Increase: 0, KL: 12.231366339809028, Success: False
2026-03-20 07:36:29,450 - INFO - Reward breakdown: {'total_reward': -1.2231366339809029, 'outcome_reward': 0.0, 'progress_reward': 0.0, 'structure_reward': 0.0, 'efficiency_reward': -0.0, 'stability_reward': -1.2231366339809029} | Error counts: {'syntax': 0, 'type': 0, 'missing_invariant': 0, 'postcondition': 0, 'timeout': 0} | Structure: {'lemma_count': 0, 'recursion_count': 0, 'invariant_count': 2, 'ghost_var_count': 0}
2026-03-20 07:40:34,326 - INFO - HTTP Request: POST https://api.deepseek.com/chat/completions "HTTP/1.1 200 OK"
2026-03-20 07:40:53,591 - INFO - Step metrics - Reward: -1.2159622133131052, Value: -0.209228515625, Log Prob: -1715.9129638671875, Token Increase: 0, KL: 12.159622133131052, Success: False
2026-03-20 07:40:53,592 - INFO - Reward breakdown: {'total_reward': -1.2159622133131052, 'outcome_reward': 0.0, 'progress_reward': 0.0, 'structure_reward': 0.0, 'efficiency_reward': -0.0, 'stability_reward': -1.2159622133131052} | Error counts: {'syntax': 0, 'type': 0, 'missing_invariant': 0, 'postcondition': 0, 'timeout': 0} | Structure: {'lemma_count': 0, 'recursion_count': 0, 'invariant_count': 2, 'ghost_var_count': 0}
2026-03-20 07:44:57,979 - INFO - HTTP Request: POST https://api.deepseek.com/chat/completions "HTTP/1.1 200 OK"
2026-03-20 07:45:23,803 - INFO - Step metrics - Reward: 8.805595441482728, Value: -1.2099609375, Log Prob: -1985.552490234375, Token Increase: 0, KL: 11.944045585172717, Success: True
2026-03-20 07:45:23,804 - INFO - Reward breakdown: {'total_reward': 8.805595441482728, 'outcome_reward': 10.0, 'progress_reward': 0.0, 'structure_reward': 0.0, 'efficiency_reward': -0.0, 'stability_reward': -1.1944045585172718} | Error counts: {'syntax': 0, 'type': 0, 'missing_invariant': 0, 'postcondition': 0, 'timeout': 0} | Structure: {'lemma_count': 0, 'recursion_count': 0, 'invariant_count': 2, 'ghost_var_count': 0}
2026-03-20 07:45:26,018 - INFO - Batch metrics - Policy Loss: 169.49688720703125, Value Loss: 65.0521469116211, Total Loss: 234.54904174804688, Reward: 5.94249659418872, Trajectory Length: 4
2026-03-20 07:45:26,019 - INFO - Batch 1 completed with reward: 5.94249659418872
2026-03-20 07:45:26,019 - INFO - Epoch 4 metrics:
2026-03-20 07:45:26,019 - INFO - Average Reward: 5.94249659418872
2026-03-20 07:45:26,019 - INFO - Average Policy Loss: 169.49688720703125
2026-03-20 07:45:26,019 - INFO - Average Value Loss: 65.0521469116211
2026-03-20 07:45:26,019 - INFO - Success Rate: 0.25
2026-03-20 07:45:26,019 - INFO - Successful Examples: 1
2026-03-20 07:45:26,019 - INFO - Epoch Time: 958.5979695320129
2026-03-20 07:45:26,019 - INFO - Total Processed Samples: 4
2026-03-20 07:45:26,019 - INFO - Reward component averages - Outcome: 2.5, Progress: 0.0, Structure: 0.15, Efficiency: -0.256, Stability: -0.90837585145282
2026-03-20 07:45:37,406 - INFO - 
Starting Epoch 5/5
2026-03-20 07:45:37,406 - INFO - Processing batch 1/1
2026-03-20 07:48:55,794 - INFO - Starting execution...
2026-03-20 07:48:55,794 - INFO - Processing folders in /mnt/shared/gpfs/home/manvij2/journal_phase/test_folder_one
2026-03-20 07:50:40,813 - WARNING - Worker for Dafny(55): could not re-attach to W&B: Run initialization has timed out after 90.0 sec. Please try increasing the timeout with the `init_timeout` setting: `wandb.init(settings=wandb.Settings(init_timeout=120))`.
2026-03-20 07:51:04,126 - INFO - Processing subfolder: /mnt/shared/gpfs/home/manvij2/journal_phase/test_folder_one/Dafny(55)
2026-03-20 07:51:04,128 - INFO - Prompt preview for Dafny(55): The provided Dafny code defines a method `ToArray` that converts a sequence `xs` of type `T` into an array `a`. The method ensures that the resulting array is a fresh allocation, matches the length of...
2026-03-20 07:51:04,132 - INFO - Starting training for Dafny(55)
2026-03-20 07:51:04,132 - INFO - Starting/Resuming SLM training with sequence-level policy gradient...
2026-03-20 07:51:04,157 - INFO - Created checkpoint directory at: /mnt/shared/gpfs/home/manvij2/journal_phase/checkpoints/run_CHK
2026-03-20 07:51:04,157 - INFO - 
Starting Epoch 1/5
2026-03-20 07:51:04,157 - INFO - Processing batch 1/1
2026-03-20 07:58:31,027 - INFO - HTTP Request: POST https://api.deepseek.com/chat/completions "HTTP/1.1 200 OK"
2026-03-20 07:58:42,089 - INFO - Step metrics - Reward: -1.448, Value: 1.244140625, Log Prob: -2372.55615234375, Token Increase: 2048, KL: 0.0, Success: False
2026-03-20 07:58:42,090 - INFO - Reward breakdown: {'total_reward': -1.448, 'outcome_reward': 0.0, 'progress_reward': 0.0, 'structure_reward': 0.6, 'efficiency_reward': -2.048, 'stability_reward': -0.0} | Error counts: {'syntax': 0, 'type': 0, 'missing_invariant': 0, 'postcondition': 0, 'timeout': 0} | Structure: {'lemma_count': 0, 'recursion_count': 0, 'invariant_count': 2, 'ghost_var_count': 0}
2026-03-20 08:11:39,695 - INFO - HTTP Request: POST https://api.deepseek.com/chat/completions "HTTP/1.1 200 OK"
2026-03-20 08:12:22,471 - INFO - Step metrics - Reward: -1.7915586729279314, Value: 1.2158203125, Log Prob: -5587.41748046875, Token Increase: 0, KL: 14.915586729279312, Success: False
2026-03-20 08:12:22,471 - INFO - Reward breakdown: {'total_reward': -1.7915586729279314, 'outcome_reward': 0.0, 'progress_reward': 0.0, 'structure_reward': -0.3, 'efficiency_reward': -0.0, 'stability_reward': -1.4915586729279313} | Error counts: {'syntax': 0, 'type': 0, 'missing_invariant': 0, 'postcondition': 0, 'timeout': 0} | Structure: {'lemma_count': 2, 'recursion_count': 1, 'invariant_count': 3, 'ghost_var_count': 0}
2026-03-20 08:30:04,084 - INFO - HTTP Request: POST https://api.deepseek.com/chat/completions "HTTP/1.1 200 OK"
2026-03-20 08:30:45,690 - INFO - Step metrics - Reward: 0.6981015424589712, Value: 0.44873046875, Log Prob: -9718.248046875, Token Increase: 0, KL: 11.018984575410286, Success: False
2026-03-20 08:30:45,691 - INFO - Reward breakdown: {'total_reward': 0.6981015424589712, 'outcome_reward': 0.0, 'progress_reward': 0.0, 'structure_reward': 1.7999999999999998, 'efficiency_reward': -0.0, 'stability_reward': -1.1018984575410287} | Error counts: {'syntax': 0, 'type': 0, 'missing_invariant': 0, 'postcondition': 0, 'timeout': 0} | Structure: {'lemma_count': 1, 'recursion_count': 0, 'invariant_count': 9, 'ghost_var_count': 0}
2026-03-20 08:48:21,354 - INFO - HTTP Request: POST https://api.deepseek.com/chat/completions "HTTP/1.1 200 OK"
2026-03-20 08:48:53,897 - INFO - Step metrics - Reward: -1.3526026932534934, Value: -0.865234375, Log Prob: -238.01756286621094, Token Increase: 0, KL: 13.526026932534933, Success: False
2026-03-20 08:48:53,899 - INFO - Reward breakdown: {'total_reward': -1.3526026932534934, 'outcome_reward': 0.0, 'progress_reward': 0.0, 'structure_reward': 0.0, 'efficiency_reward': -0.0, 'stability_reward': -1.3526026932534934} | Error counts: {'syntax': 0, 'type': 0, 'missing_invariant': 0, 'postcondition': 0, 'timeout': 0} | Structure: {'lemma_count': 1, 'recursion_count': 0, 'invariant_count': 5, 'ghost_var_count': 0}
2026-03-20 09:06:28,109 - INFO - HTTP Request: POST https://api.deepseek.com/chat/completions "HTTP/1.1 200 OK"
2026-03-20 09:06:47,233 - INFO - Step metrics - Reward: 8.157063349568906, Value: -0.27490234375, Log Prob: -3477.98046875, Token Increase: 0, KL: 18.429366504310934, Success: True
2026-03-20 09:06:47,234 - INFO - Reward breakdown: {'total_reward': 8.157063349568906, 'outcome_reward': 10.0, 'progress_reward': 0.0, 'structure_reward': 0.0, 'efficiency_reward': -0.0, 'stability_reward': -1.8429366504310936} | Error counts: {'syntax': 0, 'type': 0, 'missing_invariant': 0, 'postcondition': 0, 'timeout': 0} | Structure: {'lemma_count': 0, 'recursion_count': 0, 'invariant_count': 0, 'ghost_var_count': 0}
2026-03-20 09:06:53,517 - INFO - Batch metrics - Policy Loss: 42.59560775756836, Value Loss: 40.42618942260742, Total Loss: 83.02179718017578, Reward: 4.263003525846452, Trajectory Length: 5
2026-03-20 09:06:53,517 - INFO - Batch 1 completed with reward: 4.263003525846452
2026-03-20 09:06:53,517 - INFO - Epoch 1 metrics:
2026-03-20 09:06:53,518 - INFO - Average Reward: 4.263003525846452
2026-03-20 09:06:53,518 - INFO - Average Policy Loss: 42.59560775756836
2026-03-20 09:06:53,518 - INFO - Average Value Loss: 40.42618942260742
2026-03-20 09:06:53,518 - INFO - Success Rate: 0.2
2026-03-20 09:06:53,518 - INFO - Successful Examples: 1
2026-03-20 09:06:53,518 - INFO - Epoch Time: 4549.360664367676
2026-03-20 09:06:53,519 - INFO - Total Processed Samples: 1
2026-03-20 09:06:53,519 - INFO - Reward component averages - Outcome: 2.0, Progress: 0.0, Structure: 0.41999999999999993, Efficiency: -0.4096, Stability: -1.1577992948307094
2026-03-20 09:07:00,816 - INFO - 
Starting Epoch 2/5
2026-03-20 09:07:00,817 - INFO - Processing batch 1/1
2026-03-20 09:14:23,490 - INFO - HTTP Request: POST https://api.deepseek.com/chat/completions "HTTP/1.1 200 OK"
2026-03-20 09:14:58,103 - INFO - Step metrics - Reward: -3.048, Value: 0.83935546875, Log Prob: -6555.6142578125, Token Increase: 2048, KL: 0.0, Success: False
2026-03-20 09:14:58,104 - INFO - Reward breakdown: {'total_reward': -3.048, 'outcome_reward': 0.0, 'progress_reward': -0.2, 'structure_reward': -0.8, 'efficiency_reward': -2.048, 'stability_reward': -0.0} | Error counts: {'syntax': 1, 'type': 0, 'missing_invariant': 0, 'postcondition': 0, 'timeout': 0} | Structure: {'lemma_count': 1, 'recursion_count': 1, 'invariant_count': 0, 'ghost_var_count': 0}
2026-03-20 09:32:38,569 - INFO - HTTP Request: POST https://api.deepseek.com/chat/completions "HTTP/1.1 200 OK"
2026-03-20 09:33:19,619 - INFO - Step metrics - Reward: 8.784707037320482, Value: 0.47412109375, Log Prob: -3655.11865234375, Token Increase: 0, KL: 12.152929626795185, Success: True
2026-03-20 09:33:19,619 - INFO - Reward breakdown: {'total_reward': 8.784707037320482, 'outcome_reward': 10.0, 'progress_reward': 0.0, 'structure_reward': 0.0, 'efficiency_reward': -0.0, 'stability_reward': -1.2152929626795186} | Error counts: {'syntax': 0, 'type': 0, 'missing_invariant': 0, 'postcondition': 0, 'timeout': 0} | Structure: {'lemma_count': 3, 'recursion_count': 0, 'invariant_count': 0, 'ghost_var_count': 0}
2026-03-20 09:33:21,763 - INFO - Batch metrics - Policy Loss: -1025.47998046875, Value Loss: 46.09858703613281, Total Loss: -979.3814086914062, Reward: 5.736707037320482, Trajectory Length: 2
2026-03-20 09:33:21,763 - INFO - Batch 1 completed with reward: 5.736707037320482
2026-03-20 09:33:21,763 - INFO - Epoch 2 metrics:
2026-03-20 09:33:21,763 - INFO - Average Reward: 5.736707037320482
2026-03-20 09:33:21,763 - INFO - Average Policy Loss: -1025.47998046875
2026-03-20 09:33:21,763 - INFO - Average Value Loss: 46.09858703613281
2026-03-20 09:33:21,763 - INFO - Success Rate: 0.5
2026-03-20 09:33:21,763 - INFO - Successful Examples: 1
2026-03-20 09:33:21,763 - INFO - Epoch Time: 1580.9468176364899
2026-03-20 09:33:21,763 - INFO - Total Processed Samples: 2
2026-03-20 09:33:21,763 - INFO - Reward component averages - Outcome: 5.0, Progress: -0.1, Structure: -0.4, Efficiency: -1.024, Stability: -0.6076464813397593
2026-03-20 09:33:30,127 - INFO - 
Starting Epoch 3/5
2026-03-20 09:33:30,129 - INFO - Processing batch 1/1
2026-03-20 09:40:55,722 - INFO - HTTP Request: POST https://api.deepseek.com/chat/completions "HTTP/1.1 200 OK"
2026-03-20 09:41:28,071 - INFO - Step metrics - Reward: -3.048, Value: 0.73828125, Log Prob: -5839.60986328125, Token Increase: 2048, KL: 0.0, Success: False
2026-03-20 09:41:28,072 - INFO - Reward breakdown: {'total_reward': -3.048, 'outcome_reward': 0.0, 'progress_reward': 0.0, 'structure_reward': -1.0, 'efficiency_reward': -2.048, 'stability_reward': -0.0} | Error counts: {'syntax': 0, 'type': 0, 'missing_invariant': 0, 'postcondition': 0, 'timeout': 0} | Structure: {'lemma_count': 0, 'recursion_count': 1, 'invariant_count': 0, 'ghost_var_count': 0}
2026-03-20 09:56:38,624 - INFO - HTTP Request: POST https://api.deepseek.com/chat/completions "HTTP/1.1 200 OK"
2026-03-20 09:57:01,137 - INFO - Step metrics - Reward: -0.632141383043063, Value: 0.492431640625, Log Prob: -4779.6689453125, Token Increase: 0, KL: 12.321413830430629, Success: False
2026-03-20 09:57:01,139 - INFO - Reward breakdown: {'total_reward': -0.632141383043063, 'outcome_reward': 0.0, 'progress_reward': 0.0, 'structure_reward': 0.6, 'efficiency_reward': -0.0, 'stability_reward': -1.232141383043063} | Error counts: {'syntax': 0, 'type': 0, 'missing_invariant': 0, 'postcondition': 0, 'timeout': 0} | Structure: {'lemma_count': 0, 'recursion_count': 0, 'invariant_count': 2, 'ghost_var_count': 0}
2026-03-20 10:11:31,809 - INFO - HTTP Request: POST https://api.deepseek.com/chat/completions "HTTP/1.1 200 OK"
2026-03-20 10:12:04,469 - INFO - Step metrics - Reward: -1.1342521189915715, Value: 0.5625, Log Prob: -10975.75, Token Increase: 0, KL: 11.342521189915715, Success: False
2026-03-20 10:12:04,470 - INFO - Reward breakdown: {'total_reward': -1.1342521189915715, 'outcome_reward': 0.0, 'progress_reward': 0.0, 'structure_reward': 0.0, 'efficiency_reward': -0.0, 'stability_reward': -1.1342521189915715} | Error counts: {'syntax': 0, 'type': 0, 'missing_invariant': 0, 'postcondition': 0, 'timeout': 0} | Structure: {'lemma_count': 0, 'recursion_count': 0, 'invariant_count': 1, 'ghost_var_count': 0}
2026-03-20 10:29:44,229 - INFO - HTTP Request: POST https://api.deepseek.com/chat/completions "HTTP/1.1 200 OK"
2026-03-20 10:30:07,692 - INFO - Step metrics - Reward: -0.8807117758929963, Value: 1.2255859375, Log Prob: -10538.45703125, Token Increase: 0, KL: 7.807117758929962, Success: False
2026-03-20 10:30:07,693 - INFO - Reward breakdown: {'total_reward': -0.8807117758929963, 'outcome_reward': 0.0, 'progress_reward': 0.0, 'structure_reward': -0.10000000000000009, 'efficiency_reward': -0.0, 'stability_reward': -0.7807117758929962} | Error counts: {'syntax': 0, 'type': 0, 'missing_invariant': 0, 'postcondition': 0, 'timeout': 0} | Structure: {'lemma_count': 0, 'recursion_count': 1, 'invariant_count': 4, 'ghost_var_count': 0}
2026-03-20 10:47:47,004 - INFO - HTTP Request: POST https://api.deepseek.com/chat/completions "HTTP/1.1 200 OK"
2026-03-20 10:48:18,059 - INFO - Step metrics - Reward: -0.7491641813154275, Value: -0.027557373046875, Log Prob: -6429.185546875, Token Increase: 0, KL: 9.491641813154274, Success: False
2026-03-20 10:48:18,061 - INFO - Reward breakdown: {'total_reward': -0.7491641813154275, 'outcome_reward': 0.0, 'progress_reward': 0.0, 'structure_reward': 0.2, 'efficiency_reward': -0.0, 'stability_reward': -0.9491641813154275} | Error counts: {'syntax': 0, 'type': 0, 'missing_invariant': 0, 'postcondition': 0, 'timeout': 0} | Structure: {'lemma_count': 1, 'recursion_count': 0, 'invariant_count': 4, 'ghost_var_count': 0}
2026-03-20 11:05:55,546 - INFO - HTTP Request: POST https://api.deepseek.com/chat/completions "HTTP/1.1 200 OK"
2026-03-20 11:06:23,504 - INFO - Step metrics - Reward: -1.9980628092465225, Value: 1.197265625, Log Prob: -13259.51171875, Token Increase: 0, KL: 9.980628092465224, Success: False
2026-03-20 11:06:23,506 - INFO - Reward breakdown: {'total_reward': -1.9980628092465225, 'outcome_reward': 0.0, 'progress_reward': 0.0, 'structure_reward': -1.0, 'efficiency_reward': -0.0, 'stability_reward': -0.9980628092465225} | Error counts: {'syntax': 0, 'type': 0, 'missing_invariant': 0, 'postcondition': 0, 'timeout': 0} | Structure: {'lemma_count': 0, 'recursion_count': 1, 'invariant_count': 2, 'ghost_var_count': 0}
2026-03-20 11:23:59,818 - INFO - HTTP Request: POST https://api.deepseek.com/chat/completions "HTTP/1.1 200 OK"
2026-03-20 11:24:27,158 - INFO - Step metrics - Reward: -1.0157300557009876, Value: 0.9033203125, Log Prob: -7258.74267578125, Token Increase: 0, KL: 8.157300557009876, Success: False
2026-03-20 11:24:27,160 - INFO - Reward breakdown: {'total_reward': -1.0157300557009876, 'outcome_reward': 0.0, 'progress_reward': -0.2, 'structure_reward': 0.0, 'efficiency_reward': -0.0, 'stability_reward': -0.8157300557009877} | Error counts: {'syntax': 1, 'type': 0, 'missing_invariant': 0, 'postcondition': 0, 'timeout': 0} | Structure: {'lemma_count': 0, 'recursion_count': 1, 'invariant_count': 1, 'ghost_var_count': 0}
2026-03-20 11:24:36,179 - INFO - Batch metrics - Policy Loss: 668.0552978515625, Value Loss: 35.924652099609375, Total Loss: 703.97998046875, Reward: -9.45806232419057, Trajectory Length: 7
2026-03-20 11:24:36,179 - INFO - Batch 1 completed with reward: -9.45806232419057
2026-03-20 11:24:36,179 - INFO - Epoch 3 metrics:
2026-03-20 11:24:36,179 - INFO - Average Reward: -9.45806232419057
2026-03-20 11:24:36,179 - INFO - Average Policy Loss: 668.0552978515625
2026-03-20 11:24:36,179 - INFO - Average Value Loss: 35.924652099609375
2026-03-20 11:24:36,180 - INFO - Success Rate: 0.0
2026-03-20 11:24:36,180 - INFO - Successful Examples: 0
2026-03-20 11:24:36,180 - INFO - Epoch Time: 6666.051965475082
2026-03-20 11:24:36,180 - INFO - Total Processed Samples: 3
2026-03-20 11:24:36,180 - INFO - Reward component averages - Outcome: 0.0, Progress: -0.028571428571428574, Structure: -0.18571428571428572, Efficiency: -0.2925714285714286, Stability: -0.8442946177415098
2026-03-20 11:24:42,539 - INFO - 
Starting Epoch 4/5
2026-03-20 11:24:42,539 - INFO - Processing batch 1/1
2026-03-20 11:32:06,520 - INFO - HTTP Request: POST https://api.deepseek.com/chat/completions "HTTP/1.1 200 OK"
2026-03-20 11:32:48,317 - INFO - Step metrics - Reward: -0.8480000000000001, Value: -0.359375, Log Prob: -5066.4140625, Token Increase: 2048, KL: 0.0, Success: False
2026-03-20 11:32:48,318 - INFO - Reward breakdown: {'total_reward': -0.8480000000000001, 'outcome_reward': 0.0, 'progress_reward': -0.2, 'structure_reward': 1.4, 'efficiency_reward': -2.048, 'stability_reward': -0.0} | Error counts: {'syntax': 1, 'type': 0, 'missing_invariant': 0, 'postcondition': 0, 'timeout': 0} | Structure: {'lemma_count': 0, 'recursion_count': 0, 'invariant_count': 4, 'ghost_var_count': 2}
2026-03-20 11:49:15,407 - INFO - HTTP Request: POST https://api.deepseek.com/chat/completions "HTTP/1.1 200 OK"
2026-03-20 11:49:53,320 - INFO - Step metrics - Reward: -1.6351721762330271, Value: 0.25634765625, Log Prob: -7862.22021484375, Token Increase: 0, KL: 15.351721762330271, Success: False
2026-03-20 11:49:53,322 - INFO - Reward breakdown: {'total_reward': -1.6351721762330271, 'outcome_reward': 0.0, 'progress_reward': 0.2, 'structure_reward': -0.29999999999999993, 'efficiency_reward': -0.0, 'stability_reward': -1.5351721762330273} | Error counts: {'syntax': 0, 'type': 0, 'missing_invariant': 0, 'postcondition': 0, 'timeout': 0} | Structure: {'lemma_count': 0, 'recursion_count': 1, 'invariant_count': 5, 'ghost_var_count': 5}
2026-03-20 12:07:34,018 - INFO - HTTP Request: POST https://api.deepseek.com/chat/completions "HTTP/1.1 200 OK"
2026-03-20 12:08:33,109 - INFO - Step metrics - Reward: -1.4406685540118815, Value: 0.9921875, Log Prob: -5985.5107421875, Token Increase: 0, KL: 12.406685540118815, Success: False
2026-03-20 12:08:33,110 - INFO - Reward breakdown: {'total_reward': -1.4406685540118815, 'outcome_reward': 0.0, 'progress_reward': -0.2, 'structure_reward': 0.0, 'efficiency_reward': -0.0, 'stability_reward': -1.2406685540118816} | Error counts: {'syntax': 1, 'type': 0, 'missing_invariant': 0, 'postcondition': 0, 'timeout': 0} | Structure: {'lemma_count': 0, 'recursion_count': 1, 'invariant_count': 1, 'ghost_var_count': 1}
2026-03-20 12:26:15,708 - INFO - HTTP Request: POST https://api.deepseek.com/chat/completions "HTTP/1.1 200 OK"
2026-03-20 12:26:48,337 - INFO - Step metrics - Reward: -0.9154783890822729, Value: 1.2177734375, Log Prob: -7210.50439453125, Token Increase: 0, KL: 12.154783890822728, Success: False
2026-03-20 12:26:48,338 - INFO - Reward breakdown: {'total_reward': -0.9154783890822729, 'outcome_reward': 0.0, 'progress_reward': 0.0, 'structure_reward': 0.3, 'efficiency_reward': -0.0, 'stability_reward': -1.215478389082273} | Error counts: {'syntax': 1, 'type': 0, 'missing_invariant': 0, 'postcondition': 0, 'timeout': 0} | Structure: {'lemma_count': 0, 'recursion_count': 1, 'invariant_count': 2, 'ghost_var_count': 1}
2026-03-20 12:44:29,491 - INFO - HTTP Request: POST https://api.deepseek.com/chat/completions "HTTP/1.1 200 OK"
2026-03-20 12:45:03,384 - INFO - Step metrics - Reward: -1.3804923217886085, Value: 0.205810546875, Log Prob: -3908.681396484375, Token Increase: 0, KL: 13.804923217886085, Success: False
2026-03-20 12:45:03,386 - INFO - Reward breakdown: {'total_reward': -1.3804923217886085, 'outcome_reward': 0.0, 'progress_reward': 0.0, 'structure_reward': 0.0, 'efficiency_reward': -0.0, 'stability_reward': -1.3804923217886085} | Error counts: {'syntax': 1, 'type': 0, 'missing_invariant': 0, 'postcondition': 0, 'timeout': 0} | Structure: {'lemma_count': 0, 'recursion_count': 0, 'invariant_count': 2, 'ghost_var_count': 1}
2026-03-20 13:02:44,001 - INFO - HTTP Request: POST https://api.deepseek.com/chat/completions "HTTP/1.1 200 OK"
2026-03-20 13:03:16,392 - INFO - Step metrics - Reward: -1.4300772594329603, Value: 0.73876953125, Log Prob: -5202.80078125, Token Increase: 0, KL: 14.300772594329601, Success: False
2026-03-20 13:03:16,394 - INFO - Reward breakdown: {'total_reward': -1.4300772594329603, 'outcome_reward': 0.0, 'progress_reward': 0.0, 'structure_reward': 0.0, 'efficiency_reward': -0.0, 'stability_reward': -1.4300772594329603} | Error counts: {'syntax': 1, 'type': 0, 'missing_invariant': 0, 'postcondition': 0, 'timeout': 0} | Structure: {'lemma_count': 0, 'recursion_count': 0, 'invariant_count': 2, 'ghost_var_count': 0}
2026-03-20 13:20:56,347 - INFO - HTTP Request: POST https://api.deepseek.com/chat/completions "HTTP/1.1 200 OK"
2026-03-20 13:21:15,802 - INFO - Step metrics - Reward: -1.0671060795244558, Value: 1.2763671875, Log Prob: -4486.009765625, Token Increase: 0, KL: 12.671060795244557, Success: False
2026-03-20 13:21:15,804 - INFO - Reward breakdown: {'total_reward': -1.0671060795244558, 'outcome_reward': 0.0, 'progress_reward': 0.2, 'structure_reward': 0.0, 'efficiency_reward': -0.0, 'stability_reward': -1.2671060795244558} | Error counts: {'syntax': 0, 'type': 0, 'missing_invariant': 0, 'postcondition': 0, 'timeout': 0} | Structure: {'lemma_count': 0, 'recursion_count': 0, 'invariant_count': 2, 'ghost_var_count': 0}
2026-03-20 13:21:25,054 - INFO - Batch metrics - Policy Loss: -753.7930297851562, Value Loss: 35.24064254760742, Total Loss: -718.5523681640625, Reward: -8.716994780073206, Trajectory Length: 7
2026-03-20 13:21:25,054 - INFO - Batch 1 completed with reward: -8.716994780073206
2026-03-20 13:21:25,054 - INFO - Epoch 4 metrics:
2026-03-20 13:21:25,054 - INFO - Average Reward: -8.716994780073206
2026-03-20 13:21:25,054 - INFO - Average Policy Loss: -753.7930297851562
2026-03-20 13:21:25,054 - INFO - Average Value Loss: 35.24064254760742
2026-03-20 13:21:25,055 - INFO - Success Rate: 0.0
2026-03-20 13:21:25,055 - INFO - Successful Examples: 0
2026-03-20 13:21:25,055 - INFO - Epoch Time: 7002.515750408173
2026-03-20 13:21:25,055 - INFO - Total Processed Samples: 4
2026-03-20 13:21:25,055 - INFO - Reward component averages - Outcome: 0.0, Progress: 0.0, Structure: 0.19999999999999998, Efficiency: -0.2925714285714286, Stability: -1.152713540010458
2026-03-20 13:21:31,486 - INFO - 
Starting Epoch 5/5
2026-03-20 13:21:31,487 - INFO - Processing batch 1/1
2026-03-20 13:28:54,255 - INFO - HTTP Request: POST https://api.deepseek.com/chat/completions "HTTP/1.1 200 OK"
2026-03-20 13:29:12,785 - INFO - Step metrics - Reward: -5.448, Value: 0.86962890625, Log Prob: -5577.05859375, Token Increase: 2048, KL: 0.0, Success: False
2026-03-20 13:29:12,786 - INFO - Reward breakdown: {'total_reward': -5.448, 'outcome_reward': 0.0, 'progress_reward': -2.4, 'structure_reward': -1.0, 'efficiency_reward': -2.048, 'stability_reward': -0.0} | Error counts: {'syntax': 0, 'type': 8, 'missing_invariant': 0, 'postcondition': 0, 'timeout': 0} | Structure: {'lemma_count': 0, 'recursion_count': 1, 'invariant_count': 0, 'ghost_var_count': 0}
2026-03-20 13:45:10,316 - INFO - HTTP Request: POST https://api.deepseek.com/chat/completions "HTTP/1.1 200 OK"
2026-03-20 13:45:45,112 - INFO - Step metrics - Reward: 1.5470587222211176, Value: 0.92138671875, Log Prob: -3483.84765625, Token Increase: 0, KL: 12.52941277778882, Success: False
2026-03-20 13:45:45,114 - INFO - Reward breakdown: {'total_reward': 1.5470587222211176, 'outcome_reward': 0.0, 'progress_reward': 2.1999999999999997, 'structure_reward': 0.6, 'efficiency_reward': -0.0, 'stability_reward': -1.2529412777788822} | Error counts: {'syntax': 1, 'type': 0, 'missing_invariant': 0, 'postcondition': 0, 'timeout': 0} | Structure: {'lemma_count': 0, 'recursion_count': 0, 'invariant_count': 2, 'ghost_var_count': 0}
2026-04-05 20:07:30,861 - INFO - Starting execution...
2026-04-05 20:07:30,861 - INFO - Processing folders in /u/mjha1/Proof2Silicon/journal_phase/test_folder_one
2026-04-05 21:51:20,178 - INFO - Starting execution...
2026-04-05 21:51:20,179 - INFO - Processing folders in /u/mjha1/Proof2Silicon/journal_phase/test_folder_one
2026-04-05 21:53:02,584 - WARNING - Worker for Dafny(55): could not re-attach to W&B: Run initialization has timed out after 90.0 sec. Please try increasing the timeout with the `init_timeout` setting: `wandb.init(settings=wandb.Settings(init_timeout=120))`.
2026-04-05 21:53:02,803 - INFO - HTTP Request: HEAD https://huggingface.co/Qwen/Qwen2.5-1.5B-Instruct/resolve/main/config.json "HTTP/1.1 307 Temporary Redirect"
2026-04-05 21:53:02,814 - INFO - HTTP Request: HEAD https://huggingface.co/api/resolve-cache/models/Qwen/Qwen2.5-1.5B-Instruct/989aa7980e4cf806f80c7fef2b1adb7bc71aa306/config.json "HTTP/1.1 200 OK"
2026-04-05 21:53:02,864 - INFO - HTTP Request: HEAD https://huggingface.co/Qwen/Qwen2.5-1.5B-Instruct/resolve/main/tokenizer_config.json "HTTP/1.1 307 Temporary Redirect"
2026-04-05 21:53:02,874 - INFO - HTTP Request: HEAD https://huggingface.co/api/resolve-cache/models/Qwen/Qwen2.5-1.5B-Instruct/989aa7980e4cf806f80c7fef2b1adb7bc71aa306/tokenizer_config.json "HTTP/1.1 200 OK"
2026-04-05 21:53:02,921 - INFO - HTTP Request: GET https://huggingface.co/api/models/Qwen/Qwen2.5-1.5B-Instruct/tree/main/additional_chat_templates?recursive=false&expand=false "HTTP/1.1 404 Not Found"
2026-04-05 21:53:02,967 - INFO - HTTP Request: GET https://huggingface.co/api/models/Qwen/Qwen2.5-1.5B-Instruct/tree/main?recursive=true&expand=false "HTTP/1.1 200 OK"
2026-04-05 21:53:03,241 - INFO - HTTP Request: GET https://huggingface.co/api/models/Qwen/Qwen2.5-1.5B-Instruct "HTTP/1.1 200 OK"
2026-04-05 21:53:03,290 - INFO - HTTP Request: HEAD https://huggingface.co/Qwen/Qwen2.5-1.5B-Instruct/resolve/main/config.json "HTTP/1.1 307 Temporary Redirect"
2026-04-05 21:53:03,299 - INFO - HTTP Request: HEAD https://huggingface.co/api/resolve-cache/models/Qwen/Qwen2.5-1.5B-Instruct/989aa7980e4cf806f80c7fef2b1adb7bc71aa306/config.json "HTTP/1.1 200 OK"
2026-04-05 21:53:03,345 - INFO - HTTP Request: HEAD https://huggingface.co/Qwen/Qwen2.5-1.5B-Instruct/resolve/main/config.json "HTTP/1.1 307 Temporary Redirect"
2026-04-05 21:53:03,355 - INFO - HTTP Request: HEAD https://huggingface.co/api/resolve-cache/models/Qwen/Qwen2.5-1.5B-Instruct/989aa7980e4cf806f80c7fef2b1adb7bc71aa306/config.json "HTTP/1.1 200 OK"
2026-04-05 21:53:06,079 - INFO - HTTP Request: HEAD https://huggingface.co/Qwen/Qwen2.5-1.5B-Instruct/resolve/main/generation_config.json "HTTP/1.1 307 Temporary Redirect"
2026-04-05 21:53:06,079 - WARNING - Warning: You are sending unauthenticated requests to the HF Hub. Please set a HF_TOKEN to enable higher rate limits and faster downloads.
2026-04-05 21:53:06,088 - INFO - HTTP Request: HEAD https://huggingface.co/api/resolve-cache/models/Qwen/Qwen2.5-1.5B-Instruct/989aa7980e4cf806f80c7fef2b1adb7bc71aa306/generation_config.json "HTTP/1.1 200 OK"
2026-04-05 21:53:06,132 - INFO - HTTP Request: HEAD https://huggingface.co/Qwen/Qwen2.5-1.5B-Instruct/resolve/main/custom_generate/generate.py "HTTP/1.1 404 Not Found"
2026-04-05 21:53:06,468 - INFO - Skipping Dafny(55) because it appears already processed (found /u/mjha1/Proof2Silicon/journal_phase/dataset/epoch_0_Dafny(55)/iteration_1_results.json)
2026-04-05 21:53:07,473 - INFO - Saving final results...
2026-04-05 21:53:07,478 - INFO - Training completed successfully!
2026-04-05 21:56:24,595 - INFO - Starting execution...
2026-04-05 21:56:24,595 - INFO - Processing folders in /u/mjha1/Proof2Silicon/journal_phase/test_folder_one
2026-04-05 21:58:03,903 - WARNING - Worker for Dafny(55): could not re-attach to W&B: Run initialization has timed out after 90.0 sec. Please try increasing the timeout with the `init_timeout` setting: `wandb.init(settings=wandb.Settings(init_timeout=120))`.
2026-04-05 21:58:04,118 - INFO - HTTP Request: HEAD https://huggingface.co/Qwen/Qwen2.5-1.5B-Instruct/resolve/main/config.json "HTTP/1.1 307 Temporary Redirect"
2026-04-05 21:58:04,129 - INFO - HTTP Request: HEAD https://huggingface.co/api/resolve-cache/models/Qwen/Qwen2.5-1.5B-Instruct/989aa7980e4cf806f80c7fef2b1adb7bc71aa306/config.json "HTTP/1.1 200 OK"
2026-04-05 21:58:04,179 - INFO - HTTP Request: HEAD https://huggingface.co/Qwen/Qwen2.5-1.5B-Instruct/resolve/main/tokenizer_config.json "HTTP/1.1 307 Temporary Redirect"
2026-04-05 21:58:04,189 - INFO - HTTP Request: HEAD https://huggingface.co/api/resolve-cache/models/Qwen/Qwen2.5-1.5B-Instruct/989aa7980e4cf806f80c7fef2b1adb7bc71aa306/tokenizer_config.json "HTTP/1.1 200 OK"
2026-04-05 21:58:04,252 - INFO - HTTP Request: GET https://huggingface.co/api/models/Qwen/Qwen2.5-1.5B-Instruct/tree/main/additional_chat_templates?recursive=false&expand=false "HTTP/1.1 404 Not Found"
2026-04-05 21:58:04,296 - INFO - HTTP Request: GET https://huggingface.co/api/models/Qwen/Qwen2.5-1.5B-Instruct/tree/main?recursive=true&expand=false "HTTP/1.1 200 OK"
2026-04-05 21:58:04,559 - INFO - HTTP Request: GET https://huggingface.co/api/models/Qwen/Qwen2.5-1.5B-Instruct "HTTP/1.1 200 OK"
2026-04-05 21:58:04,600 - INFO - HTTP Request: HEAD https://huggingface.co/Qwen/Qwen2.5-1.5B-Instruct/resolve/main/config.json "HTTP/1.1 307 Temporary Redirect"
2026-04-05 21:58:04,609 - INFO - HTTP Request: HEAD https://huggingface.co/api/resolve-cache/models/Qwen/Qwen2.5-1.5B-Instruct/989aa7980e4cf806f80c7fef2b1adb7bc71aa306/config.json "HTTP/1.1 200 OK"
2026-04-05 21:58:04,660 - INFO - HTTP Request: HEAD https://huggingface.co/Qwen/Qwen2.5-1.5B-Instruct/resolve/main/config.json "HTTP/1.1 307 Temporary Redirect"
2026-04-05 21:58:04,660 - WARNING - Warning: You are sending unauthenticated requests to the HF Hub. Please set a HF_TOKEN to enable higher rate limits and faster downloads.
2026-04-05 21:58:04,670 - INFO - HTTP Request: HEAD https://huggingface.co/api/resolve-cache/models/Qwen/Qwen2.5-1.5B-Instruct/989aa7980e4cf806f80c7fef2b1adb7bc71aa306/config.json "HTTP/1.1 200 OK"
2026-04-05 21:58:07,395 - INFO - HTTP Request: HEAD https://huggingface.co/Qwen/Qwen2.5-1.5B-Instruct/resolve/main/generation_config.json "HTTP/1.1 307 Temporary Redirect"
2026-04-05 21:58:07,405 - INFO - HTTP Request: HEAD https://huggingface.co/api/resolve-cache/models/Qwen/Qwen2.5-1.5B-Instruct/989aa7980e4cf806f80c7fef2b1adb7bc71aa306/generation_config.json "HTTP/1.1 200 OK"
2026-04-05 21:58:07,448 - INFO - HTTP Request: HEAD https://huggingface.co/Qwen/Qwen2.5-1.5B-Instruct/resolve/main/custom_generate/generate.py "HTTP/1.1 404 Not Found"
2026-04-05 21:58:07,784 - INFO - Processing subfolder: /u/mjha1/Proof2Silicon/journal_phase/test_folder_one/Dafny(55)
2026-04-05 21:58:07,785 - INFO - Prompt preview for Dafny(55): The provided Dafny code defines a method `ToArray` that converts a sequence `xs` of type `T` into an array `a`. The method ensures that the resulting array is a fresh allocation, matches the length of...
2026-04-05 21:58:07,789 - INFO - Starting training for Dafny(55)
2026-04-05 21:58:07,789 - INFO - Starting/Resuming SLM training with sequence-level policy gradient...
2026-04-05 21:58:07,799 - INFO - Created checkpoint directory at: /u/mjha1/Proof2Silicon/journal_phase/checkpoints/run_CHK
2026-04-05 21:58:07,799 - ERROR - Error while processing subfolder Dafny(55): ReduceLROnPlateau.__init__() got an unexpected keyword argument 'verbose'
Traceback (most recent call last):
  File "/u/mjha1/Proof2Silicon/journal_phase/CODEBASE/main.py", line 121, in process_one_subfolder
    total_rewards, successful_examples = train_slm_with_grpo(
                                         ^^^^^^^^^^^^^^^^^^^^
  File "/u/mjha1/Proof2Silicon/journal_phase/CODEBASE/preface_rl/slm.py", line 567, in train_slm_with_grpo
    actor_scheduler = ReduceLROnPlateau(
                      ^^^^^^^^^^^^^^^^^^
TypeError: ReduceLROnPlateau.__init__() got an unexpected keyword argument 'verbose'
2026-04-05 21:58:08,821 - INFO - Saving final results...
2026-04-05 21:58:08,825 - INFO - Training completed successfully!
2026-04-06 00:49:34,007 - INFO - Starting execution...
2026-04-06 00:49:34,008 - INFO - Processing folders in /u/mjha1/Proof2Silicon/journal_phase/test_folder_one
2026-04-06 00:51:14,455 - WARNING - Worker for Dafny(55): could not re-attach to W&B: Run initialization has timed out after 90.0 sec. Please try increasing the timeout with the `init_timeout` setting: `wandb.init(settings=wandb.Settings(init_timeout=120))`.
2026-04-06 00:51:14,667 - INFO - HTTP Request: HEAD https://huggingface.co/Qwen/Qwen2.5-1.5B-Instruct/resolve/main/config.json "HTTP/1.1 307 Temporary Redirect"
2026-04-06 00:51:14,676 - INFO - HTTP Request: HEAD https://huggingface.co/api/resolve-cache/models/Qwen/Qwen2.5-1.5B-Instruct/989aa7980e4cf806f80c7fef2b1adb7bc71aa306/config.json "HTTP/1.1 200 OK"
2026-04-06 00:51:14,728 - INFO - HTTP Request: HEAD https://huggingface.co/Qwen/Qwen2.5-1.5B-Instruct/resolve/main/tokenizer_config.json "HTTP/1.1 307 Temporary Redirect"
2026-04-06 00:51:14,729 - WARNING - Warning: You are sending unauthenticated requests to the HF Hub. Please set a HF_TOKEN to enable higher rate limits and faster downloads.
2026-04-06 00:51:14,742 - INFO - HTTP Request: HEAD https://huggingface.co/api/resolve-cache/models/Qwen/Qwen2.5-1.5B-Instruct/989aa7980e4cf806f80c7fef2b1adb7bc71aa306/tokenizer_config.json "HTTP/1.1 200 OK"
2026-04-06 00:51:14,789 - INFO - HTTP Request: GET https://huggingface.co/api/models/Qwen/Qwen2.5-1.5B-Instruct/tree/main/additional_chat_templates?recursive=false&expand=false "HTTP/1.1 404 Not Found"
2026-04-06 00:51:14,832 - INFO - HTTP Request: GET https://huggingface.co/api/models/Qwen/Qwen2.5-1.5B-Instruct/tree/main?recursive=true&expand=false "HTTP/1.1 200 OK"
2026-04-06 00:51:15,105 - INFO - HTTP Request: GET https://huggingface.co/api/models/Qwen/Qwen2.5-1.5B-Instruct "HTTP/1.1 200 OK"
2026-04-06 00:51:15,147 - INFO - HTTP Request: HEAD https://huggingface.co/Qwen/Qwen2.5-1.5B-Instruct/resolve/main/config.json "HTTP/1.1 307 Temporary Redirect"
2026-04-06 00:51:15,155 - INFO - HTTP Request: HEAD https://huggingface.co/api/resolve-cache/models/Qwen/Qwen2.5-1.5B-Instruct/989aa7980e4cf806f80c7fef2b1adb7bc71aa306/config.json "HTTP/1.1 200 OK"
2026-04-06 00:51:15,204 - INFO - HTTP Request: HEAD https://huggingface.co/Qwen/Qwen2.5-1.5B-Instruct/resolve/main/config.json "HTTP/1.1 307 Temporary Redirect"
2026-04-06 00:51:15,213 - INFO - HTTP Request: HEAD https://huggingface.co/api/resolve-cache/models/Qwen/Qwen2.5-1.5B-Instruct/989aa7980e4cf806f80c7fef2b1adb7bc71aa306/config.json "HTTP/1.1 200 OK"
2026-04-06 00:51:18,148 - INFO - HTTP Request: HEAD https://huggingface.co/Qwen/Qwen2.5-1.5B-Instruct/resolve/main/generation_config.json "HTTP/1.1 307 Temporary Redirect"
2026-04-06 00:51:18,157 - INFO - HTTP Request: HEAD https://huggingface.co/api/resolve-cache/models/Qwen/Qwen2.5-1.5B-Instruct/989aa7980e4cf806f80c7fef2b1adb7bc71aa306/generation_config.json "HTTP/1.1 200 OK"
2026-04-06 00:51:18,202 - INFO - HTTP Request: HEAD https://huggingface.co/Qwen/Qwen2.5-1.5B-Instruct/resolve/main/custom_generate/generate.py "HTTP/1.1 404 Not Found"
2026-04-06 00:51:18,544 - INFO - Processing subfolder: /u/mjha1/Proof2Silicon/journal_phase/test_folder_one/Dafny(55)
2026-04-06 00:51:18,546 - INFO - Prompt preview for Dafny(55): The provided Dafny code defines a method `ToArray` that converts a sequence `xs` of type `T` into an array `a`. The method ensures that the resulting array is a fresh allocation, matches the length of...
2026-04-06 00:51:18,550 - INFO - Starting training for Dafny(55)
2026-04-06 00:51:18,550 - INFO - Starting/Resuming SLM training with sequence-level policy gradient...
2026-04-06 00:51:18,559 - INFO - Created checkpoint directory at: /u/mjha1/Proof2Silicon/journal_phase/checkpoints/run_CHK
2026-04-06 00:51:18,559 - INFO - 
Starting Epoch 1/5
2026-04-06 00:51:18,559 - INFO - Processing batch 1/1
2026-04-06 00:57:12,027 - INFO - HTTP Request: POST https://api.deepseek.com/chat/completions "HTTP/1.1 200 OK"
2026-04-06 00:57:31,847 - INFO - Step metrics - Reward: -2.648, Value: -1.3759765625, Log Prob: -7164.8408203125, Token Increase: 2048, KL: 0.0, Success: False
2026-04-06 00:57:31,847 - INFO - Reward breakdown: {'total_reward': -2.648, 'outcome_reward': 0.0, 'progress_reward': -0.2, 'structure_reward': -0.4, 'efficiency_reward': -2.048, 'stability_reward': -0.0} | Error counts: {'syntax': 1, 'type': 0, 'missing_invariant': 0, 'postcondition': 0, 'timeout': 0} | Structure: {'lemma_count': 0, 'recursion_count': 1, 'invariant_count': 2, 'ghost_var_count': 0}
2026-04-06 01:04:46,323 - INFO - HTTP Request: POST https://api.deepseek.com/chat/completions "HTTP/1.1 200 OK"
2026-04-06 01:05:11,273 - INFO - Step metrics - Reward: -0.9081508521199795, Value: 0.037750244140625, Log Prob: -4027.72802734375, Token Increase: 0, KL: 11.081508521199794, Success: False
2026-04-06 01:05:11,274 - INFO - Reward breakdown: {'total_reward': -0.9081508521199795, 'outcome_reward': 0.0, 'progress_reward': 0.2, 'structure_reward': 0.0, 'efficiency_reward': -0.0, 'stability_reward': -1.1081508521199794} | Error counts: {'syntax': 0, 'type': 0, 'missing_invariant': 0, 'postcondition': 0, 'timeout': 0} | Structure: {'lemma_count': 0, 'recursion_count': 1, 'invariant_count': 2, 'ghost_var_count': 0}
2026-04-06 01:12:52,411 - INFO - HTTP Request: POST https://api.deepseek.com/chat/completions "HTTP/1.1 200 OK"
2026-04-06 01:13:13,418 - INFO - Step metrics - Reward: -0.7087714567673175, Value: 0.26171875, Log Prob: -8352.6181640625, Token Increase: 0, KL: 13.087714567673174, Success: False
2026-04-06 01:13:13,420 - INFO - Reward breakdown: {'total_reward': -0.7087714567673175, 'outcome_reward': 0.0, 'progress_reward': 0.0, 'structure_reward': 0.6, 'efficiency_reward': -0.0, 'stability_reward': -1.3087714567673174} | Error counts: {'syntax': 0, 'type': 0, 'missing_invariant': 0, 'postcondition': 0, 'timeout': 0} | Structure: {'lemma_count': 0, 'recursion_count': 1, 'invariant_count': 4, 'ghost_var_count': 0}
2026-04-06 01:23:19,144 - INFO - Starting execution...
2026-04-06 01:23:19,145 - INFO - Processing folders in /u/mjha1/Proof2Silicon/journal_phase/test_folder_one
2026-04-06 01:25:04,061 - WARNING - Worker for Dafny(55): could not re-attach to W&B: Run initialization has timed out after 90.0 sec. Please try increasing the timeout with the `init_timeout` setting: `wandb.init(settings=wandb.Settings(init_timeout=120))`.
2026-04-06 01:25:04,270 - INFO - HTTP Request: HEAD https://huggingface.co/Qwen/Qwen2.5-1.5B-Instruct/resolve/main/config.json "HTTP/1.1 307 Temporary Redirect"
2026-04-06 01:25:04,278 - INFO - HTTP Request: HEAD https://huggingface.co/api/resolve-cache/models/Qwen/Qwen2.5-1.5B-Instruct/989aa7980e4cf806f80c7fef2b1adb7bc71aa306/config.json "HTTP/1.1 200 OK"
2026-04-06 01:25:04,345 - INFO - HTTP Request: HEAD https://huggingface.co/Qwen/Qwen2.5-1.5B-Instruct/resolve/main/tokenizer_config.json "HTTP/1.1 307 Temporary Redirect"
2026-04-06 01:25:04,353 - INFO - HTTP Request: HEAD https://huggingface.co/api/resolve-cache/models/Qwen/Qwen2.5-1.5B-Instruct/989aa7980e4cf806f80c7fef2b1adb7bc71aa306/tokenizer_config.json "HTTP/1.1 200 OK"
2026-04-06 01:25:04,405 - INFO - HTTP Request: GET https://huggingface.co/api/models/Qwen/Qwen2.5-1.5B-Instruct/tree/main/additional_chat_templates?recursive=false&expand=false "HTTP/1.1 404 Not Found"
2026-04-06 01:25:04,451 - INFO - HTTP Request: GET https://huggingface.co/api/models/Qwen/Qwen2.5-1.5B-Instruct/tree/main?recursive=true&expand=false "HTTP/1.1 200 OK"
2026-04-06 01:25:04,749 - INFO - HTTP Request: GET https://huggingface.co/api/models/Qwen/Qwen2.5-1.5B-Instruct "HTTP/1.1 200 OK"
2026-04-06 01:25:04,790 - INFO - HTTP Request: HEAD https://huggingface.co/Qwen/Qwen2.5-1.5B-Instruct/resolve/main/config.json "HTTP/1.1 307 Temporary Redirect"
2026-04-06 01:25:04,790 - WARNING - Warning: You are sending unauthenticated requests to the HF Hub. Please set a HF_TOKEN to enable higher rate limits and faster downloads.
2026-04-06 01:25:04,798 - INFO - HTTP Request: HEAD https://huggingface.co/api/resolve-cache/models/Qwen/Qwen2.5-1.5B-Instruct/989aa7980e4cf806f80c7fef2b1adb7bc71aa306/config.json "HTTP/1.1 200 OK"
2026-04-06 01:25:04,846 - INFO - HTTP Request: HEAD https://huggingface.co/Qwen/Qwen2.5-1.5B-Instruct/resolve/main/config.json "HTTP/1.1 307 Temporary Redirect"
2026-04-06 01:25:04,854 - INFO - HTTP Request: HEAD https://huggingface.co/api/resolve-cache/models/Qwen/Qwen2.5-1.5B-Instruct/989aa7980e4cf806f80c7fef2b1adb7bc71aa306/config.json "HTTP/1.1 200 OK"
2026-04-06 01:25:10,205 - INFO - HTTP Request: HEAD https://huggingface.co/Qwen/Qwen2.5-1.5B-Instruct/resolve/main/generation_config.json "HTTP/1.1 307 Temporary Redirect"
2026-04-06 01:25:10,214 - INFO - HTTP Request: HEAD https://huggingface.co/api/resolve-cache/models/Qwen/Qwen2.5-1.5B-Instruct/989aa7980e4cf806f80c7fef2b1adb7bc71aa306/generation_config.json "HTTP/1.1 200 OK"
2026-04-06 01:25:10,260 - INFO - HTTP Request: HEAD https://huggingface.co/Qwen/Qwen2.5-1.5B-Instruct/resolve/main/custom_generate/generate.py "HTTP/1.1 404 Not Found"
2026-04-06 01:25:10,620 - INFO - Skipping Dafny(55) because it appears already processed (found /u/mjha1/Proof2Silicon/journal_phase/dataset/epoch_0_Dafny(55)/iteration_1_results.json)
2026-04-06 01:25:12,058 - INFO - Saving final results...
2026-04-06 01:25:12,062 - INFO - Training completed successfully!
